rosbagTimestamp,header,seq,stamp,secs,nsecs,frame_id,pose,position,x,y,z,orientation,x,y,z,w
1520440529148859071,,30,,0,0,'',,,0.0,0.0,0.5,,0.0,0.0,0.0,0.0
1520440529199004002,,31,,0,0,'',,,0.0,0.0,0.5,,0.0,0.0,0.0,0.0
1520440529248944733,,32,,0,0,'',,,0.0,0.0,0.5,,0.0,0.0,0.0,0.0
1520440529299296505,,33,,0,0,'',,,0.0,0.0,0.5,,0.0,0.0,0.0,0.0
1520440529348983945,,34,,0,0,'',,,0.0,0.0,0.5,,0.0,0.0,0.0,0.0
1520440529399170441,,35,,0,0,'',,,0.0,0.0,0.5,,0.0,0.0,0.0,0.0
1520440529449058905,,36,,0,0,'',,,0.0,0.0,0.5,,0.0,0.0,0.0,0.0
1520440529499022886,,37,,0,0,'',,,0.0,0.0,0.5,,0.0,0.0,0.0,0.0
1520440529549304263,,38,,0,0,'',,,0.0,0.0,0.5,,0.0,0.0,0.0,0.0
1520440529599143726,,39,,0,0,'',,,0.0,0.0,0.5,,0.0,0.0,0.0,0.0
1520440529649310065,,40,,0,0,'',,,0.0,0.0,0.5,,0.0,0.0,0.0,0.0
1520440529698994164,,41,,0,0,'',,,0.0,0.0,0.5,,0.0,0.0,0.0,0.0
1520440529749205595,,42,,0,0,'',,,0.0,0.0,0.5,,0.0,0.0,0.0,0.0
1520440529799124540,,43,,0,0,'',,,0.0,0.0,0.5,,0.0,0.0,0.0,0.0
1520440529848997469,,44,,0,0,'',,,0.0,0.0,0.5,,0.0,0.0,0.0,0.0
1520440529899229122,,45,,0,0,'',,,0.0,0.0,0.5,,0.0,0.0,0.0,0.0
1520440529949109625,,46,,0,0,'',,,0.0,0.0,0.5,,0.0,0.0,0.0,0.0
1520440529999359558,,47,,0,0,'',,,0.0,0.0,0.5,,0.0,0.0,0.0,0.0
1520440530049386169,,48,,0,0,'',,,0.0,0.0,0.5,,0.0,0.0,0.0,0.0
1520440530099056635,,49,,0,0,'',,,0.0,0.0,0.5,,0.0,0.0,0.0,0.0
1520440530149188251,,50,,0,0,'',,,0.0,0.0,0.5,,0.0,0.0,0.0,0.0
1520440530199116771,,51,,0,0,'',,,0.0,0.0,0.5,,0.0,0.0,0.0,0.0
1520440530249110340,,52,,0,0,'',,,0.0,0.0,0.5,,0.0,0.0,0.0,0.0
1520440530299245002,,53,,0,0,'',,,0.0,0.0,0.5,,0.0,0.0,0.0,0.0
1520440530349237379,,54,,0,0,'',,,0.0,0.0,0.5,,0.0,0.0,0.0,0.0
1520440530399085345,,55,,0,0,'',,,0.0,0.0,0.5,,0.0,0.0,0.0,0.0
1520440530449047285,,56,,0,0,'',,,0.0,0.0,0.5,,0.0,0.0,0.0,0.0
1520440530499305703,,57,,0,0,'',,,0.0,0.0,0.5,,0.0,0.0,0.0,0.0
1520440530549032389,,58,,0,0,'',,,0.0,0.0,0.5,,0.0,0.0,0.0,0.0
1520440530599037432,,59,,0,0,'',,,0.0,0.0,0.5,,0.0,0.0,0.0,0.0
1520440530649181639,,60,,0,0,'',,,0.0,0.0,0.5,,0.0,0.0,0.0,0.0
1520440530699259288,,61,,0,0,'',,,0.0,0.0,0.5,,0.0,0.0,0.0,0.0
1520440530749201623,,62,,0,0,'',,,0.0,0.0,0.5,,0.0,0.0,0.0,0.0
1520440530799188255,,63,,0,0,'',,,0.0,0.0,0.5,,0.0,0.0,0.0,0.0
1520440530849070651,,64,,0,0,'',,,0.0,0.0,0.5,,0.0,0.0,0.0,0.0
1520440530899097519,,65,,0,0,'',,,0.0,0.0,0.5,,0.0,0.0,0.0,0.0
1520440530948949508,,66,,0,0,'',,,0.0,0.0,0.5,,0.0,0.0,0.0,0.0
1520440530999168202,,67,,0,0,'',,,0.0,0.0,0.5,,0.0,0.0,0.0,0.0
1520440531049160480,,68,,0,0,'',,,0.0,0.0,0.5,,0.0,0.0,0.0,0.0
1520440531099268466,,69,,0,0,'',,,0.0,0.0,0.5,,0.0,0.0,0.0,0.0
1520440531149154145,,70,,0,0,'',,,0.0,0.0,0.5,,0.0,0.0,0.0,0.0
1520440531199326749,,71,,0,0,'',,,0.0,0.0,0.5,,0.0,0.0,0.0,0.0
1520440531249032604,,72,,0,0,'',,,0.0,0.0,0.5,,0.0,0.0,0.0,0.0
1520440531298970026,,73,,0,0,'',,,0.0,0.0,0.5,,0.0,0.0,0.0,0.0
1520440531349053884,,74,,0,0,'',,,0.0,0.0,0.5,,0.0,0.0,0.0,0.0
1520440531399046338,,75,,0,0,'',,,0.0,0.0,0.5,,0.0,0.0,0.0,0.0
1520440531449184240,,76,,0,0,'',,,0.0,0.0,0.5,,0.0,0.0,0.0,0.0
1520440531499285534,,77,,0,0,'',,,0.0,0.0,0.5,,0.0,0.0,0.0,0.0
1520440531549458658,,78,,0,0,'',,,0.0,0.0,0.5,,0.0,0.0,0.0,0.0
1520440531599345905,,79,,0,0,'',,,0.0,0.0,0.5,,0.0,0.0,0.0,0.0
1520440531648997759,,80,,0,0,'',,,0.0,0.0,0.5,,0.0,0.0,0.0,0.0
1520440531699009790,,81,,0,0,'',,,0.0,0.0,0.5,,0.0,0.0,0.0,0.0
1520440531749154599,,82,,0,0,'',,,0.0,0.0,0.5,,0.0,0.0,0.0,0.0
1520440531798989561,,83,,0,0,'',,,0.0,0.0,0.5,,0.0,0.0,0.0,0.0
1520440531849016595,,84,,0,0,'',,,0.0,0.0,0.5,,0.0,0.0,0.0,0.0
1520440531899054214,,85,,0,0,'',,,0.0,0.0,0.5,,0.0,0.0,0.0,0.0
1520440531949059276,,86,,0,0,'',,,0.0,0.0,0.5,,0.0,0.0,0.0,0.0
1520440531999075176,,87,,0,0,'',,,0.0,0.0,0.5,,0.0,0.0,0.0,0.0
1520440532049191362,,88,,0,0,'',,,0.0,0.0,0.5,,0.0,0.0,0.0,0.0
1520440532099199524,,89,,0,0,'',,,0.0,0.0,0.5,,0.0,0.0,0.0,0.0
1520440532149077809,,90,,0,0,'',,,0.0,0.0,0.5,,0.0,0.0,0.0,0.0
1520440532199205487,,91,,0,0,'',,,0.0,0.0,0.5,,0.0,0.0,0.0,0.0
1520440532249153456,,92,,0,0,'',,,0.0,0.0,0.5,,0.0,0.0,0.0,0.0
1520440532299010931,,93,,0,0,'',,,0.0,0.0,0.5,,0.0,0.0,0.0,0.0
1520440532349292794,,94,,0,0,'',,,0.0,0.0,0.5,,0.0,0.0,0.0,0.0
1520440532399042524,,95,,0,0,'',,,0.0,0.0,0.5,,0.0,0.0,0.0,0.0
1520440532449169625,,96,,0,0,'',,,0.0,0.0,0.5,,0.0,0.0,0.0,0.0
1520440532499254565,,97,,0,0,'',,,0.0,0.0,0.5,,0.0,0.0,0.0,0.0
1520440532548992634,,98,,0,0,'',,,0.0,0.0,0.5,,0.0,0.0,0.0,0.0
1520440532599246213,,99,,0,0,'',,,0.0,0.0,0.5,,0.0,0.0,0.0,0.0
1520440532648828033,,100,,0,0,'',,,0.0,0.0,0.5,,0.0,0.0,0.0,0.0
1520440532699028946,,101,,0,0,'',,,0.0,0.0,0.5,,0.0,0.0,0.0,0.0
1520440532749130828,,102,,0,0,'',,,0.0,0.0,0.5,,0.0,0.0,0.0,0.0
1520440532799151050,,103,,0,0,'',,,0.0,0.0,0.5,,0.0,0.0,0.0,0.0
1520440532849064019,,104,,0,0,'',,,0.0,0.0,0.5,,0.0,0.0,0.0,0.0
1520440532898996669,,105,,0,0,'',,,0.0,0.0,0.5,,0.0,0.0,0.0,0.0
1520440532949053351,,106,,0,0,'',,,0.0,0.0,0.5,,0.0,0.0,0.0,0.0
1520440532999223354,,107,,0,0,'',,,0.0,0.0,0.5,,0.0,0.0,0.0,0.0
1520440533048833725,,108,,0,0,'',,,0.0,0.0,0.5,,0.0,0.0,0.0,0.0
1520440533099082905,,109,,0,0,'',,,0.0,0.0,0.5,,0.0,0.0,0.0,0.0
1520440533149038342,,110,,0,0,'',,,0.0,0.0,0.5,,0.0,0.0,0.0,0.0
1520440533199018884,,111,,0,0,'',,,0.0,0.0,0.5,,0.0,0.0,0.0,0.0
1520440533249078695,,112,,0,0,'',,,0.0,0.0,0.5,,0.0,0.0,0.0,0.0
1520440533299240571,,113,,0,0,'',,,0.0,0.0,0.5,,0.0,0.0,0.0,0.0
1520440533349069534,,114,,0,0,'',,,0.0,0.0,0.5,,0.0,0.0,0.0,0.0
1520440533399107595,,115,,0,0,'',,,0.0,0.0,0.5,,0.0,0.0,0.0,0.0
1520440533449031956,,116,,0,0,'',,,0.0,0.0,0.5,,0.0,0.0,0.0,0.0
1520440533499137161,,117,,0,0,'',,,0.0,0.0,0.5,,0.0,0.0,0.0,0.0
1520440533549061208,,118,,0,0,'',,,0.0,0.0,0.5,,0.0,0.0,0.0,0.0
1520440533599124371,,119,,0,0,'',,,0.0,0.0,0.5,,0.0,0.0,0.0,0.0
1520440533649231448,,120,,0,0,'',,,0.0,0.0,0.5,,0.0,0.0,0.0,0.0
1520440533699069855,,121,,0,0,'',,,0.0,0.0,0.5,,0.0,0.0,0.0,0.0
1520440533749303034,,122,,0,0,'',,,0.0,0.0,0.5,,0.0,0.0,0.0,0.0
1520440533799105379,,123,,0,0,'',,,0.0,0.0,0.5,,0.0,0.0,0.0,0.0
1520440533849032909,,124,,0,0,'',,,0.0,0.0,0.5,,0.0,0.0,0.0,0.0
1520440533899015554,,125,,0,0,'',,,0.0,0.0,0.5,,0.0,0.0,0.0,0.0
1520440533948992386,,126,,0,0,'',,,0.0,0.0,0.5,,0.0,0.0,0.0,0.0
1520440533999057781,,127,,0,0,'',,,0.0,0.0,0.5,,0.0,0.0,0.0,0.0
1520440534049157949,,128,,0,0,'',,,0.0,0.0,0.5,,0.0,0.0,0.0,0.0
1520440534099079344,,129,,0,0,'',,,0.0,0.0,0.5,,0.0,0.0,0.0,0.0
1520440534148992145,,130,,0,0,'',,,0.0,0.0,0.5,,0.0,0.0,0.0,0.0
1520440534199011429,,131,,0,0,'',,,0.0,0.0,0.5,,0.0,0.0,0.0,0.0
1520440534248942891,,132,,0,0,'',,,0.0,0.0,0.5,,0.0,0.0,0.0,0.0
1520440534299242236,,133,,0,0,'',,,0.0,0.0,0.5,,0.0,0.0,0.0,0.0
1520440534349354450,,134,,0,0,'',,,0.0,0.0,0.5,,0.0,0.0,0.0,0.0
1520440534398831863,,135,,0,0,'',,,0.0,0.0,0.5,,0.0,0.0,0.0,0.0
1520440534448964359,,136,,0,0,'',,,0.0,0.0,0.5,,0.0,0.0,0.0,0.0
1520440534499183349,,137,,0,0,'',,,0.0,0.0,0.5,,0.0,0.0,0.0,0.0
1520440534549112187,,138,,0,0,'',,,0.0,0.0,0.5,,0.0,0.0,0.0,0.0
1520440534599125276,,139,,0,0,'',,,0.0,0.0,0.5,,0.0,0.0,0.0,0.0
1520440534649181525,,140,,0,0,'',,,0.0,0.0,0.5,,0.0,0.0,0.0,0.0
1520440534699122007,,141,,0,0,'',,,0.0,0.0,0.5,,0.0,0.0,0.0,0.0
1520440534748991946,,142,,0,0,'',,,0.0,0.0,0.5,,0.0,0.0,0.0,0.0
1520440534799003335,,143,,0,0,'',,,0.0,0.0,0.5,,0.0,0.0,0.0,0.0
1520440534849093104,,144,,0,0,'',,,0.0,0.0,0.5,,0.0,0.0,0.0,0.0
1520440534899019280,,145,,0,0,'',,,0.0,0.0,0.5,,0.0,0.0,0.0,0.0
1520440534949344373,,146,,0,0,'',,,0.0,0.0,0.5,,0.0,0.0,0.0,0.0
1520440534999277993,,147,,0,0,'',,,0.0,0.0,0.5,,0.0,0.0,0.0,0.0
1520440535048857896,,148,,0,0,'',,,0.0,0.0,0.5,,0.0,0.0,0.0,0.0
1520440535099292349,,149,,0,0,'',,,0.0,0.0,0.5,,0.0,0.0,0.0,0.0
1520440535148843953,,150,,0,0,'',,,0.0,0.0,0.5,,0.0,0.0,0.0,0.0
1520440535199328890,,151,,0,0,'',,,0.0,0.0,0.5,,0.0,0.0,0.0,0.0
1520440535249225507,,152,,0,0,'',,,0.0,0.0,0.5,,0.0,0.0,0.0,0.0
1520440535299152612,,153,,0,0,'',,,0.0,0.0,0.5,,0.0,0.0,0.0,0.0
1520440535348858700,,154,,0,0,'',,,0.0,0.0,0.5,,0.0,0.0,0.0,0.0
1520440535399079602,,155,,0,0,'',,,0.0,0.0,0.5,,0.0,0.0,0.0,0.0
1520440535449603315,,156,,0,0,'',,,0.0,0.0,0.5,,0.0,0.0,0.0,0.0
1520440535499111403,,157,,0,0,'',,,0.0,0.0,0.5,,0.0,0.0,0.0,0.0
1520440535549027983,,158,,0,0,'',,,0.0,0.0,0.5,,0.0,0.0,0.0,0.0
1520440535599017434,,159,,0,0,'',,,0.0,0.0,0.5,,0.0,0.0,0.0,0.0
1520440535648994760,,160,,0,0,'',,,0.0,0.0,0.5,,0.0,0.0,0.0,0.0
1520440535699282918,,161,,0,0,'',,,0.0,0.0,0.5,,0.0,0.0,0.0,0.0
1520440535749140337,,162,,0,0,'',,,0.0,0.0,0.5,,0.0,0.0,0.0,0.0
1520440535799162495,,163,,0,0,'',,,0.0,0.0,0.5,,0.0,0.0,0.0,0.0
1520440535848951200,,164,,0,0,'',,,0.0,0.0,0.5,,0.0,0.0,0.0,0.0
1520440535899053326,,165,,0,0,'',,,0.0,0.0,0.5,,0.0,0.0,0.0,0.0
1520440535948930475,,166,,0,0,'',,,0.0,0.0,0.5,,0.0,0.0,0.0,0.0
1520440535999286699,,167,,0,0,'',,,0.0,0.0,0.5,,0.0,0.0,0.0,0.0
1520440536049074352,,168,,0,0,'',,,0.0,0.0,0.5,,0.0,0.0,0.0,0.0
1520440536099082170,,169,,0,0,'',,,0.0,0.0,0.5,,0.0,0.0,0.0,0.0
1520440536149248048,,170,,0,0,'',,,0.0,0.0,0.5,,0.0,0.0,0.0,0.0
1520440536199076732,,171,,0,0,'',,,0.0,0.0,0.5,,0.0,0.0,0.0,0.0
1520440536249133742,,172,,0,0,'',,,0.0,0.0,0.5,,0.0,0.0,0.0,0.0
1520440536299150185,,173,,0,0,'',,,0.0,0.0,0.5,,0.0,0.0,0.0,0.0
1520440536349219910,,174,,0,0,'',,,0.0,0.0,0.5,,0.0,0.0,0.0,0.0
1520440536399367163,,175,,0,0,'',,,0.0,0.0,0.5,,0.0,0.0,0.0,0.0
1520440536449059312,,176,,0,0,'',,,0.0,0.0,0.5,,0.0,0.0,0.0,0.0
1520440536499003839,,177,,0,0,'',,,0.0,0.0,0.5,,0.0,0.0,0.0,0.0
1520440536548974055,,178,,0,0,'',,,0.0,0.0,0.5,,0.0,0.0,0.0,0.0
1520440536599178990,,179,,0,0,'',,,0.0,0.0,0.5,,0.0,0.0,0.0,0.0
1520440536649145326,,180,,0,0,'',,,0.0,0.0,0.5,,0.0,0.0,0.0,0.0
1520440536698999754,,181,,0,0,'',,,0.0,0.0,0.5,,0.0,0.0,0.0,0.0
1520440536749014103,,182,,0,0,'',,,0.0,0.0,0.5,,0.0,0.0,0.0,0.0
1520440536798994016,,183,,0,0,'',,,0.0,0.0,0.5,,0.0,0.0,0.0,0.0
1520440536849153626,,184,,0,0,'',,,0.0,0.0,0.5,,0.0,0.0,0.0,0.0
1520440536899108205,,185,,0,0,'',,,0.0,0.0,0.5,,0.0,0.0,0.0,0.0
1520440536949125270,,186,,0,0,'',,,0.0,0.0,0.5,,0.0,0.0,0.0,0.0
1520440536999053051,,187,,0,0,'',,,0.0,0.0,0.5,,0.0,0.0,0.0,0.0
1520440537049052344,,188,,0,0,'',,,0.0,0.0,0.5,,0.0,0.0,0.0,0.0
1520440537099105671,,189,,0,0,'',,,0.0,0.0,0.5,,0.0,0.0,0.0,0.0
1520440537149259399,,190,,0,0,'',,,0.0,0.0,0.5,,0.0,0.0,0.0,0.0
1520440537199001729,,191,,0,0,'',,,0.0,0.0,0.5,,0.0,0.0,0.0,0.0
1520440537249127255,,192,,0,0,'',,,0.0,0.0,0.5,,0.0,0.0,0.0,0.0
1520440537299130737,,193,,0,0,'',,,0.0,0.0,0.5,,0.0,0.0,0.0,0.0
1520440537349124767,,194,,0,0,'',,,0.0,0.0,0.5,,0.0,0.0,0.0,0.0
1520440537399056411,,195,,0,0,'',,,0.0,0.0,0.5,,0.0,0.0,0.0,0.0
1520440537449031374,,196,,0,0,'',,,0.0,0.0,0.5,,0.0,0.0,0.0,0.0
1520440537498994525,,197,,0,0,'',,,0.0,0.0,0.5,,0.0,0.0,0.0,0.0
1520440537549102695,,198,,0,0,'',,,0.0,0.0,0.5,,0.0,0.0,0.0,0.0
1520440537599094374,,199,,0,0,'',,,0.0,0.0,0.5,,0.0,0.0,0.0,0.0
1520440537651661151,,200,,0,0,'',,,0.0,0.0,0.5,,0.0,0.0,0.0,0.0
1520440537699119731,,201,,0,0,'',,,0.0,0.0,0.5,,0.0,0.0,0.0,0.0
1520440537749058776,,202,,0,0,'',,,0.0,0.0,0.5,,0.0,0.0,0.0,0.0
1520440537799030839,,203,,0,0,'',,,0.0,0.0,0.5,,0.0,0.0,0.0,0.0
1520440537849114201,,204,,0,0,'',,,0.0,0.0,0.5,,0.0,0.0,0.0,0.0
1520440537899080309,,205,,0,0,'',,,0.0,0.0,0.5,,0.0,0.0,0.0,0.0
1520440537949236099,,206,,0,0,'',,,0.0,0.0,0.5,,0.0,0.0,0.0,0.0
1520440537999139726,,207,,0,0,'',,,0.0,0.0,0.5,,0.0,0.0,0.0,0.0
1520440538049005561,,208,,0,0,'',,,0.0,0.0,0.5,,0.0,0.0,0.0,0.0
1520440538099085911,,209,,0,0,'',,,0.0,0.0,0.5,,0.0,0.0,0.0,0.0
1520440538149111033,,210,,0,0,'',,,0.0,0.0,0.5,,0.0,0.0,0.0,0.0
1520440538198923748,,211,,0,0,'',,,0.0,0.0,0.5,,0.0,0.0,0.0,0.0
1520440538249135558,,212,,0,0,'',,,0.0,0.0,0.5,,0.0,0.0,0.0,0.0
1520440538299138311,,213,,0,0,'',,,0.0,0.0,0.5,,0.0,0.0,0.0,0.0
1520440538349083574,,214,,0,0,'',,,0.0,0.0,0.5,,0.0,0.0,0.0,0.0
1520440538399277163,,215,,0,0,'',,,0.0,0.0,0.5,,0.0,0.0,0.0,0.0
1520440538449186687,,216,,0,0,'',,,0.0,0.0,0.5,,0.0,0.0,0.0,0.0
1520440538499109966,,217,,0,0,'',,,0.0,0.0,0.5,,0.0,0.0,0.0,0.0
1520440538549118341,,218,,0,0,'',,,0.0,0.0,0.5,,0.0,0.0,0.0,0.0
1520440538599026389,,219,,0,0,'',,,0.0,0.0,0.5,,0.0,0.0,0.0,0.0
1520440538649270114,,220,,0,0,'',,,0.0,0.0,0.5,,0.0,0.0,0.0,0.0
1520440538699091599,,221,,0,0,'',,,0.0,0.0,0.5,,0.0,0.0,0.0,0.0
1520440538749296564,,222,,0,0,'',,,0.0,0.0,0.5,,0.0,0.0,0.0,0.0
1520440538799028971,,223,,0,0,'',,,0.0,0.0,0.5,,0.0,0.0,0.0,0.0
1520440538849009590,,224,,0,0,'',,,0.0,0.0,0.5,,0.0,0.0,0.0,0.0
1520440538899093948,,225,,0,0,'',,,0.0,0.0,0.5,,0.0,0.0,0.0,0.0
1520440538948949415,,226,,0,0,'',,,0.0,0.0,0.5,,0.0,0.0,0.0,0.0
1520440538999372474,,227,,0,0,'',,,0.0,0.0,0.5,,0.0,0.0,0.0,0.0
1520440539049017101,,228,,0,0,'',,,0.0,0.0,0.5,,0.0,0.0,0.0,0.0
1520440539099122534,,229,,0,0,'',,,0.0,0.0,0.5,,0.0,0.0,0.0,0.0
1520440539149447701,,230,,0,0,'',,,0.0,0.0,0.5,,0.0,0.0,0.0,0.0
1520440539199071104,,231,,0,0,'',,,0.0,0.0,0.5,,0.0,0.0,0.0,0.0
1520440539249109555,,232,,0,0,'',,,0.0,0.0,0.5,,0.0,0.0,0.0,0.0
1520440539299060296,,233,,0,0,'',,,0.0,0.0,0.5,,0.0,0.0,0.0,0.0
1520440539349301531,,234,,0,0,'',,,0.0,0.0,0.5,,0.0,0.0,0.0,0.0
1520440539398900657,,235,,0,0,'',,,0.0,0.0,0.5,,0.0,0.0,0.0,0.0
1520440539449139944,,236,,0,0,'',,,0.0,0.0,0.5,,0.0,0.0,0.0,0.0
1520440539498843919,,237,,0,0,'',,,0.0,0.0,0.5,,0.0,0.0,0.0,0.0
1520440539548985371,,238,,0,0,'',,,0.0,0.0,0.5,,0.0,0.0,0.0,0.0
1520440539599289617,,239,,0,0,'',,,0.0,0.0,0.5,,0.0,0.0,0.0,0.0
1520440539649324296,,240,,0,0,'',,,0.0,0.0,0.5,,0.0,0.0,0.0,0.0
1520440539700638842,,241,,0,0,'',,,0.0,0.0,0.5,,0.0,0.0,0.0,0.0
1520440539749068856,,242,,0,0,'',,,0.0,0.0,0.5,,0.0,0.0,0.0,0.0
1520440539799032588,,243,,0,0,'',,,0.0,0.0,0.5,,0.0,0.0,0.0,0.0
1520440539849058722,,244,,0,0,'',,,0.0,0.0,0.5,,0.0,0.0,0.0,0.0
1520440539899051119,,245,,0,0,'',,,0.0,0.0,0.5,,0.0,0.0,0.0,0.0
1520440539949116879,,246,,0,0,'',,,0.0,0.0,0.5,,0.0,0.0,0.0,0.0
1520440539999241331,,247,,0,0,'',,,0.0,0.0,0.5,,0.0,0.0,0.0,0.0
1520440540049020901,,248,,0,0,'',,,0.0,0.0,0.5,,0.0,0.0,0.0,0.0
1520440540099284172,,249,,0,0,'',,,0.0,0.0,0.5,,0.0,0.0,0.0,0.0
1520440540149085390,,250,,0,0,'',,,0.0,0.0,0.5,,0.0,0.0,0.0,0.0
1520440540199226702,,251,,0,0,'',,,0.0,0.0,0.5,,0.0,0.0,0.0,0.0
1520440540249118502,,252,,0,0,'',,,0.0,0.0,0.5,,0.0,0.0,0.0,0.0
1520440540299000494,,253,,0,0,'',,,0.0,0.0,0.5,,0.0,0.0,0.0,0.0
1520440540349005556,,254,,0,0,'',,,0.0,0.0,0.5,,0.0,0.0,0.0,0.0
1520440540399036821,,255,,0,0,'',,,0.0,0.0,0.5,,0.0,0.0,0.0,0.0
1520440540449199526,,256,,0,0,'',,,0.0,0.0,0.5,,0.0,0.0,0.0,0.0
1520440540499334055,,257,,0,0,'',,,0.0,0.0,0.5,,0.0,0.0,0.0,0.0
1520440540549041703,,258,,0,0,'',,,0.0,0.0,0.5,,0.0,0.0,0.0,0.0
1520440540599197071,,259,,0,0,'',,,0.0,0.0,0.5,,0.0,0.0,0.0,0.0
1520440540649299612,,260,,0,0,'',,,0.0,0.0,0.5,,0.0,0.0,0.0,0.0
1520440540699294105,,261,,0,0,'',,,0.0,0.0,0.5,,0.0,0.0,0.0,0.0
1520440540749072356,,262,,0,0,'',,,0.0,0.0,0.5,,0.0,0.0,0.0,0.0
1520440540799126356,,263,,0,0,'',,,0.0,0.0,0.5,,0.0,0.0,0.0,0.0
1520440540849026915,,264,,0,0,'',,,0.0,0.0,0.5,,0.0,0.0,0.0,0.0
1520440540898958464,,265,,0,0,'',,,0.0,0.0,0.5,,0.0,0.0,0.0,0.0
1520440540949001938,,266,,0,0,'',,,0.0,0.0,0.5,,0.0,0.0,0.0,0.0
1520440540999097103,,267,,0,0,'',,,0.0,0.0,0.5,,0.0,0.0,0.0,0.0
1520440541049181784,,268,,0,0,'',,,0.0,0.0,0.5,,0.0,0.0,0.0,0.0
1520440541099065720,,269,,0,0,'',,,0.0,0.0,0.5,,0.0,0.0,0.0,0.0
1520440541149118737,,270,,0,0,'',,,0.0,0.0,0.5,,0.0,0.0,0.0,0.0
1520440541199133942,,271,,0,0,'',,,0.0,0.0,0.5,,0.0,0.0,0.0,0.0
1520440541249267601,,272,,0,0,'',,,0.0,0.0,0.5,,0.0,0.0,0.0,0.0
1520440541299334541,,273,,0,0,'',,,0.0,0.0,0.5,,0.0,0.0,0.0,0.0
1520440541348994306,,274,,0,0,'',,,0.0,0.0,0.5,,0.0,0.0,0.0,0.0
1520440541399104458,,275,,0,0,'',,,0.0,0.0,0.5,,0.0,0.0,0.0,0.0
1520440541449013019,,276,,0,0,'',,,0.0,0.0,0.5,,0.0,0.0,0.0,0.0
1520440541499038481,,277,,0,0,'',,,0.0,0.0,0.5,,0.0,0.0,0.0,0.0
1520440541549142196,,278,,0,0,'',,,0.0,0.0,0.5,,0.0,0.0,0.0,0.0
1520440541599051800,,279,,0,0,'',,,0.0,0.0,0.5,,0.0,0.0,0.0,0.0
1520440541649114804,,280,,0,0,'',,,0.0,0.0,0.5,,0.0,0.0,0.0,0.0
1520440541698954946,,281,,0,0,'',,,0.0,0.0,0.5,,0.0,0.0,0.0,0.0
1520440541749119155,,282,,0,0,'',,,0.0,0.0,0.5,,0.0,0.0,0.0,0.0
1520440541799089447,,283,,0,0,'',,,0.0,0.0,0.5,,0.0,0.0,0.0,0.0
1520440541849112285,,284,,0,0,'',,,0.0,0.0,0.5,,0.0,0.0,0.0,0.0
1520440541899095120,,285,,0,0,'',,,0.0,0.0,0.5,,0.0,0.0,0.0,0.0
1520440541949137138,,286,,0,0,'',,,0.0,0.0,0.5,,0.0,0.0,0.0,0.0
1520440541999134243,,287,,0,0,'',,,0.0,0.0,0.5,,0.0,0.0,0.0,0.0
1520440542049080743,,288,,0,0,'',,,0.0,0.0,0.5,,0.0,0.0,0.0,0.0
1520440542099125162,,289,,0,0,'',,,0.0,0.0,0.5,,0.0,0.0,0.0,0.0
1520440542149185489,,290,,0,0,'',,,0.0,0.0,0.5,,0.0,0.0,0.0,0.0
1520440542199122683,,291,,0,0,'',,,0.0,0.0,0.5,,0.0,0.0,0.0,0.0
1520440542248976125,,292,,0,0,'',,,0.0,0.0,0.5,,0.0,0.0,0.0,0.0
1520440542298933876,,293,,0,0,'',,,0.0,0.0,0.5,,0.0,0.0,0.0,0.0
1520440542349261257,,294,,0,0,'',,,0.0,0.0,0.5,,0.0,0.0,0.0,0.0
1520440542399055780,,295,,0,0,'',,,0.0,0.0,0.5,,0.0,0.0,0.0,0.0
1520440542449195266,,296,,0,0,'',,,0.0,0.0,0.5,,0.0,0.0,0.0,0.0
1520440542499007181,,297,,0,0,'',,,0.0,0.0,0.5,,0.0,0.0,0.0,0.0
1520440542549151632,,298,,0,0,'',,,0.0,0.0,0.5,,0.0,0.0,0.0,0.0
1520440542599009271,,299,,0,0,'',,,0.0,0.0,0.5,,0.0,0.0,0.0,0.0
1520440542649074418,,300,,0,0,'',,,0.0,0.0,0.5,,0.0,0.0,0.0,0.0
1520440542752054022,,301,,0,0,'',,,0.0,0.0,0.5,,0.0,0.0,0.0,0.0
1520440542752078228,,302,,0,0,'',,,0.0,0.0,0.5,,0.0,0.0,0.0,0.0
1520440542799131758,,303,,0,0,'',,,0.0,0.0,0.5,,0.0,0.0,0.0,0.0
1520440542848915185,,304,,0,0,'',,,0.0,0.0,0.5,,0.0,0.0,0.0,0.0
1520440542898970332,,305,,0,0,'',,,0.0,0.0,0.5,,0.0,0.0,0.0,0.0
1520440542948965597,,306,,0,0,'',,,0.0,0.0,0.5,,0.0,0.0,0.0,0.0
1520440542999148942,,307,,0,0,'',,,0.0,0.0,0.5,,0.0,0.0,0.0,0.0
1520440543049072473,,308,,0,0,'',,,0.0,0.0,0.5,,0.0,0.0,0.0,0.0
1520440543099026002,,309,,0,0,'',,,0.0,0.0,0.5,,0.0,0.0,0.0,0.0
1520440543149195837,,310,,0,0,'',,,0.0,0.0,0.5,,0.0,0.0,0.0,0.0
1520440543199082600,,311,,0,0,'',,,0.0,0.0,0.5,,0.0,0.0,0.0,0.0
1520440543249375713,,312,,0,0,'',,,0.0,0.0,0.5,,0.0,0.0,0.0,0.0
1520440543299162942,,313,,0,0,'',,,0.0,0.0,0.5,,0.0,0.0,0.0,0.0
1520440543349117464,,314,,0,0,'',,,0.0,0.0,0.5,,0.0,0.0,0.0,0.0
1520440543399032236,,315,,0,0,'',,,0.0,0.0,0.5,,0.0,0.0,0.0,0.0
1520440543449321509,,316,,0,0,'',,,0.0,0.0,0.5,,0.0,0.0,0.0,0.0
1520440543499019189,,317,,0,0,'',,,0.0,0.0,0.5,,0.0,0.0,0.0,0.0
1520440543549034820,,318,,0,0,'',,,0.0,0.0,0.5,,0.0,0.0,0.0,0.0
1520440543599105577,,319,,0,0,'',,,0.0,0.0,0.5,,0.0,0.0,0.0,0.0
1520440543649105316,,320,,0,0,'',,,0.0,0.0,0.5,,0.0,0.0,0.0,0.0
1520440543699164450,,321,,0,0,'',,,0.0,0.0,0.5,,0.0,0.0,0.0,0.0
1520440543749037881,,322,,0,0,'',,,0.0,0.0,0.5,,0.0,0.0,0.0,0.0
1520440543799144900,,323,,0,0,'',,,0.0,0.0,0.5,,0.0,0.0,0.0,0.0
1520440543848995333,,324,,0,0,'',,,0.0,0.0,0.5,,0.0,0.0,0.0,0.0
1520440543899203101,,325,,0,0,'',,,0.0,0.0,0.5,,0.0,0.0,0.0,0.0
1520440543949320675,,326,,0,0,'',,,0.0,0.0,0.5,,0.0,0.0,0.0,0.0
1520440543999058969,,327,,0,0,'',,,0.0,0.0,0.5,,0.0,0.0,0.0,0.0
1520440544049004171,,328,,0,0,'',,,0.0,0.0,0.5,,0.0,0.0,0.0,0.0
1520440544099256564,,329,,0,0,'',,,0.0,0.0,0.5,,0.0,0.0,0.0,0.0
1520440544149415193,,330,,0,0,'',,,0.0,0.0,0.5,,0.0,0.0,0.0,0.0
1520440544199065224,,331,,0,0,'',,,0.0,0.0,0.5,,0.0,0.0,0.0,0.0
1520440544249273660,,332,,0,0,'',,,0.0,0.0,0.5,,0.0,0.0,0.0,0.0
1520440544299026407,,333,,0,0,'',,,0.0,0.0,0.5,,0.0,0.0,0.0,0.0
1520440544349012021,,334,,0,0,'',,,0.0,0.0,0.5,,0.0,0.0,0.0,0.0
1520440544399017564,,335,,0,0,'',,,0.0,0.0,0.5,,0.0,0.0,0.0,0.0
1520440544448908137,,336,,0,0,'',,,0.0,0.0,0.5,,0.0,0.0,0.0,0.0
1520440544499274260,,337,,0,0,'',,,0.0,0.0,0.5,,0.0,0.0,0.0,0.0
1520440544549028449,,338,,0,0,'',,,0.0,0.0,0.5,,0.0,0.0,0.0,0.0
1520440544599124800,,339,,0,0,'',,,0.0,0.0,0.5,,0.0,0.0,0.0,0.0
1520440544649217270,,340,,0,0,'',,,0.0,0.0,0.5,,0.0,0.0,0.0,0.0
1520440544699117758,,341,,0,0,'',,,0.0,0.0,0.5,,0.0,0.0,0.0,0.0
1520440544749228705,,342,,0,0,'',,,0.0,0.0,0.5,,0.0,0.0,0.0,0.0
1520440544799052967,,343,,0,0,'',,,0.0,0.0,0.5,,0.0,0.0,0.0,0.0
1520440544849051784,,344,,0,0,'',,,0.0,0.0,0.5,,0.0,0.0,0.0,0.0
1520440544899036410,,345,,0,0,'',,,0.0,0.0,0.5,,0.0,0.0,0.0,0.0
1520440544949355974,,346,,0,0,'',,,0.0,0.0,0.5,,0.0,0.0,0.0,0.0
1520440544999108790,,347,,0,0,'',,,0.0,0.0,0.5,,0.0,0.0,0.0,0.0
1520440545049522006,,348,,0,0,'',,,0.0,0.0,0.5,,0.0,0.0,0.0,0.0
1520440545099169068,,349,,0,0,'',,,0.0,0.0,0.5,,0.0,0.0,0.0,0.0
1520440545149275136,,350,,0,0,'',,,0.0,0.0,0.5,,0.0,0.0,0.0,0.0
1520440545199378835,,351,,0,0,'',,,0.0,0.0,0.5,,0.0,0.0,0.0,0.0
1520440545249585394,,352,,0,0,'',,,0.0,0.0,0.5,,0.0,0.0,0.0,0.0
1520440545299095653,,353,,0,0,'',,,0.0,0.0,0.5,,0.0,0.0,0.0,0.0
1520440545349360257,,354,,0,0,'',,,0.0,0.0,0.5,,0.0,0.0,0.0,0.0
1520440545399161928,,355,,0,0,'',,,0.0,0.0,0.5,,0.0,0.0,0.0,0.0
1520440545449013995,,356,,0,0,'',,,0.0,0.0,0.5,,0.0,0.0,0.0,0.0
1520440545499350620,,357,,0,0,'',,,0.0,0.0,0.5,,0.0,0.0,0.0,0.0
1520440545549024279,,358,,0,0,'',,,0.0,0.0,0.5,,0.0,0.0,0.0,0.0
1520440545599044577,,359,,0,0,'',,,0.0,0.0,0.5,,0.0,0.0,0.0,0.0
1520440545649227207,,360,,0,0,'',,,0.0,0.0,0.5,,0.0,0.0,0.0,0.0
1520440545699240122,,361,,0,0,'',,,0.0,0.0,0.5,,0.0,0.0,0.0,0.0
1520440545749118208,,362,,0,0,'',,,0.0,0.0,0.5,,0.0,0.0,0.0,0.0
1520440545799141618,,363,,0,0,'',,,0.0,0.0,0.5,,0.0,0.0,0.0,0.0
1520440545849086503,,364,,0,0,'',,,0.0,0.0,0.5,,0.0,0.0,0.0,0.0
1520440545899275470,,365,,0,0,'',,,0.0,0.0,0.5,,0.0,0.0,0.0,0.0
1520440545948983286,,366,,0,0,'',,,0.0,0.0,0.5,,0.0,0.0,0.0,0.0
1520440545999213627,,367,,0,0,'',,,0.0,0.0,0.5,,0.0,0.0,0.0,0.0
1520440546049072367,,368,,0,0,'',,,0.0,0.0,0.5,,0.0,0.0,0.0,0.0
1520440546099066394,,369,,0,0,'',,,0.0,0.0,0.5,,0.0,0.0,0.0,0.0
1520440546149438769,,370,,0,0,'',,,0.0,0.0,0.5,,0.0,0.0,0.0,0.0
1520440546199278522,,371,,0,0,'',,,0.0,0.0,0.5,,0.0,0.0,0.0,0.0
1520440546249259400,,372,,0,0,'',,,0.0,0.0,0.5,,0.0,0.0,0.0,0.0
1520440546298924685,,373,,0,0,'',,,0.0,0.0,0.5,,0.0,0.0,0.0,0.0
1520440546349071224,,374,,0,0,'',,,0.0,0.0,0.5,,0.0,0.0,0.0,0.0
1520440546398932869,,375,,0,0,'',,,0.0,0.0,0.5,,0.0,0.0,0.0,0.0
1520440546448983311,,376,,0,0,'',,,0.0,0.0,0.5,,0.0,0.0,0.0,0.0
1520440546499000964,,377,,0,0,'',,,0.0,0.0,0.5,,0.0,0.0,0.0,0.0
1520440546549203523,,378,,0,0,'',,,0.0,0.0,0.5,,0.0,0.0,0.0,0.0
1520440546599000632,,379,,0,0,'',,,0.0,0.0,0.5,,0.0,0.0,0.0,0.0
1520440546649020343,,380,,0,0,'',,,0.0,0.0,0.5,,0.0,0.0,0.0,0.0
1520440546698874629,,381,,0,0,'',,,0.0,0.0,0.5,,0.0,0.0,0.0,0.0
1520440546749257839,,382,,0,0,'',,,0.0,0.0,0.5,,0.0,0.0,0.0,0.0
1520440546799067020,,383,,0,0,'',,,0.0,0.0,0.5,,0.0,0.0,0.0,0.0
1520440546849137892,,384,,0,0,'',,,0.0,0.0,0.5,,0.0,0.0,0.0,0.0
1520440546899057141,,385,,0,0,'',,,0.0,0.0,0.5,,0.0,0.0,0.0,0.0
1520440546949263413,,386,,0,0,'',,,0.0,0.0,0.5,,0.0,0.0,0.0,0.0
1520440546998940389,,387,,0,0,'',,,0.0,0.0,0.5,,0.0,0.0,0.0,0.0
1520440547049028082,,388,,0,0,'',,,0.0,0.0,0.5,,0.0,0.0,0.0,0.0
1520440547099201557,,389,,0,0,'',,,0.0,0.0,0.5,,0.0,0.0,0.0,0.0
1520440547149158576,,390,,0,0,'',,,0.0,0.0,0.5,,0.0,0.0,0.0,0.0
1520440547199073726,,391,,0,0,'',,,0.0,0.0,0.5,,0.0,0.0,0.0,0.0
1520440547249125544,,392,,0,0,'',,,0.0,0.0,0.5,,0.0,0.0,0.0,0.0
1520440547299050923,,393,,0,0,'',,,0.0,0.0,0.5,,0.0,0.0,0.0,0.0
1520440547349076481,,394,,0,0,'',,,0.0,0.0,0.5,,0.0,0.0,0.0,0.0
1520440547399199785,,395,,0,0,'',,,0.0,0.0,0.5,,0.0,0.0,0.0,0.0
1520440547449107080,,396,,0,0,'',,,0.0,0.0,0.5,,0.0,0.0,0.0,0.0
1520440547499154861,,397,,0,0,'',,,0.0,0.0,0.5,,0.0,0.0,0.0,0.0
1520440547549109952,,398,,0,0,'',,,0.0,0.0,0.5,,0.0,0.0,0.0,0.0
1520440547599162260,,399,,0,0,'',,,0.0,0.0,0.5,,0.0,0.0,0.0,0.0
1520440547649136040,,400,,0,0,'',,,0.0,0.0,0.5,,0.0,0.0,0.0,0.0
1520440547698972916,,401,,0,0,'',,,0.0,0.0,0.5,,0.0,0.0,0.0,0.0
1520440547749085161,,402,,0,0,'',,,0.0,0.0,0.5,,0.0,0.0,0.0,0.0
1520440547799253220,,403,,0,0,'',,,0.0,0.0,0.5,,0.0,0.0,0.0,0.0
1520440547849080105,,404,,0,0,'',,,0.0,0.0,0.5,,0.0,0.0,0.0,0.0
1520440547898993238,,405,,0,0,'',,,0.0,0.0,0.5,,0.0,0.0,0.0,0.0
1520440547949175134,,406,,0,0,'',,,0.0,0.0,0.5,,0.0,0.0,0.0,0.0
1520440547999134087,,407,,0,0,'',,,0.0,0.0,0.5,,0.0,0.0,0.0,0.0
1520440548049071978,,408,,0,0,'',,,0.0,0.0,0.5,,0.0,0.0,0.0,0.0
1520440548099104088,,409,,0,0,'',,,0.0,0.0,0.5,,0.0,0.0,0.0,0.0
1520440548149313133,,410,,0,0,'',,,0.0,0.0,0.5,,0.0,0.0,0.0,0.0
1520440548199295700,,411,,0,0,'',,,0.0,0.0,0.5,,0.0,0.0,0.0,0.0
1520440548248949469,,412,,0,0,'',,,0.0,0.0,0.5,,0.0,0.0,0.0,0.0
1520440548298996481,,413,,0,0,'',,,0.0,0.0,0.5,,0.0,0.0,0.0,0.0
1520440548349107577,,414,,0,0,'',,,0.0,0.0,0.5,,0.0,0.0,0.0,0.0
1520440548399007630,,415,,0,0,'',,,0.0,0.0,0.5,,0.0,0.0,0.0,0.0
1520440548449171360,,416,,0,0,'',,,0.0,0.0,0.5,,0.0,0.0,0.0,0.0
1520440548498967776,,417,,0,0,'',,,0.0,0.0,0.5,,0.0,0.0,0.0,0.0
1520440548548954128,,418,,0,0,'',,,0.0,0.0,0.5,,0.0,0.0,0.0,0.0
1520440548599130851,,419,,0,0,'',,,0.0,0.0,0.5,,0.0,0.0,0.0,0.0
1520440548649113901,,420,,0,0,'',,,0.0,0.0,0.5,,0.0,0.0,0.0,0.0
1520440548699178702,,421,,0,0,'',,,0.0,0.0,0.5,,0.0,0.0,0.0,0.0
1520440548749182282,,422,,0,0,'',,,0.0,0.0,0.5,,0.0,0.0,0.0,0.0
1520440548799172036,,423,,0,0,'',,,0.0,0.0,0.5,,0.0,0.0,0.0,0.0
1520440548848973915,,424,,0,0,'',,,0.0,0.0,0.5,,0.0,0.0,0.0,0.0
1520440548899026655,,425,,0,0,'',,,0.0,0.0,0.5,,0.0,0.0,0.0,0.0
1520440548949125585,,426,,0,0,'',,,0.0,0.0,0.5,,0.0,0.0,0.0,0.0
1520440548998980354,,427,,0,0,'',,,0.0,0.0,0.5,,0.0,0.0,0.0,0.0
1520440549049122646,,428,,0,0,'',,,0.0,0.0,0.5,,0.0,0.0,0.0,0.0
1520440549099112458,,429,,0,0,'',,,0.0,0.0,0.5,,0.0,0.0,0.0,0.0
1520440549148982728,,430,,0,0,'',,,0.0,0.0,0.5,,0.0,0.0,0.0,0.0
1520440549198957501,,431,,0,0,'',,,0.0,0.0,0.5,,0.0,0.0,0.0,0.0
1520440549249135953,,432,,0,0,'',,,0.0,0.0,0.5,,0.0,0.0,0.0,0.0
1520440549299087882,,433,,0,0,'',,,0.0,0.0,0.5,,0.0,0.0,0.0,0.0
1520440549349190857,,434,,0,0,'',,,0.0,0.0,0.5,,0.0,0.0,0.0,0.0
1520440549399075032,,435,,0,0,'',,,0.0,0.0,0.5,,0.0,0.0,0.0,0.0
1520440549448987115,,436,,0,0,'',,,0.0,0.0,0.5,,0.0,0.0,0.0,0.0
1520440549499006770,,437,,0,0,'',,,0.0,0.0,0.5,,0.0,0.0,0.0,0.0
1520440549549246122,,438,,0,0,'',,,0.0,0.0,0.5,,0.0,0.0,0.0,0.0
1520440549599025841,,439,,0,0,'',,,0.0,0.0,0.5,,0.0,0.0,0.0,0.0
1520440549649065363,,440,,0,0,'',,,0.0,0.0,0.5,,0.0,0.0,0.0,0.0
1520440549699114440,,441,,0,0,'',,,0.0,0.0,0.5,,0.0,0.0,0.0,0.0
1520440549748959292,,442,,0,0,'',,,0.0,0.0,0.5,,0.0,0.0,0.0,0.0
1520440549798993000,,443,,0,0,'',,,0.0,0.0,0.5,,0.0,0.0,0.0,0.0
1520440549848948319,,444,,0,0,'',,,0.0,0.0,0.5,,0.0,0.0,0.0,0.0
1520440549899082679,,445,,0,0,'',,,0.0,0.0,0.5,,0.0,0.0,0.0,0.0
1520440549948917965,,446,,0,0,'',,,0.0,0.0,0.5,,0.0,0.0,0.0,0.0
1520440549999083040,,447,,0,0,'',,,0.0,0.0,0.5,,0.0,0.0,0.0,0.0
1520440550049237400,,448,,0,0,'',,,0.0,0.0,0.5,,0.0,0.0,0.0,0.0
1520440550099003591,,449,,0,0,'',,,0.0,0.0,0.5,,0.0,0.0,0.0,0.0
1520440550149105201,,450,,0,0,'',,,0.0,0.0,0.5,,0.0,0.0,0.0,0.0
1520440550199026873,,451,,0,0,'',,,0.0,0.0,0.5,,0.0,0.0,0.0,0.0
1520440550249225943,,452,,0,0,'',,,0.0,0.0,0.5,,0.0,0.0,0.0,0.0
1520440550299032895,,453,,0,0,'',,,0.0,0.0,0.5,,0.0,0.0,0.0,0.0
1520440550348998100,,454,,0,0,'',,,0.0,0.0,0.5,,0.0,0.0,0.0,0.0
1520440550399027874,,455,,0,0,'',,,0.0,0.0,0.5,,0.0,0.0,0.0,0.0
1520440550449038605,,456,,0,0,'',,,0.0,0.0,0.5,,0.0,0.0,0.0,0.0
1520440550498916907,,457,,0,0,'',,,0.0,0.0,0.5,,0.0,0.0,0.0,0.0
1520440550549039145,,458,,0,0,'',,,0.0,0.0,0.5,,0.0,0.0,0.0,0.0
1520440550599057262,,459,,0,0,'',,,0.0,0.0,0.5,,0.0,0.0,0.0,0.0
1520440550649202128,,460,,0,0,'',,,0.0,0.0,0.5,,0.0,0.0,0.0,0.0
1520440550699197354,,461,,0,0,'',,,0.0,0.0,0.5,,0.0,0.0,0.0,0.0
1520440550749306306,,462,,0,0,'',,,0.0,0.0,0.5,,0.0,0.0,0.0,0.0
1520440550799145191,,463,,0,0,'',,,0.0,0.0,0.5,,0.0,0.0,0.0,0.0
1520440550849148729,,464,,0,0,'',,,0.0,0.0,0.5,,0.0,0.0,0.0,0.0
1520440550899043789,,465,,0,0,'',,,0.0,0.0,0.5,,0.0,0.0,0.0,0.0
1520440550949062661,,466,,0,0,'',,,0.0,0.0,0.5,,0.0,0.0,0.0,0.0
1520440550999259619,,467,,0,0,'',,,0.0,0.0,0.5,,0.0,0.0,0.0,0.0
1520440551049114422,,468,,0,0,'',,,0.0,0.0,0.5,,0.0,0.0,0.0,0.0
1520440551099101773,,469,,0,0,'',,,0.0,0.0,0.5,,0.0,0.0,0.0,0.0
1520440551149270088,,470,,0,0,'',,,0.0,0.0,0.5,,0.0,0.0,0.0,0.0
1520440551199088898,,471,,0,0,'',,,0.0,0.0,0.5,,0.0,0.0,0.0,0.0
1520440551248871330,,472,,0,0,'',,,0.0,0.0,0.5,,0.0,0.0,0.0,0.0
1520440551298963204,,473,,0,0,'',,,0.0,0.0,0.5,,0.0,0.0,0.0,0.0
1520440551349055473,,474,,0,0,'',,,0.0,0.0,0.5,,0.0,0.0,0.0,0.0
1520440551398990960,,475,,0,0,'',,,0.0,0.0,0.5,,0.0,0.0,0.0,0.0
1520440551449247992,,476,,0,0,'',,,0.0,0.0,0.5,,0.0,0.0,0.0,0.0
1520440551499168330,,477,,0,0,'',,,0.0,0.0,0.5,,0.0,0.0,0.0,0.0
1520440551549051718,,478,,0,0,'',,,0.0,0.0,0.5,,0.0,0.0,0.0,0.0
1520440551599031484,,479,,0,0,'',,,0.0,0.0,0.5,,0.0,0.0,0.0,0.0
1520440551649002726,,480,,0,0,'',,,0.0,0.0,0.5,,0.0,0.0,0.0,0.0
1520440551699253280,,481,,0,0,'',,,0.0,0.0,0.5,,0.0,0.0,0.0,0.0
1520440551749022448,,482,,0,0,'',,,0.0,0.0,0.5,,0.0,0.0,0.0,0.0
1520440551799016658,,483,,0,0,'',,,0.0,0.0,0.5,,0.0,0.0,0.0,0.0
1520440551849023054,,484,,0,0,'',,,0.0,0.0,0.5,,0.0,0.0,0.0,0.0
1520440551899062267,,485,,0,0,'',,,0.0,0.0,0.5,,0.0,0.0,0.0,0.0
1520440551948999107,,486,,0,0,'',,,0.0,0.0,0.5,,0.0,0.0,0.0,0.0
1520440551999123405,,487,,0,0,'',,,0.0,0.0,0.5,,0.0,0.0,0.0,0.0
1520440552049111004,,488,,0,0,'',,,0.0,0.0,0.5,,0.0,0.0,0.0,0.0
1520440552099190957,,489,,0,0,'',,,0.0,0.0,0.5,,0.0,0.0,0.0,0.0
1520440552149296150,,490,,0,0,'',,,0.0,0.0,0.5,,0.0,0.0,0.0,0.0
1520440552198994517,,491,,0,0,'',,,0.0,0.0,0.5,,0.0,0.0,0.0,0.0
1520440552249267728,,492,,0,0,'',,,0.0,0.0,0.5,,0.0,0.0,0.0,0.0
1520440552299334426,,493,,0,0,'',,,0.0,0.0,0.5,,0.0,0.0,0.0,0.0
1520440552349075534,,494,,0,0,'',,,0.0,0.0,0.5,,0.0,0.0,0.0,0.0
1520440552399310052,,495,,0,0,'',,,0.0,0.0,0.5,,0.0,0.0,0.0,0.0
1520440552449099009,,496,,0,0,'',,,0.0,0.0,0.5,,0.0,0.0,0.0,0.0
1520440552499087021,,497,,0,0,'',,,0.0,0.0,0.5,,0.0,0.0,0.0,0.0
1520440552549259324,,498,,0,0,'',,,0.0,0.0,0.5,,0.0,0.0,0.0,0.0
1520440552599149895,,499,,0,0,'',,,0.0,0.0,0.5,,0.0,0.0,0.0,0.0
1520440552649073734,,500,,0,0,'',,,0.0,0.0,0.5,,0.0,0.0,0.0,0.0
1520440552699089154,,501,,0,0,'',,,0.0,0.0,0.5,,0.0,0.0,0.0,0.0
1520440552748852087,,502,,0,0,'',,,0.0,0.0,0.5,,0.0,0.0,0.0,0.0
1520440552799264662,,503,,0,0,'',,,0.0,0.0,0.5,,0.0,0.0,0.0,0.0
1520440552849150070,,504,,0,0,'',,,0.0,0.0,0.5,,0.0,0.0,0.0,0.0
1520440552899118754,,505,,0,0,'',,,0.0,0.0,0.5,,0.0,0.0,0.0,0.0
1520440552948998487,,506,,0,0,'',,,0.0,0.0,0.5,,0.0,0.0,0.0,0.0
1520440552999050957,,507,,0,0,'',,,0.0,0.0,0.5,,0.0,0.0,0.0,0.0
1520440553049066879,,508,,0,0,'',,,0.0,0.0,0.5,,0.0,0.0,0.0,0.0
1520440553099104509,,509,,0,0,'',,,0.0,0.0,0.5,,0.0,0.0,0.0,0.0
1520440553148947466,,510,,0,0,'',,,0.0,0.0,0.5,,0.0,0.0,0.0,0.0
1520440553199205851,,511,,0,0,'',,,0.0,0.0,0.5,,0.0,0.0,0.0,0.0
1520440553249184372,,512,,0,0,'',,,0.0,0.0,0.5,,0.0,0.0,0.0,0.0
1520440553299087498,,513,,0,0,'',,,0.0,0.0,0.5,,0.0,0.0,0.0,0.0
1520440553349115979,,514,,0,0,'',,,0.0,0.0,0.5,,0.0,0.0,0.0,0.0
1520440553399131860,,515,,0,0,'',,,0.0,0.0,0.5,,0.0,0.0,0.0,0.0
1520440553449278860,,516,,0,0,'',,,0.0,0.0,0.5,,0.0,0.0,0.0,0.0
1520440553499087374,,517,,0,0,'',,,0.0,0.0,0.5,,0.0,0.0,0.0,0.0
1520440553549074608,,518,,0,0,'',,,0.0,0.0,0.5,,0.0,0.0,0.0,0.0
1520440553599157272,,519,,0,0,'',,,0.0,0.0,0.5,,0.0,0.0,0.0,0.0
1520440553649022995,,520,,0,0,'',,,0.0,0.0,0.5,,0.0,0.0,0.0,0.0
1520440553699079326,,521,,0,0,'',,,0.0,0.0,0.5,,0.0,0.0,0.0,0.0
1520440553749110455,,522,,0,0,'',,,0.0,0.0,0.5,,0.0,0.0,0.0,0.0
1520440553799138495,,523,,0,0,'',,,0.0,0.0,0.5,,0.0,0.0,0.0,0.0
1520440553849009970,,524,,0,0,'',,,0.0,0.0,0.5,,0.0,0.0,0.0,0.0
1520440553898967658,,525,,0,0,'',,,0.0,0.0,0.5,,0.0,0.0,0.0,0.0
1520440553949365583,,526,,0,0,'',,,0.0,0.0,0.5,,0.0,0.0,0.0,0.0
1520440553999054000,,527,,0,0,'',,,0.0,0.0,0.5,,0.0,0.0,0.0,0.0
1520440554049026651,,528,,0,0,'',,,0.0,0.0,0.5,,0.0,0.0,0.0,0.0
1520440554099088773,,529,,0,0,'',,,0.0,0.0,0.5,,0.0,0.0,0.0,0.0
1520440554149058377,,530,,0,0,'',,,0.0,0.0,0.5,,0.0,0.0,0.0,0.0
1520440554199126762,,531,,0,0,'',,,0.0,0.0,0.5,,0.0,0.0,0.0,0.0
1520440554248940139,,532,,0,0,'',,,0.0,0.0,0.5,,0.0,0.0,0.0,0.0
1520440554299277391,,533,,0,0,'',,,0.0,0.0,0.5,,0.0,0.0,0.0,0.0
1520440554349095227,,534,,0,0,'',,,0.0,0.0,0.5,,0.0,0.0,0.0,0.0
1520440554399151518,,535,,0,0,'',,,0.0,0.0,0.5,,0.0,0.0,0.0,0.0
1520440554449055814,,536,,0,0,'',,,0.0,0.0,0.5,,0.0,0.0,0.0,0.0
1520440554499227419,,537,,0,0,'',,,0.0,0.0,0.5,,0.0,0.0,0.0,0.0
1520440554549224807,,538,,0,0,'',,,0.0,0.0,0.5,,0.0,0.0,0.0,0.0
1520440554599026737,,539,,0,0,'',,,0.0,0.0,0.5,,0.0,0.0,0.0,0.0
1520440554649210219,,540,,0,0,'',,,0.0,0.0,0.5,,0.0,0.0,0.0,0.0
1520440554699063079,,541,,0,0,'',,,0.0,0.0,0.5,,0.0,0.0,0.0,0.0
1520440554749750973,,542,,0,0,'',,,0.0,0.0,0.5,,0.0,0.0,0.0,0.0
1520440554799472422,,543,,0,0,'',,,0.0,0.0,0.5,,0.0,0.0,0.0,0.0
1520440554848966861,,544,,0,0,'',,,0.0,0.0,0.5,,0.0,0.0,0.0,0.0
1520440554899072332,,545,,0,0,'',,,0.0,0.0,0.5,,0.0,0.0,0.0,0.0
1520440554949027727,,546,,0,0,'',,,0.0,0.0,0.5,,0.0,0.0,0.0,0.0
1520440554998926592,,547,,0,0,'',,,0.0,0.0,0.5,,0.0,0.0,0.0,0.0
1520440555049005914,,548,,0,0,'',,,0.0,0.0,0.5,,0.0,0.0,0.0,0.0
1520440555099078290,,549,,0,0,'',,,0.0,0.0,0.5,,0.0,0.0,0.0,0.0
1520440555149246558,,550,,0,0,'',,,0.0,0.0,0.5,,0.0,0.0,0.0,0.0
1520440555199225450,,551,,0,0,'',,,0.0,0.0,0.5,,0.0,0.0,0.0,0.0
1520440555248986854,,552,,0,0,'',,,0.0,0.0,0.5,,0.0,0.0,0.0,0.0
1520440555299091462,,553,,0,0,'',,,0.0,0.0,0.5,,0.0,0.0,0.0,0.0
1520440555349267538,,554,,0,0,'',,,0.0,0.0,0.5,,0.0,0.0,0.0,0.0
1520440555399102218,,555,,0,0,'',,,0.0,0.0,0.5,,0.0,0.0,0.0,0.0
1520440555449146683,,556,,0,0,'',,,0.0,0.0,0.5,,0.0,0.0,0.0,0.0
1520440555499146928,,557,,0,0,'',,,0.0,0.0,0.5,,0.0,0.0,0.0,0.0
1520440555549124425,,558,,0,0,'',,,0.0,0.0,0.5,,0.0,0.0,0.0,0.0
1520440555599264277,,559,,0,0,'',,,0.0,0.0,0.5,,0.0,0.0,0.0,0.0
1520440555649134615,,560,,0,0,'',,,0.0,0.0,0.5,,0.0,0.0,0.0,0.0
1520440555699251870,,561,,0,0,'',,,0.0,0.0,0.5,,0.0,0.0,0.0,0.0
1520440555749084135,,562,,0,0,'',,,0.0,0.0,0.5,,0.0,0.0,0.0,0.0
1520440555799031904,,563,,0,0,'',,,0.0,0.0,0.5,,0.0,0.0,0.0,0.0
1520440555849030436,,564,,0,0,'',,,0.0,0.0,0.5,,0.0,0.0,0.0,0.0
1520440555899099808,,565,,0,0,'',,,0.0,0.0,0.5,,0.0,0.0,0.0,0.0
1520440555949048963,,566,,0,0,'',,,0.0,0.0,0.5,,0.0,0.0,0.0,0.0
1520440555999192032,,567,,0,0,'',,,0.0,0.0,0.5,,0.0,0.0,0.0,0.0
1520440556049135211,,568,,0,0,'',,,0.0,0.0,0.5,,0.0,0.0,0.0,0.0
1520440556099001734,,569,,0,0,'',,,0.0,0.0,0.5,,0.0,0.0,0.0,0.0
1520440556149082588,,570,,0,0,'',,,0.0,0.0,0.5,,0.0,0.0,0.0,0.0
1520440556199022366,,571,,0,0,'',,,0.0,0.0,0.5,,0.0,0.0,0.0,0.0
1520440556249042231,,572,,0,0,'',,,0.0,0.0,0.5,,0.0,0.0,0.0,0.0
1520440556299039626,,573,,0,0,'',,,0.0,0.0,0.5,,0.0,0.0,0.0,0.0
1520440556349082378,,574,,0,0,'',,,0.0,0.0,0.5,,0.0,0.0,0.0,0.0
1520440556399177202,,575,,0,0,'',,,0.0,0.0,0.5,,0.0,0.0,0.0,0.0
1520440556449147832,,576,,0,0,'',,,0.0,0.0,0.5,,0.0,0.0,0.0,0.0
1520440556499099168,,577,,0,0,'',,,0.0,0.0,0.5,,0.0,0.0,0.0,0.0
1520440556549041083,,578,,0,0,'',,,0.0,0.0,0.5,,0.0,0.0,0.0,0.0
1520440556598992589,,579,,0,0,'',,,0.0,0.0,0.5,,0.0,0.0,0.0,0.0
1520440556649053499,,580,,0,0,'',,,0.0,0.0,0.5,,0.0,0.0,0.0,0.0
1520440556699076166,,581,,0,0,'',,,0.0,0.0,0.5,,0.0,0.0,0.0,0.0
1520440556749236646,,582,,0,0,'',,,0.0,0.0,0.5,,0.0,0.0,0.0,0.0
1520440556799199937,,583,,0,0,'',,,0.0,0.0,0.5,,0.0,0.0,0.0,0.0
1520440556849008218,,584,,0,0,'',,,0.0,0.0,0.5,,0.0,0.0,0.0,0.0
1520440556898953965,,585,,0,0,'',,,0.0,0.0,0.5,,0.0,0.0,0.0,0.0
1520440556948934255,,586,,0,0,'',,,0.0,0.0,0.5,,0.0,0.0,0.0,0.0
1520440556998972645,,587,,0,0,'',,,0.0,0.0,0.5,,0.0,0.0,0.0,0.0
1520440557049318757,,588,,0,0,'',,,0.0,0.0,0.5,,0.0,0.0,0.0,0.0
1520440557099052330,,589,,0,0,'',,,0.0,0.0,0.5,,0.0,0.0,0.0,0.0
1520440557149269145,,590,,0,0,'',,,0.0,0.0,0.5,,0.0,0.0,0.0,0.0
1520440557199246317,,591,,0,0,'',,,0.0,0.0,0.5,,0.0,0.0,0.0,0.0
1520440557249201077,,592,,0,0,'',,,0.0,0.0,0.5,,0.0,0.0,0.0,0.0
1520440557299025625,,593,,0,0,'',,,0.0,0.0,0.5,,0.0,0.0,0.0,0.0
1520440557349143776,,594,,0,0,'',,,0.0,0.0,0.5,,0.0,0.0,0.0,0.0
1520440557399034293,,595,,0,0,'',,,0.0,0.0,0.5,,0.0,0.0,0.0,0.0
1520440557449099293,,596,,0,0,'',,,0.0,0.0,0.5,,0.0,0.0,0.0,0.0
1520440557499104509,,597,,0,0,'',,,0.0,0.0,0.5,,0.0,0.0,0.0,0.0
1520440557549221791,,598,,0,0,'',,,0.0,0.0,0.5,,0.0,0.0,0.0,0.0
1520440557599114258,,599,,0,0,'',,,0.0,0.0,0.5,,0.0,0.0,0.0,0.0
1520440557649015952,,600,,0,0,'',,,0.0,0.0,0.5,,0.0,0.0,0.0,0.0
1520440557699329658,,601,,0,0,'',,,0.0,0.0,0.5,,0.0,0.0,0.0,0.0
1520440557749138367,,602,,0,0,'',,,0.0,0.0,0.5,,0.0,0.0,0.0,0.0
1520440557799068160,,603,,0,0,'',,,0.0,0.0,0.5,,0.0,0.0,0.0,0.0
1520440557849097270,,604,,0,0,'',,,0.0,0.0,0.5,,0.0,0.0,0.0,0.0
1520440557899035435,,605,,0,0,'',,,0.0,0.0,0.5,,0.0,0.0,0.0,0.0
1520440557948825656,,606,,0,0,'',,,0.0,0.0,0.5,,0.0,0.0,0.0,0.0
1520440557999189815,,607,,0,0,'',,,0.0,0.0,0.5,,0.0,0.0,0.0,0.0
1520440558049028145,,608,,0,0,'',,,0.0,0.0,0.5,,0.0,0.0,0.0,0.0
1520440558099073217,,609,,0,0,'',,,0.0,0.0,0.5,,0.0,0.0,0.0,0.0
1520440558149108733,,610,,0,0,'',,,0.0,0.0,0.5,,0.0,0.0,0.0,0.0
1520440558199268634,,611,,0,0,'',,,0.0,0.0,0.5,,0.0,0.0,0.0,0.0
1520440558249146196,,612,,0,0,'',,,0.0,0.0,0.5,,0.0,0.0,0.0,0.0
1520440558299030715,,613,,0,0,'',,,0.0,0.0,0.5,,0.0,0.0,0.0,0.0
1520440558349085288,,614,,0,0,'',,,0.0,0.0,0.5,,0.0,0.0,0.0,0.0
1520440558399105617,,615,,0,0,'',,,0.0,0.0,0.5,,0.0,0.0,0.0,0.0
1520440558449061397,,616,,0,0,'',,,0.0,0.0,0.5,,0.0,0.0,0.0,0.0
1520440558499123439,,617,,0,0,'',,,0.0,0.0,0.5,,0.0,0.0,0.0,0.0
1520440558549256262,,618,,0,0,'',,,0.0,0.0,0.5,,0.0,0.0,0.0,0.0
1520440558599303937,,619,,0,0,'',,,0.0,0.0,0.5,,0.0,0.0,0.0,0.0
1520440558649086558,,620,,0,0,'',,,0.0,0.0,0.5,,0.0,0.0,0.0,0.0
1520440558699125186,,621,,0,0,'',,,0.0,0.0,0.5,,0.0,0.0,0.0,0.0
1520440558749081215,,622,,0,0,'',,,0.0,0.0,0.5,,0.0,0.0,0.0,0.0
1520440558799135867,,623,,0,0,'',,,0.0,0.0,0.5,,0.0,0.0,0.0,0.0
1520440558849119415,,624,,0,0,'',,,0.0,0.0,0.5,,0.0,0.0,0.0,0.0
1520440558899112088,,625,,0,0,'',,,0.0,0.0,0.5,,0.0,0.0,0.0,0.0
1520440558949028671,,626,,0,0,'',,,0.0,0.0,0.5,,0.0,0.0,0.0,0.0
1520440558999228058,,627,,0,0,'',,,0.0,0.0,0.5,,0.0,0.0,0.0,0.0
1520440559049055983,,628,,0,0,'',,,0.0,0.0,0.5,,0.0,0.0,0.0,0.0
1520440559099082358,,629,,0,0,'',,,0.0,0.0,0.5,,0.0,0.0,0.0,0.0
1520440559149173716,,630,,0,0,'',,,0.0,0.0,0.5,,0.0,0.0,0.0,0.0
1520440559199096862,,631,,0,0,'',,,0.0,0.0,0.5,,0.0,0.0,0.0,0.0
1520440559249417659,,632,,0,0,'',,,0.0,0.0,0.5,,0.0,0.0,0.0,0.0
1520440559299216788,,633,,0,0,'',,,0.0,0.0,0.5,,0.0,0.0,0.0,0.0
1520440559349111940,,634,,0,0,'',,,0.0,0.0,0.5,,0.0,0.0,0.0,0.0
1520440559398976197,,635,,0,0,'',,,0.0,0.0,0.5,,0.0,0.0,0.0,0.0
1520440559449321723,,636,,0,0,'',,,0.0,0.0,0.5,,0.0,0.0,0.0,0.0
1520440559499040229,,637,,0,0,'',,,0.0,0.0,0.5,,0.0,0.0,0.0,0.0
1520440559549120740,,638,,0,0,'',,,0.0,0.0,0.5,,0.0,0.0,0.0,0.0
1520440559599086315,,639,,0,0,'',,,0.0,0.0,0.5,,0.0,0.0,0.0,0.0
1520440559649255159,,640,,0,0,'',,,0.0,0.0,0.5,,0.0,0.0,0.0,0.0
1520440559699330944,,641,,0,0,'',,,0.0,0.0,0.5,,0.0,0.0,0.0,0.0
1520440559749086064,,642,,0,0,'',,,0.0,0.0,0.5,,0.0,0.0,0.0,0.0
1520440559799074918,,643,,0,0,'',,,0.0,0.0,0.5,,0.0,0.0,0.0,0.0
1520440559849217078,,644,,0,0,'',,,0.0,0.0,0.5,,0.0,0.0,0.0,0.0
1520440559899089876,,645,,0,0,'',,,0.0,0.0,0.5,,0.0,0.0,0.0,0.0
1520440559949081251,,646,,0,0,'',,,0.0,0.0,0.5,,0.0,0.0,0.0,0.0
1520440559999295239,,647,,0,0,'',,,0.0,0.0,0.5,,0.0,0.0,0.0,0.0
1520440560048948430,,648,,0,0,'',,,0.0,0.0,0.5,,0.0,0.0,0.0,0.0
1520440560099474085,,649,,0,0,'',,,0.0,0.0,0.5,,0.0,0.0,0.0,0.0
1520440560148997318,,650,,0,0,'',,,0.0,0.0,0.5,,0.0,0.0,0.0,0.0
1520440560199197924,,651,,0,0,'',,,0.0,0.0,0.5,,0.0,0.0,0.0,0.0
1520440560249298068,,652,,0,0,'',,,0.0,0.0,0.5,,0.0,0.0,0.0,0.0
1520440560299287655,,653,,0,0,'',,,0.0,0.0,0.5,,0.0,0.0,0.0,0.0
1520440560349211566,,654,,0,0,'',,,0.0,0.0,0.5,,0.0,0.0,0.0,0.0
1520440560398941209,,655,,0,0,'',,,0.0,0.0,0.5,,0.0,0.0,0.0,0.0
1520440560449142467,,656,,0,0,'',,,0.0,0.0,0.5,,0.0,0.0,0.0,0.0
1520440560499137443,,657,,0,0,'',,,0.0,0.0,0.5,,0.0,0.0,0.0,0.0
1520440560549413015,,658,,0,0,'',,,0.0,0.0,0.5,,0.0,0.0,0.0,0.0
1520440560599130152,,659,,0,0,'',,,0.0,0.0,0.5,,0.0,0.0,0.0,0.0
1520440560649070947,,660,,0,0,'',,,0.0,0.0,0.5,,0.0,0.0,0.0,0.0
1520440560699311706,,661,,0,0,'',,,0.0,0.0,0.5,,0.0,0.0,0.0,0.0
1520440560749089252,,662,,0,0,'',,,0.0,0.0,0.5,,0.0,0.0,0.0,0.0
1520440560799176290,,663,,0,0,'',,,0.0,0.0,0.5,,0.0,0.0,0.0,0.0
1520440560849142826,,664,,0,0,'',,,0.0,0.0,0.5,,0.0,0.0,0.0,0.0
1520440560899039704,,665,,0,0,'',,,0.0,0.0,0.5,,0.0,0.0,0.0,0.0
1520440560949017358,,666,,0,0,'',,,0.0,0.0,0.5,,0.0,0.0,0.0,0.0
1520440560999218919,,667,,0,0,'',,,0.0,0.0,0.5,,0.0,0.0,0.0,0.0
1520440561049310585,,668,,0,0,'',,,0.0,0.0,0.5,,0.0,0.0,0.0,0.0
1520440561099189065,,669,,0,0,'',,,0.0,0.0,0.5,,0.0,0.0,0.0,0.0
1520440561149273163,,670,,0,0,'',,,0.0,0.0,0.5,,0.0,0.0,0.0,0.0
1520440561199075561,,671,,0,0,'',,,0.0,0.0,0.5,,0.0,0.0,0.0,0.0
1520440561249191946,,672,,0,0,'',,,0.0,0.0,0.5,,0.0,0.0,0.0,0.0
1520440561299116728,,673,,0,0,'',,,0.0,0.0,0.5,,0.0,0.0,0.0,0.0
1520440561349094740,,674,,0,0,'',,,0.0,0.0,0.5,,0.0,0.0,0.0,0.0
1520440561398989383,,675,,0,0,'',,,0.0,0.0,0.5,,0.0,0.0,0.0,0.0
1520440561448979176,,676,,0,0,'',,,0.0,0.0,0.5,,0.0,0.0,0.0,0.0
1520440561498970463,,677,,0,0,'',,,0.0,0.0,0.5,,0.0,0.0,0.0,0.0
1520440561549493426,,678,,0,0,'',,,0.0,0.0,0.5,,0.0,0.0,0.0,0.0
1520440561599170412,,679,,0,0,'',,,0.0,0.0,0.5,,0.0,0.0,0.0,0.0
1520440561649106613,,680,,0,0,'',,,0.0,0.0,0.5,,0.0,0.0,0.0,0.0
1520440561699041944,,681,,0,0,'',,,0.0,0.0,0.5,,0.0,0.0,0.0,0.0
1520440561749012467,,682,,0,0,'',,,0.0,0.0,0.5,,0.0,0.0,0.0,0.0
1520440561799071596,,683,,0,0,'',,,0.0,0.0,0.5,,0.0,0.0,0.0,0.0
1520440561848864289,,684,,0,0,'',,,0.0,0.0,0.5,,0.0,0.0,0.0,0.0
1520440561899229839,,685,,0,0,'',,,0.0,0.0,0.5,,0.0,0.0,0.0,0.0
1520440561949106680,,686,,0,0,'',,,0.0,0.0,0.5,,0.0,0.0,0.0,0.0
1520440561999190866,,687,,0,0,'',,,0.0,0.0,0.5,,0.0,0.0,0.0,0.0
1520440562049009130,,688,,0,0,'',,,0.0,0.0,0.5,,0.0,0.0,0.0,0.0
1520440562099054759,,689,,0,0,'',,,0.0,0.0,0.5,,0.0,0.0,0.0,0.0
1520440562149125592,,690,,0,0,'',,,0.0,0.0,0.5,,0.0,0.0,0.0,0.0
1520440562199040369,,691,,0,0,'',,,0.0,0.0,0.5,,0.0,0.0,0.0,0.0
1520440562248845879,,692,,0,0,'',,,0.0,0.0,0.5,,0.0,0.0,0.0,0.0
1520440562299126273,,693,,0,0,'',,,0.0,0.0,0.5,,0.0,0.0,0.0,0.0
1520440562349218970,,694,,0,0,'',,,0.0,0.0,0.5,,0.0,0.0,0.0,0.0
1520440562398953586,,695,,0,0,'',,,0.0,0.0,0.5,,0.0,0.0,0.0,0.0
1520440562449239654,,696,,0,0,'',,,0.0,0.0,0.5,,0.0,0.0,0.0,0.0
1520440562498972954,,697,,0,0,'',,,0.0,0.0,0.5,,0.0,0.0,0.0,0.0
1520440562548959409,,698,,0,0,'',,,0.0,0.0,0.5,,0.0,0.0,0.0,0.0
1520440562599047326,,699,,0,0,'',,,0.0,0.0,0.5,,0.0,0.0,0.0,0.0
1520440562649017059,,700,,0,0,'',,,0.0,0.0,0.5,,0.0,0.0,0.0,0.0
1520440562699025921,,701,,0,0,'',,,0.0,0.0,0.5,,0.0,0.0,0.0,0.0
1520440562749004910,,702,,0,0,'',,,0.0,0.0,0.5,,0.0,0.0,0.0,0.0
1520440562799050252,,703,,0,0,'',,,0.0,0.0,0.5,,0.0,0.0,0.0,0.0
1520440562849223145,,704,,0,0,'',,,0.0,0.0,0.5,,0.0,0.0,0.0,0.0
1520440562898989319,,705,,0,0,'',,,0.0,0.0,0.5,,0.0,0.0,0.0,0.0
1520440562949111192,,706,,0,0,'',,,0.0,0.0,0.5,,0.0,0.0,0.0,0.0
1520440562999236302,,707,,0,0,'',,,0.0,0.0,0.5,,0.0,0.0,0.0,0.0
1520440563048928023,,708,,0,0,'',,,0.0,0.0,0.5,,0.0,0.0,0.0,0.0
1520440563099042727,,709,,0,0,'',,,0.0,0.0,0.5,,0.0,0.0,0.0,0.0
1520440563149062871,,710,,0,0,'',,,0.0,0.0,0.5,,0.0,0.0,0.0,0.0
1520440563198947164,,711,,0,0,'',,,0.0,0.0,0.5,,0.0,0.0,0.0,0.0
1520440563249055281,,712,,0,0,'',,,0.0,0.0,0.5,,0.0,0.0,0.0,0.0
1520440563299229629,,713,,0,0,'',,,0.0,0.0,0.5,,0.0,0.0,0.0,0.0
1520440563349180457,,714,,0,0,'',,,0.0,0.0,0.5,,0.0,0.0,0.0,0.0
1520440563399188929,,715,,0,0,'',,,0.0,0.0,0.5,,0.0,0.0,0.0,0.0
1520440563449033517,,716,,0,0,'',,,0.0,0.0,0.5,,0.0,0.0,0.0,0.0
1520440563499108572,,717,,0,0,'',,,0.0,0.0,0.5,,0.0,0.0,0.0,0.0
1520440563549093005,,718,,0,0,'',,,0.0,0.0,0.5,,0.0,0.0,0.0,0.0
1520440563599232631,,719,,0,0,'',,,0.0,0.0,0.5,,0.0,0.0,0.0,0.0
1520440563649084185,,720,,0,0,'',,,0.0,0.0,0.5,,0.0,0.0,0.0,0.0
1520440563698989537,,721,,0,0,'',,,0.0,0.0,0.5,,0.0,0.0,0.0,0.0
1520440563749028321,,722,,0,0,'',,,0.0,0.0,0.5,,0.0,0.0,0.0,0.0
1520440563799197887,,723,,0,0,'',,,0.0,0.0,0.5,,0.0,0.0,0.0,0.0
1520440563848995804,,724,,0,0,'',,,0.0,0.0,0.5,,0.0,0.0,0.0,0.0
1520440563899030803,,725,,0,0,'',,,0.0,0.0,0.5,,0.0,0.0,0.0,0.0
1520440563949005162,,726,,0,0,'',,,0.0,0.0,0.5,,0.0,0.0,0.0,0.0
1520440563999188433,,727,,0,0,'',,,0.0,0.0,0.5,,0.0,0.0,0.0,0.0
1520440564049242111,,728,,0,0,'',,,0.0,0.0,0.5,,0.0,0.0,0.0,0.0
1520440564098995286,,729,,0,0,'',,,0.0,0.0,0.5,,0.0,0.0,0.0,0.0
1520440564149343149,,730,,0,0,'',,,0.0,0.0,0.5,,0.0,0.0,0.0,0.0
1520440564199040697,,731,,0,0,'',,,0.0,0.0,0.5,,0.0,0.0,0.0,0.0
1520440564248905186,,732,,0,0,'',,,0.0,0.0,0.5,,0.0,0.0,0.0,0.0
1520440564299016670,,733,,0,0,'',,,0.0,0.0,0.5,,0.0,0.0,0.0,0.0
1520440564348959696,,734,,0,0,'',,,0.0,0.0,0.5,,0.0,0.0,0.0,0.0
1520440564399212702,,735,,0,0,'',,,0.0,0.0,0.5,,0.0,0.0,0.0,0.0
1520440564449088160,,736,,0,0,'',,,0.0,0.0,0.5,,0.0,0.0,0.0,0.0
1520440564499131854,,737,,0,0,'',,,0.0,0.0,0.5,,0.0,0.0,0.0,0.0
1520440564549223577,,738,,0,0,'',,,0.0,0.0,0.5,,0.0,0.0,0.0,0.0
1520440564599058352,,739,,0,0,'',,,0.0,0.0,0.5,,0.0,0.0,0.0,0.0
1520440564649054473,,740,,0,0,'',,,0.0,0.0,0.5,,0.0,0.0,0.0,0.0
1520440564699111391,,741,,0,0,'',,,0.0,0.0,0.5,,0.0,0.0,0.0,0.0
1520440564749095139,,742,,0,0,'',,,0.0,0.0,0.5,,0.0,0.0,0.0,0.0
1520440564799104220,,743,,0,0,'',,,0.0,0.0,0.5,,0.0,0.0,0.0,0.0
1520440564849247515,,744,,0,0,'',,,0.0,0.0,0.5,,0.0,0.0,0.0,0.0
1520440564898811675,,745,,0,0,'',,,0.0,0.0,0.5,,0.0,0.0,0.0,0.0
1520440564949064997,,746,,0,0,'',,,0.0,0.0,0.5,,0.0,0.0,0.0,0.0
1520440564999049381,,747,,0,0,'',,,0.0,0.0,0.5,,0.0,0.0,0.0,0.0
1520440565049196486,,748,,0,0,'',,,0.0,0.0,0.5,,0.0,0.0,0.0,0.0
1520440565099083368,,749,,0,0,'',,,0.0,0.0,0.5,,0.0,0.0,0.0,0.0
1520440565149592161,,750,,0,0,'',,,0.0,0.0,0.5,,0.0,0.0,0.0,0.0
1520440565199107852,,751,,0,0,'',,,0.0,0.0,0.5,,0.0,0.0,0.0,0.0
1520440565249040374,,752,,0,0,'',,,0.0,0.0,0.5,,0.0,0.0,0.0,0.0
1520440565299090179,,753,,0,0,'',,,0.0,0.0,0.5,,0.0,0.0,0.0,0.0
1520440565349109980,,754,,0,0,'',,,0.0,0.0,0.5,,0.0,0.0,0.0,0.0
1520440565399046002,,755,,0,0,'',,,0.0,0.0,0.5,,0.0,0.0,0.0,0.0
1520440565449051237,,756,,0,0,'',,,0.0,0.0,0.5,,0.0,0.0,0.0,0.0
1520440565499127334,,757,,0,0,'',,,0.0,0.0,0.5,,0.0,0.0,0.0,0.0
1520440565549206812,,758,,0,0,'',,,0.0,0.0,0.5,,0.0,0.0,0.0,0.0
1520440565599070013,,759,,0,0,'',,,0.0,0.0,0.5,,0.0,0.0,0.0,0.0
1520440565649056447,,760,,0,0,'',,,0.0,0.0,0.5,,0.0,0.0,0.0,0.0
1520440565699177189,,761,,0,0,'',,,0.0,0.0,0.5,,0.0,0.0,0.0,0.0
1520440565749114503,,762,,0,0,'',,,0.0,0.0,0.5,,0.0,0.0,0.0,0.0
1520440565799167463,,763,,0,0,'',,,0.0,0.0,0.5,,0.0,0.0,0.0,0.0
1520440565849105390,,764,,0,0,'',,,0.0,0.0,0.5,,0.0,0.0,0.0,0.0
1520440565899072233,,765,,0,0,'',,,0.0,0.0,0.5,,0.0,0.0,0.0,0.0
1520440565949054583,,766,,0,0,'',,,0.0,0.0,0.5,,0.0,0.0,0.0,0.0
1520440565999174161,,767,,0,0,'',,,0.0,0.0,0.5,,0.0,0.0,0.0,0.0
1520440566049218026,,768,,0,0,'',,,0.0,0.0,0.5,,0.0,0.0,0.0,0.0
1520440566099029793,,769,,0,0,'',,,0.0,0.0,0.5,,0.0,0.0,0.0,0.0
1520440566149337370,,770,,0,0,'',,,0.0,0.0,0.5,,0.0,0.0,0.0,0.0
1520440566199083827,,771,,0,0,'',,,0.0,0.0,0.5,,0.0,0.0,0.0,0.0
1520440566249058413,,772,,0,0,'',,,0.0,0.0,0.5,,0.0,0.0,0.0,0.0
1520440566299132933,,773,,0,0,'',,,0.0,0.0,0.5,,0.0,0.0,0.0,0.0
1520440566349174062,,774,,0,0,'',,,0.0,0.0,0.5,,0.0,0.0,0.0,0.0
1520440566399076066,,775,,0,0,'',,,0.0,0.0,0.5,,0.0,0.0,0.0,0.0
1520440566449283597,,776,,0,0,'',,,0.0,0.0,0.5,,0.0,0.0,0.0,0.0
1520440566499092459,,777,,0,0,'',,,0.0,0.0,0.5,,0.0,0.0,0.0,0.0
1520440566549145617,,778,,0,0,'',,,0.0,0.0,0.5,,0.0,0.0,0.0,0.0
1520440566599248950,,779,,0,0,'',,,0.0,0.0,0.5,,0.0,0.0,0.0,0.0
1520440566648881710,,780,,0,0,'',,,0.0,0.0,0.5,,0.0,0.0,0.0,0.0
1520440566699239643,,781,,0,0,'',,,0.0,0.0,0.5,,0.0,0.0,0.0,0.0
1520440566749244208,,782,,0,0,'',,,0.0,0.0,0.5,,0.0,0.0,0.0,0.0
1520440566799317483,,783,,0,0,'',,,0.0,0.0,0.5,,0.0,0.0,0.0,0.0
1520440566849071001,,784,,0,0,'',,,0.0,0.0,0.5,,0.0,0.0,0.0,0.0
1520440566899080695,,785,,0,0,'',,,0.0,0.0,0.5,,0.0,0.0,0.0,0.0
1520440566948949766,,786,,0,0,'',,,0.0,0.0,0.5,,0.0,0.0,0.0,0.0
1520440566999361793,,787,,0,0,'',,,0.0,0.0,0.5,,0.0,0.0,0.0,0.0
1520440567049233064,,788,,0,0,'',,,0.0,0.0,0.5,,0.0,0.0,0.0,0.0
1520440567099010123,,789,,0,0,'',,,0.0,0.0,0.5,,0.0,0.0,0.0,0.0
1520440567148924200,,790,,0,0,'',,,0.0,0.0,0.5,,0.0,0.0,0.0,0.0
1520440567199120781,,791,,0,0,'',,,0.0,0.0,0.5,,0.0,0.0,0.0,0.0
1520440567249121115,,792,,0,0,'',,,0.0,0.0,0.5,,0.0,0.0,0.0,0.0
1520440567299270041,,793,,0,0,'',,,0.0,0.0,0.5,,0.0,0.0,0.0,0.0
1520440567349045934,,794,,0,0,'',,,0.0,0.0,0.5,,0.0,0.0,0.0,0.0
1520440567398938161,,795,,0,0,'',,,0.0,0.0,0.5,,0.0,0.0,0.0,0.0
1520440567448871631,,796,,0,0,'',,,0.0,0.0,0.5,,0.0,0.0,0.0,0.0
1520440567499466640,,797,,0,0,'',,,0.0,0.0,0.5,,0.0,0.0,0.0,0.0
1520440567549239930,,798,,0,0,'',,,0.0,0.0,0.5,,0.0,0.0,0.0,0.0
1520440567599384693,,799,,0,0,'',,,0.0,0.0,0.5,,0.0,0.0,0.0,0.0
1520440567649052261,,800,,0,0,'',,,0.0,0.0,0.5,,0.0,0.0,0.0,0.0
1520440567699079677,,801,,0,0,'',,,0.0,0.0,0.5,,0.0,0.0,0.0,0.0
1520440567749118756,,802,,0,0,'',,,0.0,0.0,0.5,,0.0,0.0,0.0,0.0
1520440567799192645,,803,,0,0,'',,,0.0,0.0,0.5,,0.0,0.0,0.0,0.0
1520440567849191208,,804,,0,0,'',,,0.0,0.0,0.5,,0.0,0.0,0.0,0.0
1520440567899098946,,805,,0,0,'',,,0.0,0.0,0.5,,0.0,0.0,0.0,0.0
1520440567949221593,,806,,0,0,'',,,0.0,0.0,0.5,,0.0,0.0,0.0,0.0
1520440567999448876,,807,,0,0,'',,,0.0,0.0,0.5,,0.0,0.0,0.0,0.0
1520440568049012299,,808,,0,0,'',,,0.0,0.0,0.5,,0.0,0.0,0.0,0.0
1520440568099096976,,809,,0,0,'',,,0.0,0.0,0.5,,0.0,0.0,0.0,0.0
1520440568149305388,,810,,0,0,'',,,0.0,0.0,0.5,,0.0,0.0,0.0,0.0
1520440568198956216,,811,,0,0,'',,,0.0,0.0,0.5,,0.0,0.0,0.0,0.0
1520440568248976505,,812,,0,0,'',,,0.0,0.0,0.5,,0.0,0.0,0.0,0.0
1520440568299210970,,813,,0,0,'',,,0.0,0.0,0.5,,0.0,0.0,0.0,0.0
1520440568349054317,,814,,0,0,'',,,0.0,0.0,0.5,,0.0,0.0,0.0,0.0
1520440568399313298,,815,,0,0,'',,,0.0,0.0,0.5,,0.0,0.0,0.0,0.0
1520440568449223334,,816,,0,0,'',,,0.0,0.0,0.5,,0.0,0.0,0.0,0.0
1520440568498895882,,817,,0,0,'',,,0.0,0.0,0.5,,0.0,0.0,0.0,0.0
1520440568549082581,,818,,0,0,'',,,0.0,0.0,0.5,,0.0,0.0,0.0,0.0
1520440568599193708,,819,,0,0,'',,,0.0,0.0,0.5,,0.0,0.0,0.0,0.0
1520440568649151378,,820,,0,0,'',,,0.0,0.0,0.5,,0.0,0.0,0.0,0.0
1520440568699082318,,821,,0,0,'',,,0.0,0.0,0.5,,0.0,0.0,0.0,0.0
1520440568749015062,,822,,0,0,'',,,0.0,0.0,0.5,,0.0,0.0,0.0,0.0
1520440568799022764,,823,,0,0,'',,,0.0,0.0,0.5,,0.0,0.0,0.0,0.0
1520440568849252648,,824,,0,0,'',,,0.0,0.0,0.5,,0.0,0.0,0.0,0.0
1520440568898964120,,825,,0,0,'',,,0.0,0.0,0.5,,0.0,0.0,0.0,0.0
1520440568949070889,,826,,0,0,'',,,0.0,0.0,0.5,,0.0,0.0,0.0,0.0
1520440568999109498,,827,,0,0,'',,,0.0,0.0,0.5,,0.0,0.0,0.0,0.0
1520440569049345472,,828,,0,0,'',,,0.0,0.0,0.5,,0.0,0.0,0.0,0.0
1520440569099090389,,829,,0,0,'',,,0.0,0.0,0.5,,0.0,0.0,0.0,0.0
1520440569149028847,,830,,0,0,'',,,0.0,0.0,0.5,,0.0,0.0,0.0,0.0
1520440569199307902,,831,,0,0,'',,,0.0,0.0,0.5,,0.0,0.0,0.0,0.0
1520440569249398225,,832,,0,0,'',,,0.0,0.0,0.5,,0.0,0.0,0.0,0.0
1520440569299136323,,833,,0,0,'',,,0.0,0.0,0.5,,0.0,0.0,0.0,0.0
1520440569349279025,,834,,0,0,'',,,0.0,0.0,0.5,,0.0,0.0,0.0,0.0
1520440569399067412,,835,,0,0,'',,,0.0,0.0,0.5,,0.0,0.0,0.0,0.0
1520440569448975741,,836,,0,0,'',,,0.0,0.0,0.5,,0.0,0.0,0.0,0.0
1520440569499064214,,837,,0,0,'',,,0.0,0.0,0.5,,0.0,0.0,0.0,0.0
1520440569549084771,,838,,0,0,'',,,0.0,0.0,0.5,,0.0,0.0,0.0,0.0
1520440569599307389,,839,,0,0,'',,,0.0,0.0,0.5,,0.0,0.0,0.0,0.0
1520440569649316584,,840,,0,0,'',,,0.0,0.0,0.5,,0.0,0.0,0.0,0.0
1520440569699694907,,841,,0,0,'',,,0.0,0.0,0.5,,0.0,0.0,0.0,0.0
1520440569748996819,,842,,0,0,'',,,0.0,0.0,0.5,,0.0,0.0,0.0,0.0
1520440569799341323,,843,,0,0,'',,,0.0,0.0,0.5,,0.0,0.0,0.0,0.0
1520440569849000800,,844,,0,0,'',,,0.0,0.0,0.5,,0.0,0.0,0.0,0.0
1520440569898944231,,845,,0,0,'',,,0.0,0.0,0.5,,0.0,0.0,0.0,0.0
1520440569949076911,,846,,0,0,'',,,0.0,0.0,0.5,,0.0,0.0,0.0,0.0
1520440569999105643,,847,,0,0,'',,,0.0,0.0,0.5,,0.0,0.0,0.0,0.0
1520440570049073776,,848,,0,0,'',,,0.0,0.0,0.5,,0.0,0.0,0.0,0.0
1520440570099067462,,849,,0,0,'',,,0.0,0.0,0.5,,0.0,0.0,0.0,0.0
1520440570149632929,,850,,0,0,'',,,0.0,0.0,0.5,,0.0,0.0,0.0,0.0
1520440570198998041,,851,,0,0,'',,,0.0,0.0,0.5,,0.0,0.0,0.0,0.0
1520440570248919587,,852,,0,0,'',,,0.0,0.0,0.5,,0.0,0.0,0.0,0.0
1520440570299174209,,853,,0,0,'',,,0.0,0.0,0.5,,0.0,0.0,0.0,0.0
1520440570349051196,,854,,0,0,'',,,0.0,0.0,0.5,,0.0,0.0,0.0,0.0
1520440570398860451,,855,,0,0,'',,,0.0,0.0,0.5,,0.0,0.0,0.0,0.0
1520440570448993222,,856,,0,0,'',,,0.0,0.0,0.5,,0.0,0.0,0.0,0.0
1520440570499052693,,857,,0,0,'',,,0.0,0.0,0.5,,0.0,0.0,0.0,0.0
1520440570549014714,,858,,0,0,'',,,0.0,0.0,0.5,,0.0,0.0,0.0,0.0
1520440570599242751,,859,,0,0,'',,,0.0,0.0,0.5,,0.0,0.0,0.0,0.0
1520440570649229419,,860,,0,0,'',,,0.0,0.0,0.5,,0.0,0.0,0.0,0.0
1520440570698968234,,861,,0,0,'',,,0.0,0.0,0.5,,0.0,0.0,0.0,0.0
1520440570749022338,,862,,0,0,'',,,0.0,0.0,0.5,,0.0,0.0,0.0,0.0
1520440570799015782,,863,,0,0,'',,,0.0,0.0,0.5,,0.0,0.0,0.0,0.0
1520440570849152576,,864,,0,0,'',,,0.0,0.0,0.5,,0.0,0.0,0.0,0.0
1520440570899038814,,865,,0,0,'',,,0.0,0.0,0.5,,0.0,0.0,0.0,0.0
1520440570949300790,,866,,0,0,'',,,0.0,0.0,0.5,,0.0,0.0,0.0,0.0
1520440570999209687,,867,,0,0,'',,,0.0,0.0,0.5,,0.0,0.0,0.0,0.0
1520440571049400259,,868,,0,0,'',,,0.0,0.0,0.5,,0.0,0.0,0.0,0.0
1520440571098975304,,869,,0,0,'',,,0.0,0.0,0.5,,0.0,0.0,0.0,0.0
1520440571149098730,,870,,0,0,'',,,0.0,0.0,0.5,,0.0,0.0,0.0,0.0
1520440571199373308,,871,,0,0,'',,,0.0,0.0,0.5,,0.0,0.0,0.0,0.0
1520440571249109591,,872,,0,0,'',,,0.0,0.0,0.5,,0.0,0.0,0.0,0.0
1520440571299050453,,873,,0,0,'',,,0.0,0.0,0.5,,0.0,0.0,0.0,0.0
1520440571349130880,,874,,0,0,'',,,0.0,0.0,0.5,,0.0,0.0,0.0,0.0
1520440571399018663,,875,,0,0,'',,,0.0,0.0,0.5,,0.0,0.0,0.0,0.0
1520440571449108178,,876,,0,0,'',,,0.0,0.0,0.5,,0.0,0.0,0.0,0.0
1520440571498997609,,877,,0,0,'',,,0.0,0.0,0.5,,0.0,0.0,0.0,0.0
1520440571549192808,,878,,0,0,'',,,0.0,0.0,0.5,,0.0,0.0,0.0,0.0
1520440571599176416,,879,,0,0,'',,,0.0,0.0,0.5,,0.0,0.0,0.0,0.0
1520440571649182647,,880,,0,0,'',,,0.0,0.0,0.5,,0.0,0.0,0.0,0.0
1520440571699395740,,881,,0,0,'',,,0.0,0.0,0.5,,0.0,0.0,0.0,0.0
1520440571749047410,,882,,0,0,'',,,0.0,0.0,0.5,,0.0,0.0,0.0,0.0
1520440571799072286,,883,,0,0,'',,,0.0,0.0,0.5,,0.0,0.0,0.0,0.0
1520440571849186181,,884,,0,0,'',,,0.0,0.0,0.5,,0.0,0.0,0.0,0.0
1520440571899155484,,885,,0,0,'',,,0.0,0.0,0.5,,0.0,0.0,0.0,0.0
1520440571949123312,,886,,0,0,'',,,0.0,0.0,0.5,,0.0,0.0,0.0,0.0
1520440571999149304,,887,,0,0,'',,,0.0,0.0,0.5,,0.0,0.0,0.0,0.0
1520440572049133340,,888,,0,0,'',,,0.0,0.0,0.5,,0.0,0.0,0.0,0.0
1520440572099054543,,889,,0,0,'',,,0.0,0.0,0.5,,0.0,0.0,0.0,0.0
1520440572149268258,,890,,0,0,'',,,0.0,0.0,0.5,,0.0,0.0,0.0,0.0
1520440572199252152,,891,,0,0,'',,,0.0,0.0,0.5,,0.0,0.0,0.0,0.0
1520440572249234100,,892,,0,0,'',,,0.0,0.0,0.5,,0.0,0.0,0.0,0.0
1520440572299042119,,893,,0,0,'',,,0.0,0.0,0.5,,0.0,0.0,0.0,0.0
1520440572349167960,,894,,0,0,'',,,0.0,0.0,0.5,,0.0,0.0,0.0,0.0
1520440572399279498,,895,,0,0,'',,,0.0,0.0,0.5,,0.0,0.0,0.0,0.0
1520440572448990433,,896,,0,0,'',,,0.0,0.0,0.5,,0.0,0.0,0.0,0.0
1520440572499109017,,897,,0,0,'',,,0.0,0.0,0.5,,0.0,0.0,0.0,0.0
1520440572549143388,,898,,0,0,'',,,0.0,0.0,0.5,,0.0,0.0,0.0,0.0
1520440572599010572,,899,,0,0,'',,,0.0,0.0,0.5,,0.0,0.0,0.0,0.0
1520440572648983796,,900,,0,0,'',,,0.0,0.0,0.5,,0.0,0.0,0.0,0.0
1520440572699025218,,901,,0,0,'',,,0.0,0.0,0.5,,0.0,0.0,0.0,0.0
1520440572749289770,,902,,0,0,'',,,0.0,0.0,0.5,,0.0,0.0,0.0,0.0
1520440572799122858,,903,,0,0,'',,,0.0,0.0,0.5,,0.0,0.0,0.0,0.0
1520440572849222833,,904,,0,0,'',,,0.0,0.0,0.5,,0.0,0.0,0.0,0.0
1520440572899105347,,905,,0,0,'',,,0.0,0.0,0.5,,0.0,0.0,0.0,0.0
1520440572948998195,,906,,0,0,'',,,0.0,0.0,0.5,,0.0,0.0,0.0,0.0
1520440572999093273,,907,,0,0,'',,,0.0,0.0,0.5,,0.0,0.0,0.0,0.0
1520440573048929686,,908,,0,0,'',,,0.0,0.0,0.5,,0.0,0.0,0.0,0.0
1520440573099182879,,909,,0,0,'',,,0.0,0.0,0.5,,0.0,0.0,0.0,0.0
1520440573149131931,,910,,0,0,'',,,0.0,0.0,0.5,,0.0,0.0,0.0,0.0
1520440573199194695,,911,,0,0,'',,,0.0,0.0,0.5,,0.0,0.0,0.0,0.0
1520440573249238842,,912,,0,0,'',,,0.0,0.0,0.5,,0.0,0.0,0.0,0.0
1520440573299234027,,913,,0,0,'',,,0.0,0.0,0.5,,0.0,0.0,0.0,0.0
1520440573349011303,,914,,0,0,'',,,0.0,0.0,0.5,,0.0,0.0,0.0,0.0
1520440573399038567,,915,,0,0,'',,,0.0,0.0,0.5,,0.0,0.0,0.0,0.0
1520440573449084258,,916,,0,0,'',,,0.0,0.0,0.5,,0.0,0.0,0.0,0.0
1520440573499028601,,917,,0,0,'',,,0.0,0.0,0.5,,0.0,0.0,0.0,0.0
1520440573549080518,,918,,0,0,'',,,0.0,0.0,0.5,,0.0,0.0,0.0,0.0
1520440573599035753,,919,,0,0,'',,,0.0,0.0,0.5,,0.0,0.0,0.0,0.0
1520440573649192196,,920,,0,0,'',,,0.0,0.0,0.5,,0.0,0.0,0.0,0.0
1520440573699014467,,921,,0,0,'',,,0.0,0.0,0.5,,0.0,0.0,0.0,0.0
1520440573749063055,,922,,0,0,'',,,0.0,0.0,0.5,,0.0,0.0,0.0,0.0
1520440573799278590,,923,,0,0,'',,,0.0,0.0,0.5,,0.0,0.0,0.0,0.0
1520440573849155194,,924,,0,0,'',,,0.0,0.0,0.5,,0.0,0.0,0.0,0.0
1520440573899075613,,925,,0,0,'',,,0.0,0.0,0.5,,0.0,0.0,0.0,0.0
1520440573949016224,,926,,0,0,'',,,0.0,0.0,0.5,,0.0,0.0,0.0,0.0
1520440573999302761,,927,,0,0,'',,,0.0,0.0,0.5,,0.0,0.0,0.0,0.0
1520440574049145104,,928,,0,0,'',,,0.0,0.0,0.5,,0.0,0.0,0.0,0.0
1520440574099149328,,929,,0,0,'',,,0.0,0.0,0.5,,0.0,0.0,0.0,0.0
1520440574149175772,,930,,0,0,'',,,0.0,0.0,0.5,,0.0,0.0,0.0,0.0
1520440574199129961,,931,,0,0,'',,,0.0,0.0,0.5,,0.0,0.0,0.0,0.0
1520440574249199881,,932,,0,0,'',,,0.0,0.0,0.5,,0.0,0.0,0.0,0.0
1520440574299080971,,933,,0,0,'',,,0.0,0.0,0.5,,0.0,0.0,0.0,0.0
1520440574349162613,,934,,0,0,'',,,0.0,0.0,0.5,,0.0,0.0,0.0,0.0
1520440574399203293,,935,,0,0,'',,,0.0,0.0,0.5,,0.0,0.0,0.0,0.0
1520440574449134299,,936,,0,0,'',,,0.0,0.0,0.5,,0.0,0.0,0.0,0.0
1520440574499269792,,937,,0,0,'',,,0.0,0.0,0.5,,0.0,0.0,0.0,0.0
1520440574549147475,,938,,0,0,'',,,0.0,0.0,0.5,,0.0,0.0,0.0,0.0
1520440574599102565,,939,,0,0,'',,,0.0,0.0,0.5,,0.0,0.0,0.0,0.0
1520440574649093266,,940,,0,0,'',,,0.0,0.0,0.5,,0.0,0.0,0.0,0.0
1520440574699149838,,941,,0,0,'',,,0.0,0.0,0.5,,0.0,0.0,0.0,0.0
1520440574749278911,,942,,0,0,'',,,0.0,0.0,0.5,,0.0,0.0,0.0,0.0
1520440574799195190,,943,,0,0,'',,,0.0,0.0,0.5,,0.0,0.0,0.0,0.0
1520440574849272238,,944,,0,0,'',,,0.0,0.0,0.5,,0.0,0.0,0.0,0.0
1520440574899044369,,945,,0,0,'',,,0.0,0.0,0.5,,0.0,0.0,0.0,0.0
1520440574949138364,,946,,0,0,'',,,0.0,0.0,0.5,,0.0,0.0,0.0,0.0
1520440574999085580,,947,,0,0,'',,,0.0,0.0,0.5,,0.0,0.0,0.0,0.0
1520440575049152679,,948,,0,0,'',,,0.0,0.0,0.5,,0.0,0.0,0.0,0.0
1520440575098985818,,949,,0,0,'',,,0.0,0.0,0.5,,0.0,0.0,0.0,0.0
1520440575149125310,,950,,0,0,'',,,0.0,0.0,0.5,,0.0,0.0,0.0,0.0
1520440575199182331,,951,,0,0,'',,,0.0,0.0,0.5,,0.0,0.0,0.0,0.0
1520440575248957351,,952,,0,0,'',,,0.0,0.0,0.5,,0.0,0.0,0.0,0.0
1520440575299264085,,953,,0,0,'',,,0.0,0.0,0.5,,0.0,0.0,0.0,0.0
1520440575348981852,,954,,0,0,'',,,0.0,0.0,0.5,,0.0,0.0,0.0,0.0
1520440575399016733,,955,,0,0,'',,,0.0,0.0,0.5,,0.0,0.0,0.0,0.0
1520440575449380212,,956,,0,0,'',,,0.0,0.0,0.5,,0.0,0.0,0.0,0.0
1520440575499126819,,957,,0,0,'',,,0.0,0.0,0.5,,0.0,0.0,0.0,0.0
1520440575549093716,,958,,0,0,'',,,0.0,0.0,0.5,,0.0,0.0,0.0,0.0
1520440575599527513,,959,,0,0,'',,,0.0,0.0,0.5,,0.0,0.0,0.0,0.0
1520440575649386919,,960,,0,0,'',,,0.0,0.0,0.5,,0.0,0.0,0.0,0.0
1520440575699522665,,961,,0,0,'',,,0.0,0.0,0.5,,0.0,0.0,0.0,0.0
1520440575749135179,,962,,0,0,'',,,0.0,0.0,0.5,,0.0,0.0,0.0,0.0
1520440575799065917,,963,,0,0,'',,,0.0,0.0,0.5,,0.0,0.0,0.0,0.0
1520440575849102214,,964,,0,0,'',,,0.0,0.0,0.5,,0.0,0.0,0.0,0.0
1520440575899020391,,965,,0,0,'',,,0.0,0.0,0.5,,0.0,0.0,0.0,0.0
1520440575948987142,,966,,0,0,'',,,0.0,0.0,0.5,,0.0,0.0,0.0,0.0
1520440575999323257,,967,,0,0,'',,,0.0,0.0,0.5,,0.0,0.0,0.0,0.0
1520440576049090264,,968,,0,0,'',,,0.0,0.0,0.5,,0.0,0.0,0.0,0.0
1520440576099002899,,969,,0,0,'',,,0.0,0.0,0.5,,0.0,0.0,0.0,0.0
1520440576149067597,,970,,0,0,'',,,0.0,0.0,0.5,,0.0,0.0,0.0,0.0
1520440576199043311,,971,,0,0,'',,,0.0,0.0,0.5,,0.0,0.0,0.0,0.0
1520440576249111567,,972,,0,0,'',,,0.0,0.0,0.5,,0.0,0.0,0.0,0.0
1520440576299032941,,973,,0,0,'',,,0.0,0.0,0.5,,0.0,0.0,0.0,0.0
1520440576349067214,,974,,0,0,'',,,0.0,0.0,0.5,,0.0,0.0,0.0,0.0
1520440576398918671,,975,,0,0,'',,,0.0,0.0,0.5,,0.0,0.0,0.0,0.0
1520440576449093322,,976,,0,0,'',,,0.0,0.0,0.5,,0.0,0.0,0.0,0.0
1520440576499200991,,977,,0,0,'',,,0.0,0.0,0.5,,0.0,0.0,0.0,0.0
1520440576549107891,,978,,0,0,'',,,0.0,0.0,0.5,,0.0,0.0,0.0,0.0
1520440576599091017,,979,,0,0,'',,,0.0,0.0,0.5,,0.0,0.0,0.0,0.0
1520440576649116260,,980,,0,0,'',,,0.0,0.0,0.5,,0.0,0.0,0.0,0.0
1520440576698922791,,981,,0,0,'',,,0.0,0.0,0.5,,0.0,0.0,0.0,0.0
1520440576749196466,,982,,0,0,'',,,0.0,0.0,0.5,,0.0,0.0,0.0,0.0
1520440576799001743,,983,,0,0,'',,,0.0,0.0,0.5,,0.0,0.0,0.0,0.0
1520440576849026165,,984,,0,0,'',,,0.0,0.0,0.5,,0.0,0.0,0.0,0.0
1520440576899005933,,985,,0,0,'',,,0.0,0.0,0.5,,0.0,0.0,0.0,0.0
1520440576948927063,,986,,0,0,'',,,0.0,0.0,0.5,,0.0,0.0,0.0,0.0
1520440576999091487,,987,,0,0,'',,,0.0,0.0,0.5,,0.0,0.0,0.0,0.0
1520440577049048445,,988,,0,0,'',,,0.0,0.0,0.5,,0.0,0.0,0.0,0.0
1520440577099139848,,989,,0,0,'',,,0.0,0.0,0.5,,0.0,0.0,0.0,0.0
1520440577149235430,,990,,0,0,'',,,0.0,0.0,0.5,,0.0,0.0,0.0,0.0
1520440577199078512,,991,,0,0,'',,,0.0,0.0,0.5,,0.0,0.0,0.0,0.0
1520440577249050440,,992,,0,0,'',,,0.0,0.0,0.5,,0.0,0.0,0.0,0.0
1520440577299095853,,993,,0,0,'',,,0.0,0.0,0.5,,0.0,0.0,0.0,0.0
1520440577349089031,,994,,0,0,'',,,0.0,0.0,0.5,,0.0,0.0,0.0,0.0
1520440577398971628,,995,,0,0,'',,,0.0,0.0,0.5,,0.0,0.0,0.0,0.0
1520440577449102462,,996,,0,0,'',,,0.0,0.0,0.5,,0.0,0.0,0.0,0.0
1520440577499013311,,997,,0,0,'',,,0.0,0.0,0.5,,0.0,0.0,0.0,0.0
1520440577549088730,,998,,0,0,'',,,0.0,0.0,0.5,,0.0,0.0,0.0,0.0
1520440577599214446,,999,,0,0,'',,,0.0,0.0,0.5,,0.0,0.0,0.0,0.0
1520440577649206562,,1000,,0,0,'',,,0.0,0.0,0.5,,0.0,0.0,0.0,0.0
1520440577699173864,,1001,,0,0,'',,,0.0,0.0,0.5,,0.0,0.0,0.0,0.0
1520440577749349537,,1002,,0,0,'',,,0.0,0.0,0.5,,0.0,0.0,0.0,0.0
1520440577799080089,,1003,,0,0,'',,,0.0,0.0,0.5,,0.0,0.0,0.0,0.0
1520440577849854272,,1004,,0,0,'',,,0.0,0.0,0.5,,0.0,0.0,0.0,0.0
1520440577899030341,,1005,,0,0,'',,,0.0,0.0,0.5,,0.0,0.0,0.0,0.0
1520440577949122572,,1006,,0,0,'',,,0.0,0.0,0.5,,0.0,0.0,0.0,0.0
1520440577999102176,,1007,,0,0,'',,,0.0,0.0,0.5,,0.0,0.0,0.0,0.0
1520440578049196473,,1008,,0,0,'',,,0.0,0.0,0.5,,0.0,0.0,0.0,0.0
1520440578099198495,,1009,,0,0,'',,,0.0,0.0,0.5,,0.0,0.0,0.0,0.0
1520440578149088977,,1010,,0,0,'',,,0.0,0.0,0.5,,0.0,0.0,0.0,0.0
1520440578198977450,,1011,,0,0,'',,,0.0,0.0,0.5,,0.0,0.0,0.0,0.0
1520440578249269641,,1012,,0,0,'',,,0.0,0.0,0.5,,0.0,0.0,0.0,0.0
1520440578299060126,,1013,,0,0,'',,,0.0,0.0,0.5,,0.0,0.0,0.0,0.0
1520440578349081358,,1014,,0,0,'',,,0.0,0.0,0.5,,0.0,0.0,0.0,0.0
1520440578399114344,,1015,,0,0,'',,,0.0,0.0,0.5,,0.0,0.0,0.0,0.0
