rosbagTimestamp,header,seq,stamp,secs,nsecs,frame_id,group_mix,controls
1520440529187445128,,128,,1520440529,178560344,'',0,"[0.004980830475687981, -0.01166540663689375, -0.17654508352279663, 0.0, 0.0, 0.0, 0.0, -1.0]"
1520440529303041969,,129,,1520440529,286150510,'',0,"[0.004500686656683683, -0.011863669380545616, -0.1732306331396103, 0.0, 0.0, 0.0, 0.0, -1.0]"
1520440529392095126,,130,,1520440529,382152510,'',0,"[0.004678515251725912, -0.011924829334020615, -0.17034035921096802, 0.0, 0.0, 0.0, 0.0, -1.0]"
1520440529482263541,,131,,1520440529,463933830,'',0,"[0.004320616368204355, -0.011784233152866364, -0.16701990365982056, 0.0, 0.0, 0.0, 0.0, -1.0]"
1520440529583654228,,132,,1520440529,579296879,'',0,"[0.004373038187623024, -0.012065896764397621, -0.16419750452041626, 0.0, 0.0, 0.0, 0.0, -1.0]"
1520440529685183702,,133,,1520440529,672397536,'',0,"[0.004136479459702969, -0.012741453014314175, -0.16114985942840576, 0.0, 0.0, 0.0, 0.0, -1.0]"
1520440529779405168,,134,,1520440529,769247592,'',0,"[0.004312156233936548, -0.012335097417235374, -0.1582702249288559, 0.0, 0.0, 0.0, 0.0, -1.0]"
1520440529901249778,,135,,1520440529,877857464,'',0,"[0.004259183071553707, -0.012329705990850925, -0.1550620198249817, 0.0, 0.0, 0.0, 0.0, -1.0]"
1520440529983474363,,136,,1520440529,975862872,'',0,"[0.004172224085777998, -0.012382498010993004, -0.15222689509391785, 0.0, 0.0, 0.0, 0.0, -1.0]"
1520440530081647755,,137,,1520440530,73452930,'',0,"[0.004761054180562496, -0.011440293863415718, -0.14915844798088074, 0.0, 0.0, 0.0, 0.0, -1.0]"
1520440530178103939,,138,,1520440530,167478208,'',0,"[0.004399025812745094, -0.012232883833348751, -0.146616131067276, 0.0, 0.0, 0.0, 0.0, -1.0]"
1520440530301335121,,139,,1520440530,272149424,'',0,"[0.004197868052870035, -0.01263582706451416, -0.14370551705360413, 0.0, 0.0, 0.0, 0.0, -1.0]"
1520440530376554241,,140,,1520440530,373135448,'',0,"[0.004284558352082968, -0.012656042352318764, -0.14097429811954498, 0.0, 0.0, 0.0, 0.0, -1.0]"
1520440530502483164,,141,,1520440530,476333216,'',0,"[0.004578996449708939, -0.011969642713665962, -0.13805468380451202, 0.0, 0.0, 0.0, 0.0, -1.0]"
1520440530591877285,,142,,1520440530,575084016,'',0,"[0.004298263695091009, -0.012732061557471752, -0.1354702115058899, 0.0, 0.0, 0.0, 0.0, -1.0]"
1520440530702661168,,143,,1520440530,660207098,'',0,"[0.004442498553544283, -0.012564136646687984, -0.13267388939857483, 0.0, 0.0, 0.0, 0.0, -1.0]"
1520440530804183202,,144,,1520440530,778845575,'',0,"[0.004372294992208481, -0.01237052958458662, -0.12990494072437286, 0.0, 0.0, 0.0, 0.0, -1.0]"
1520440530893633424,,145,,1520440530,881125624,'',0,"[0.004393282812088728, -0.012505592778325081, -0.12704315781593323, 0.0, 0.0, 0.0, 0.0, -1.0]"
1520440530983298596,,146,,1520440530,979032112,'',0,"[0.004591197241097689, -0.012272953987121582, -0.12450211495161057, 0.0, 0.0, 0.0, 0.0, -1.0]"
1520440531091171184,,147,,1520440531,79608048,'',0,"[0.004148405510932207, -0.012566967867314816, -0.12182973325252533, 0.0, 0.0, 0.0, 0.0, -1.0]"
1520440531184709262,,148,,1520440531,171615048,'',0,"[0.004313038196414709, -0.012781965546309948, -0.1193758174777031, 0.0, 0.0, 0.0, 0.0, -1.0]"
1520440531295467513,,149,,1520440531,278215952,'',0,"[0.004408063367009163, -0.012934945523738861, -0.11656954139471054, 0.0, 0.0, 0.0, 0.0, -1.0]"
1520440531402060500,,150,,1520440531,368884736,'',0,"[0.004758120980113745, -0.012752339243888855, -0.11437802761793137, 0.0, 0.0, 0.0, 0.0, -1.0]"
1520440531501067154,,151,,1520440531,476433496,'',0,"[0.003980181645601988, -0.013242559507489204, -0.11171513795852661, 0.0, 0.0, 0.0, 0.0, -1.0]"
1520440531593931120,,152,,1520440531,575216536,'',0,"[0.004175987094640732, -0.012659340165555477, -0.10925492644309998, 0.0, 0.0, 0.0, 0.0, -1.0]"
1520440531701503178,,153,,1520440531,676985120,'',0,"[0.004144300706684589, -0.012684534303843975, -0.10674718767404556, 0.0, 0.0, 0.0, 0.0, -1.0]"
1520440531782822222,,154,,1520440531,758013245,'',0,"[0.004255387932062149, -0.01263811718672514, -0.104330874979496, 0.0, 0.0, 0.0, 0.0, -1.0]"
1520440531881707055,,155,,1520440531,872375477,'',0,"[0.004053375218063593, -0.01279549952596426, -0.10191798210144043, 0.0, 0.0, 0.0, 0.0, -1.0]"
1520440531977337201,,156,,1520440531,968327712,'',0,"[0.0041730222292244434, -0.012931633740663528, -0.09961225092411041, 0.0, 0.0, 0.0, 0.0, -1.0]"
1520440532082303801,,157,,1520440532,68016472,'',0,"[0.004095564130693674, -0.012804219499230385, -0.09727716445922852, 0.0, 0.0, 0.0, 0.0, -1.0]"
1520440532176621779,,158,,1520440532,168827616,'',0,"[0.004321447107940912, -0.012147961184382439, -0.09472369402647018, 0.0, 0.0, 0.0, 0.0, -1.0]"
1520440532282404156,,159,,1520440532,271737656,'',0,"[0.00444024195894599, -0.012848886661231518, -0.0924096331000328, 0.0, 0.0, 0.0, 0.0, -1.0]"
1520440532401078280,,160,,1520440532,365831344,'',0,"[0.004360870458185673, -0.01287913229316473, -0.09031414240598679, 0.0, 0.0, 0.0, 0.0, -1.0]"
1520440532502481888,,161,,1520440532,473923088,'',0,"[0.004005984403192997, -0.013128204271197319, -0.08786182105541229, 0.0, 0.0, 0.0, 0.0, -1.0]"
1520440532578689749,,162,,1520440532,576828984,'',0,"[0.004033179953694344, -0.01322878710925579, -0.08549648523330688, 0.0, 0.0, 0.0, 0.0, -1.0]"
1520440532694893902,,163,,1520440532,680137304,'',0,"[0.004167506005614996, -0.012599569745361805, -0.08337997645139694, 0.0, 0.0, 0.0, 0.0, -1.0]"
1520440532802139009,,164,,1520440532,762114355,'',0,"[0.004254193510860205, -0.0124604357406497, -0.08112847805023193, 0.0, 0.0, 0.0, 0.0, -1.0]"
1520440532901059119,,165,,1520440532,878502421,'',0,"[0.004163686651736498, -0.013024515472352505, -0.0789673700928688, 0.0, 0.0, 0.0, 0.0, -1.0]"
1520440532981791335,,166,,1520440532,978084216,'',0,"[0.004280430730432272, -0.013052188791334629, -0.07680071145296097, 0.0, 0.0, 0.0, 0.0, -1.0]"
1520440533091324012,,167,,1520440533,74142296,'',0,"[0.0038288773503154516, -0.01313225831836462, -0.07454399764537811, 0.0, 0.0, 0.0, 0.0, -1.0]"
1520440533177537238,,168,,1520440533,158634020,'',0,"[0.003976372070610523, -0.013309821486473083, -0.07251812517642975, 0.0, 0.0, 0.0, 0.0, -1.0]"
1520440533302309460,,169,,1520440533,276209545,'',0,"[0.003978339489549398, -0.012640239670872688, -0.07033222168684006, 0.0, 0.0, 0.0, 0.0, -1.0]"
1520440533400569459,,170,,1520440533,374560944,'',0,"[0.004117907490581274, -0.012818795628845692, -0.06828269362449646, 0.0, 0.0, 0.0, 0.0, -1.0]"
1520440533501371714,,171,,1520440533,480462320,'',0,"[0.004127267748117447, -0.013180118054151535, -0.0662589892745018, 0.0, 0.0, 0.0, 0.0, -1.0]"
1520440533578223076,,172,,1520440533,576425136,'',0,"[0.0036590476520359516, -0.013217934407293797, -0.06428038328886032, 0.0, 0.0, 0.0, 0.0, -1.0]"
1520440533700375026,,173,,1520440533,678515544,'',0,"[0.003907316364347935, -0.012649953365325928, -0.062160514295101166, 0.0, 0.0, 0.0, 0.0, -1.0]"
1520440533783187177,,174,,1520440533,775441608,'',0,"[0.0037797398399561644, -0.013351538218557835, -0.06026381999254227, 0.0, 0.0, 0.0, 0.0, -1.0]"
1520440533877292075,,175,,1520440533,872571432,'',0,"[0.0038893604651093483, -0.01278956513851881, -0.05822627618908882, 0.0, 0.0, 0.0, 0.0, -1.0]"
1520440533983231428,,176,,1520440533,979195152,'',0,"[0.003692976664751768, -0.01288927998393774, -0.056247565895318985, 0.0, 0.0, 0.0, 0.0, -1.0]"
1520440534077476682,,177,,1520440534,73202960,'',0,"[0.003936721011996269, -0.01301463320851326, -0.054305002093315125, 0.0, 0.0, 0.0, 0.0, -1.0]"
1520440534177265747,,178,,1520440534,176001200,'',0,"[0.003927835263311863, -0.013003316707909107, -0.05236808955669403, 0.0, 0.0, 0.0, 0.0, -1.0]"
1520440534301459568,,179,,1520440534,279148608,'',0,"[0.003810444613918662, -0.012577185407280922, -0.05028388276696205, 0.0, 0.0, 0.0, 0.0, -1.0]"
1520440534394592331,,180,,1520440534,374470112,'',0,"[0.0039976974949240685, -0.012642201967537403, -0.048712559044361115, 0.0, 0.0, 0.0, 0.0, -1.0]"
1520440534479486882,,181,,1520440534,478767600,'',0,"[0.003899295348674059, -0.01273854449391365, -0.04668387398123741, 0.0, 0.0, 0.0, 0.0, -1.0]"
1520440534576295054,,182,,1520440534,574985104,'',0,"[0.004081801977008581, -0.012849013321101665, -0.044786322861909866, 0.0, 0.0, 0.0, 0.0, -1.0]"
1520440534676452077,,183,,1520440534,668935552,'',0,"[0.0037388403434306383, -0.013283168897032738, -0.04297976940870285, 0.0, 0.0, 0.0, 0.0, -1.0]"
1520440534785114275,,184,,1520440534,772509720,'',0,"[0.0037489484529942274, -0.012818533927202225, -0.041109777987003326, 0.0, 0.0, 0.0, 0.0, -1.0]"
1520440534883623998,,185,,1520440534,870329792,'',0,"[0.0036277344916015863, -0.012935499660670757, -0.039360255002975464, 0.0, 0.0, 0.0, 0.0, -1.0]"
1520440535000699652,,186,,1520440534,970403440,'',0,"[0.003647796344012022, -0.013003012165427208, -0.03753417357802391, 0.0, 0.0, 0.0, 0.0, -1.0]"
1520440535094092179,,187,,1520440535,80559285,'',0,"[0.003853256581351161, -0.012640046887099743, -0.035756666213274, 0.0, 0.0, 0.0, 0.0, -1.0]"
1520440535202214208,,188,,1520440535,179636512,'',0,"[0.003721949877217412, -0.01308385655283928, -0.03411097079515457, 0.0, 0.0, 0.0, 0.0, -1.0]"
1520440535301130761,,189,,1520440535,280609472,'',0,"[0.003572427900508046, -0.012681184336543083, -0.03234003856778145, 0.0, 0.0, 0.0, 0.0, -1.0]"
1520440535400843081,,190,,1520440535,379851184,'',0,"[0.00347974244505167, -0.013119149021804333, -0.030547810718417168, 0.0, 0.0, 0.0, 0.0, -1.0]"
1520440535498343029,,191,,1520440535,476942928,'',0,"[0.0038185168523341417, -0.012775606475770473, -0.029154567047953606, 0.0, 0.0, 0.0, 0.0, -1.0]"
1520440535576959455,,192,,1520440535,565525848,'',0,"[0.0036634427960962057, -0.012613099999725819, -0.02738569863140583, 0.0, 0.0, 0.0, 0.0, -1.0]"
1520440535682233470,,193,,1520440535,669367304,'',0,"[0.0036576001439243555, -0.012899182736873627, -0.02564321644604206, 0.0, 0.0, 0.0, 0.0, -1.0]"
1520440535793501020,,194,,1520440535,780805040,'',0,"[0.00358002632856369, -0.012753104791045189, -0.024015843868255615, 0.0, 0.0, 0.0, 0.0, -1.0]"
1520440535903127582,,195,,1520440535,885056112,'',0,"[0.0035176072269678116, -0.012749455869197845, -0.022265514358878136, 0.0, 0.0, 0.0, 0.0, -1.0]"
1520440535983488725,,196,,1520440535,981101112,'',0,"[0.0036631394177675247, -0.012997256591916084, -0.020948341116309166, 0.0, 0.0, 0.0, 0.0, -1.0]"
1520440536092728563,,197,,1520440536,81245056,'',0,"[0.0038609579205513, -0.013005757704377174, -0.019164325669407845, 0.0, 0.0, 0.0, 0.0, -1.0]"
1520440536182016461,,198,,1520440536,177290056,'',0,"[0.003578547155484557, -0.012797309085726738, -0.017817402258515358, 0.0, 0.0, 0.0, 0.0, -1.0]"
1520440536293387358,,199,,1520440536,275490840,'',0,"[0.0036486510653048754, -0.012767627835273743, -0.016273822635412216, 0.0, 0.0, 0.0, 0.0, -1.0]"
1520440536382548860,,200,,1520440536,374653968,'',0,"[0.003873195732012391, -0.012946568429470062, -0.014816812239587307, 0.0, 0.0, 0.0, 0.0, -1.0]"
1520440536490880400,,201,,1520440536,474124304,'',0,"[0.0036523693706840277, -0.012928405776619911, -0.01326675433665514, 0.0, 0.0, 0.0, 0.0, -1.0]"
1520440536582331047,,202,,1520440536,576504896,'',0,"[0.0039335815235972404, -0.012674480676651001, -0.01174382958561182, 0.0, 0.0, 0.0, 0.0, -1.0]"
1520440536693179065,,203,,1520440536,674898544,'',0,"[0.0037893683183938265, -0.01320063415914774, -0.010220064781606197, 0.0, 0.0, 0.0, 0.0, -1.0]"
1520440536791539560,,204,,1520440536,776387480,'',0,"[0.0038311881944537163, -0.013237169943749905, -0.008903983980417252, 0.0, 0.0, 0.0, 0.0, -1.0]"
1520440536883093029,,205,,1520440536,877431960,'',0,"[0.0037033935077488422, -0.013145627453923225, -0.00752884428948164, 0.0, 0.0, 0.0, 0.0, -1.0]"
1520440536992187811,,206,,1520440536,975197936,'',0,"[0.003896488808095455, -0.012703177519142628, -0.006197688169777393, 0.0, 0.0, 0.0, 0.0, -1.0]"
1520440537104772408,,207,,1520440537,77155856,'',0,"[0.003884232835844159, -0.01258845254778862, -0.004595995880663395, 0.0, 0.0, 0.0, 0.0, -1.0]"
1520440537201380539,,208,,1520440537,182804440,'',0,"[0.0038893420714884996, -0.012665389105677605, -0.0033256772439926863, 0.0, 0.0, 0.0, 0.0, -1.0]"
1520440537302204720,,209,,1520440537,282592808,'',0,"[0.004091380164027214, -0.012201537378132343, -0.0018257393967360258, 0.0, 0.0, 0.0, 0.0, -1.0]"
1520440537383642815,,210,,1520440537,383172880,'',0,"[0.003751808777451515, -0.013221641071140766, -0.0004982961690984666, 0.0, 0.0, 0.0, 0.0, -1.0]"
1520440537492236601,,211,,1520440537,480380144,'',0,"[0.004021445754915476, -0.01270291954278946, 0.0006511671235784888, 0.0, 0.0, 0.0, 0.0, -1.0]"
1520440537593426738,,212,,1520440537,580366144,'',0,"[0.003952914383262396, -0.01302639115601778, 0.001970695797353983, 0.0, 0.0, 0.0, 0.0, -1.0]"
1520440537701511620,,213,,1520440537,679224144,'',0,"[0.0011784631060436368, -0.014847496524453163, 0.0032326900400221348, 0.49757814407348633, 0.0, 0.0, 0.0, -1.0]"
1520440537800597923,,214,,1520440537,782328680,'',0,"[-0.0015023532323539257, -0.013935787603259087, 0.06415216624736786, 0.5680767893791199, 0.0, 0.0, 0.0, -1.0]"
1520440537882376615,,215,,1520440537,879064656,'',0,"[-0.0014735881704837084, -0.013360240496695042, 0.06526970863342285, 0.5811160802841187, 0.0, 0.0, 0.0, -1.0]"
1520440537982633016,,216,,1520440537,979070656,'',0,"[-0.0012528642546385527, -0.013555058278143406, 0.0666385293006897, 0.5819456577301025, 0.0, 0.0, 0.0, -1.0]"
1520440538092377524,,217,,1520440538,76226320,'',0,"[-0.001833246904425323, -0.013658002018928528, 0.0679008737206459, 0.5827975869178772, 0.0, 0.0, 0.0, -1.0]"
1520440538183063959,,218,,1520440538,179278528,'',0,"[-0.0016127834096550941, -0.013120241463184357, 0.06914690136909485, 0.5835588574409485, 0.0, 0.0, 0.0, -1.0]"
1520440538292303740,,219,,1520440538,276583600,'',0,"[-0.0017592485528439283, -0.013485520146787167, 0.0702865794301033, 0.5842152237892151, 0.0, 0.0, 0.0, -1.0]"
1520440538386338155,,220,,1520440538,373427632,'',0,"[-0.0017344242660328746, -0.01305480021983385, 0.07139579951763153, 0.5850668549537659, 0.0, 0.0, 0.0, -1.0]"
1520440538483516281,,221,,1520440538,476293152,'',0,"[-0.0018463304731994867, -0.013134768232703209, 0.07258634269237518, 0.5859492421150208, 0.0, 0.0, 0.0, -1.0]"
1520440538593845628,,222,,1520440538,579830680,'',0,"[-0.002261125948280096, -0.013293159194290638, 0.07363616675138474, 0.5867540836334229, 0.0, 0.0, 0.0, -1.0]"
1520440538693709472,,223,,1520440538,681750864,'',0,"[-0.0024254852905869484, -0.013678123243153095, 0.07475993037223816, 0.5875192880630493, 0.0, 0.0, 0.0, -1.0]"
1520440538784302386,,224,,1520440538,781819864,'',0,"[-0.0026971925981342793, -0.013944256119430065, 0.07593506574630737, 0.5884109735488892, 0.0, 0.0, 0.0, -1.0]"
1520440538883445571,,225,,1520440538,878002856,'',0,"[-0.0026949713937938213, -0.014091853983700275, 0.07692329585552216, 0.5891820788383484, 0.0, 0.0, 0.0, -1.0]"
1520440538994397549,,226,,1520440538,977995856,'',0,"[-0.002463984303176403, -0.013772278092801571, 0.07824866473674774, 0.5898371934890747, 0.0, 0.0, 0.0, -1.0]"
1520440539103442069,,227,,1520440539,73761568,'',0,"[-0.0025802538730204105, -0.013644750230014324, 0.07906632870435715, 0.5905819535255432, 0.0, 0.0, 0.0, -1.0]"
1520440539182630298,,228,,1520440539,174861880,'',0,"[-0.0030273268930613995, -0.013935449533164501, 0.08013978600502014, 0.5910994410514832, 0.0, 0.0, 0.0, -1.0]"
1520440539301096621,,229,,1520440539,278212008,'',0,"[-0.0028985494282096624, -0.01392203476279974, 0.08104189485311508, 0.591989278793335, 0.0, 0.0, 0.0, -1.0]"
1520440539393918243,,230,,1520440539,381956952,'',0,"[-0.0033577769063413143, -0.01454571820795536, 0.0818878784775734, 0.5922079086303711, 0.0, 0.0, 0.0, -1.0]"
1520440539517323525,,231,,1520440539,481140328,'',0,"[-0.0038962047547101974, -0.01464486587792635, 0.08310931921005249, 0.5925100445747375, 0.0, 0.0, 0.0, -1.0]"
1520440539582898813,,232,,1520440539,577300504,'',0,"[-0.004786002449691296, -0.015466604381799698, 0.08384793996810913, 0.5926352143287659, 0.0, 0.0, 0.0, -1.0]"
1520440539695457466,,233,,1520440539,677287504,'',0,"[-0.005413849838078022, -0.01567872427403927, 0.08498509228229523, 0.592810332775116, 0.0, 0.0, 0.0, -1.0]"
1520440539794543136,,234,,1520440539,778350256,'',0,"[-0.00590925756841898, -0.015871362760663033, 0.08572794497013092, 0.5930495262145996, 0.0, 0.0, 0.0, -1.0]"
1520440539892998551,,235,,1520440539,874348256,'',0,"[-0.00667638098821044, -0.016096461564302444, 0.08663918823003769, 0.5932390093803406, 0.0, 0.0, 0.0, -1.0]"
1520440539993596184,,236,,1520440539,976849256,'',0,"[-0.007418404333293438, -0.016719456762075424, 0.08755122870206833, 0.5936228632926941, 0.0, 0.0, 0.0, -1.0]"
1520440540084457475,,237,,1520440540,77769320,'',0,"[-0.007694906555116177, -0.017102980986237526, 0.08838079124689102, 0.5938551425933838, 0.0, 0.0, 0.0, -1.0]"
1520440540201414677,,238,,1520440540,179466088,'',0,"[-0.008727412670850754, -0.017470691353082657, 0.08919541537761688, 0.5940266251564026, 0.0, 0.0, 0.0, -1.0]"
1520440540319875029,,239,,1520440540,295837385,'',0,"[-0.009403667412698269, -0.018838873133063316, 0.09009842574596405, 0.594020426273346, 0.0, 0.0, 0.0, -1.0]"
1520440540384425290,,240,,1520440540,387913385,'',0,"[-0.010149077512323856, -0.019315747544169426, 0.09088227897882462, 0.5939068794250488, 0.0, 0.0, 0.0, -1.0]"
1520440540484316416,,241,,1520440540,479170832,'',0,"[-0.011064404621720314, -0.01972842775285244, 0.09179876744747162, 0.5938622355461121, 0.0, 0.0, 0.0, -1.0]"
1520440540607956446,,242,,1520440540,575164832,'',0,"[-0.003851858666166663, -0.015010030940175056, 0.09241215884685516, 0.6012747883796692, 0.0, 0.0, 0.0, -1.0]"
1520440540701667120,,243,,1520440540,676169432,'',0,"[-0.004325482062995434, -0.014746627770364285, 0.09326163679361343, 0.6026341915130615, 0.0, 0.0, 0.0, -1.0]"
1520440540802925185,,244,,1520440540,785141096,'',0,"[-0.004364090971648693, -0.015125913545489311, 0.09406230598688126, 0.6037212014198303, 0.0, 0.0, 0.0, -1.0]"
1520440540892018375,,245,,1520440540,882084432,'',0,"[-0.004683040548115969, -0.01509071234613657, 0.09443754702806473, 0.6046438217163086, 0.0, 0.0, 0.0, -1.0]"
1520440540994125072,,246,,1520440540,979578776,'',0,"[-0.004654204472899437, -0.015471341088414192, 0.09440451115369797, 0.6055834889411926, 0.0, 0.0, 0.0, -1.0]"
1520440541092790998,,247,,1520440541,82142248,'',0,"[-0.005076165311038494, -0.015261437743902206, 0.09454789012670517, 0.6064872145652771, 0.0, 0.0, 0.0, -1.0]"
1520440541182237462,,248,,1520440541,175068248,'',0,"[-0.0052380613051354885, -0.015244274400174618, 0.09445185214281082, 0.607255220413208, 0.0, 0.0, 0.0, -1.0]"
1520440541281839031,,249,,1520440541,275878688,'',0,"[-0.005391434300690889, -0.015345961786806583, 0.09457875788211823, 0.607837975025177, 0.0, 0.0, 0.0, -1.0]"
1520440541401359326,,250,,1520440541,385399104,'',0,"[-0.00496805552393198, -0.01506404671818018, 0.09464868903160095, 0.6089471578598022, 0.0, 0.0, 0.0, -1.0]"
1520440541492303627,,251,,1520440541,481341104,'',0,"[-0.005477315280586481, -0.015127943828701973, 0.09455538541078568, 0.6094598770141602, 0.0, 0.0, 0.0, -1.0]"
1520440541592703180,,252,,1520440541,585574320,'',0,"[-0.004808872006833553, -0.01467440277338028, 0.09453421086072922, 0.6103675961494446, 0.0, 0.0, 0.0, -1.0]"
1520440541696281289,,253,,1520440541,684812296,'',0,"[-0.00485425116494298, -0.01464620791375637, 0.09449165314435959, 0.6111905574798584, 0.0, 0.0, 0.0, -1.0]"
1520440541806814389,,254,,1520440541,789154080,'',0,"[-0.0047951964661479, -0.015040063299238682, 0.09457576274871826, 0.6119111776351929, 0.0, 0.0, 0.0, -1.0]"
1520440541901680521,,255,,1520440541,889105624,'',0,"[-0.005094484426081181, -0.014939766377210617, 0.09440528601408005, 0.6129035949707031, 0.0, 0.0, 0.0, -1.0]"
1520440542001268420,,256,,1520440541,987706176,'',0,"[-0.0051860627718269825, -0.01438047830015421, 0.09454293549060822, 0.6138813495635986, 0.0, 0.0, 0.0, -1.0]"
1520440542106017732,,257,,1520440542,90007616,'',0,"[-0.005279335658997297, -0.014930546283721924, 0.09452518075704575, 0.6146722435951233, 0.0, 0.0, 0.0, -1.0]"
1520440542202011651,,258,,1520440542,190452264,'',0,"[-0.005115156061947346, -0.014322061091661453, 0.09450296312570572, 0.6154716610908508, 0.0, 0.0, 0.0, -1.0]"
1520440542296349493,,259,,1520440542,290419264,'',0,"[-0.005186067894101143, -0.01459407340735197, 0.09448245912790298, 0.6159467101097107, 0.0, 0.0, 0.0, -1.0]"
1520440542401093409,,260,,1520440542,388506572,'',0,"[-0.005092025734484196, -0.014569733291864395, 0.09445679187774658, 0.6168020367622375, 0.0, 0.0, 0.0, -1.0]"
1520440542504928326,,261,,1520440542,488430352,'',0,"[-0.005383736453950405, -0.01380412932485342, 0.09450805187225342, 0.6174681782722473, 0.0, 0.0, 0.0, -1.0]"
1520440542592930444,,262,,1520440542,585632848,'',0,"[-0.005432435777038336, -0.013994764536619186, 0.09448926150798798, 0.617874264717102, 0.0, 0.0, 0.0, -1.0]"
1520440542707849789,,263,,1520440542,688107856,'',0,"[-0.005170601885765791, -0.014440789818763733, 0.0945620909333229, 0.618898868560791, 0.0, 0.0, 0.0, -1.0]"
1520440542801648455,,264,,1520440542,788681024,'',0,"[-0.0007502015796490014, -0.011758173815906048, 0.09900588542222977, 0.40248945355415344, 0.0, 0.0, 0.0, -1.0]"
1520440542892864673,,265,,1520440542,888662024,'',0,"[-0.005120518617331982, -0.011522962711751461, 0.10198831558227539, 0.4210350215435028, 0.0, 0.0, 0.0, -1.0]"
1520440542993129710,,266,,1520440542,973996004,'',0,"[-0.002142051700502634, -0.013130784966051579, 0.10237756371498108, 0.4409838616847992, 0.0, 0.0, 0.0, -1.0]"
1520440543100847668,,267,,1520440543,88152426,'',0,"[-0.0007854952709749341, -0.01170305721461773, 0.11002659797668457, 0.4616198241710663, 0.0, 0.0, 0.0, -1.0]"
1520440543223814865,,268,,1520440543,184148426,'',0,"[-0.003086806507781148, -0.011722137220203876, 0.11141201853752136, 0.4819384217262268, 0.0, 0.0, 0.0, -1.0]"
1520440543306987131,,269,,1520440543,289280553,'',0,"[-0.0008863506955094635, -0.01238350197672844, 0.11586180329322815, 0.5037292838096619, 0.0, 0.0, 0.0, -1.0]"
1520440543392631816,,270,,1520440543,389286553,'',0,"[-0.0022843473125249147, -0.011640744283795357, 0.12006454914808273, 0.5234563946723938, 0.0, 0.0, 0.0, -1.0]"
1520440543501286049,,271,,1520440543,487293192,'',0,"[-0.0037872593384236097, -0.01276274025440216, 0.12452010065317154, 0.5451508164405823, 0.0, 0.0, 0.0, -1.0]"
1520440543610223073,,272,,1520440543,591828048,'',0,"[-0.0026484716217964888, -0.012741448357701302, 0.1279146373271942, 0.5664493441581726, 0.0, 0.0, 0.0, -1.0]"
1520440543692924845,,273,,1520440543,683844048,'',0,"[-0.0020468877628445625, -0.012124300934374332, 0.13063621520996094, 0.5779569745063782, 0.0, 0.0, 0.0, -1.0]"
1520440543802135703,,274,,1520440543,782206336,'',0,"[-0.004478124901652336, -0.01276313979178667, 0.13582104444503784, 0.5763773322105408, 0.0, 0.0, 0.0, -1.0]"
1520440543904148221,,275,,1520440543,886069672,'',0,"[-0.0014348449185490608, -0.012278950773179531, 0.13925889134407043, 0.5745572447776794, 0.0, 0.0, 0.0, -1.0]"
1520440544000162379,,276,,1520440543,982078672,'',0,"[-0.00628240080550313, -0.01317646075040102, 0.14394202828407288, 0.5724747180938721, 0.0, 0.0, 0.0, -1.0]"
1520440544101501482,,277,,1520440544,83353464,'',0,"[-0.009902657940983772, -0.014785192906856537, 0.1470557004213333, 0.5714601874351501, 0.0, 0.0, 0.0, -1.0]"
1520440544208366424,,278,,1520440544,189571888,'',0,"[-0.018346602097153664, -0.01433727890253067, 0.1481841802597046, 0.565021276473999, 0.0, 0.0, 0.0, -1.0]"
1520440544301840495,,279,,1520440544,289593656,'',0,"[0.025445304811000824, -0.07487558573484421, 0.09614945948123932, 0.5121796131134033, 0.0, 0.0, 0.0, -1.0]"
1520440544403468781,,280,,1520440544,390684144,'',0,"[0.01342329103499651, -0.05937513709068298, 0.07058274000883102, 0.4901667535305023, 0.0, 0.0, 0.0, -1.0]"
1520440544525472311,,281,,1520440544,486824200,'',0,"[-0.009933801367878914, -0.06999652832746506, 0.04019184410572052, 0.48489245772361755, 0.0, 0.0, 0.0, -1.0]"
1520440544621186347,,282,,1520440544,595078842,'',0,"[0.005925328470766544, -0.07791145890951157, 0.021778978407382965, 0.47191935777664185, 0.0, 0.0, 0.0, -1.0]"
1520440544763279986,,283,,1520440544,691021842,'',0,"[0.011885173618793488, -0.04644942283630371, 0.007253061980009079, 0.4641072154045105, 0.0, 0.0, 0.0, -1.0]"
1520440544814706406,,284,,1520440544,793648097,'',0,"[-0.00668590422719717, -0.032252080738544464, -0.006353795528411865, 0.4741852283477783, 0.0, 0.0, 0.0, -1.0]"
1520440544911470655,,285,,1520440544,885637097,'',0,"[0.007545477245002985, -0.03686778247356415, -0.013124492019414902, 0.4764791429042816, 0.0, 0.0, 0.0, -1.0]"
1520440545003223669,,286,,1520440544,990785032,'',0,"[0.011585947126150131, -0.03956369310617447, -0.017883460968732834, 0.4901362955570221, 0.0, 0.0, 0.0, -1.0]"
1520440545092387248,,287,,1520440545,82895696,'',0,"[0.0001772170653566718, -0.05467773228883743, -0.01860494539141655, 0.5082340836524963, 0.0, 0.0, 0.0, -1.0]"
1520440545202480128,,288,,1520440545,185324512,'',0,"[-0.005136516876518726, -0.04599369317293167, -0.015777569264173508, 0.5440434217453003, 0.0, 0.0, 0.0, -1.0]"
1520440545301878814,,289,,1520440545,289331512,'',0,"[-0.00515928165987134, -0.053559329360723495, -0.012719999998807907, 0.5126296281814575, 0.0, 0.0, 0.0, -1.0]"
1520440545401254502,,290,,1520440545,381817104,'',0,"[0.008846912533044815, -0.035366490483284, -0.007607955485582352, 0.5022880434989929, 0.0, 0.0, 0.0, -1.0]"
1520440545498140877,,291,,1520440545,483354456,'',0,"[0.005430384073406458, -0.0565279945731163, -0.0027238167822360992, 0.4961244761943817, 0.0, 0.0, 0.0, -1.0]"
1520440545610265649,,292,,1520440545,596664947,'',0,"[0.004277934320271015, -0.03815450146794319, 0.002968866378068924, 0.5062626004219055, 0.0, 0.0, 0.0, -1.0]"
1520440545701169284,,293,,1520440545,690917888,'',0,"[0.006842940580099821, -0.023450789973139763, 0.006461312994360924, 0.49821799993515015, 0.0, 0.0, 0.0, -1.0]"
1520440545800513412,,294,,1520440545,787186512,'',0,"[0.008285971358418465, -0.037346143275499344, 0.009967060759663582, 0.5066811442375183, 0.0, 0.0, 0.0, -1.0]"
1520440545902240678,,295,,1520440545,888218912,'',0,"[0.012564078904688358, -0.019083477556705475, 0.014125898480415344, 0.504139244556427, 0.0, 0.0, 0.0, -1.0]"
1520440546002286927,,296,,1520440545,989012912,'',0,"[0.001883380813524127, -0.04577304795384407, 0.017042037099599838, 0.503332793712616, 0.0, 0.0, 0.0, -1.0]"
1520440546094801428,,297,,1520440546,84063728,'',0,"[0.016458913683891296, -0.01778854988515377, 0.019723476842045784, 0.50346440076828, 0.0, 0.0, 0.0, -1.0]"
1520440546208088596,,298,,1520440546,196447851,'',0,"[0.006798920221626759, -0.041871074587106705, 0.021206866949796677, 0.5043138265609741, 0.0, 0.0, 0.0, -1.0]"
1520440546301583718,,299,,1520440546,290926152,'',0,"[-0.005240218713879585, -0.06127619743347168, 0.022320497781038284, 0.5080843567848206, 0.0, 0.0, 0.0, -1.0]"
1520440546392485026,,300,,1520440546,389677488,'',0,"[0.013383178040385246, -0.04103446751832962, 0.022332195192575455, 0.5112958550453186, 0.0, 0.0, 0.0, -1.0]"
1520440546500407285,,301,,1520440546,487157576,'',0,"[0.00035272305831313133, -0.042182452976703644, 0.022633876651525497, 0.511695921421051, 0.0, 0.0, 0.0, -1.0]"
1520440546600740859,,302,,1520440546,587234544,'',0,"[-0.007885690778493881, -0.05901872739195824, 0.02002101019024849, 0.5204602479934692, 0.0, 0.0, 0.0, -1.0]"
1520440546698483934,,303,,1520440546,687290544,'',0,"[-0.0031601099763065577, -0.06674432754516602, 0.02055145986378193, 0.5095973610877991, 0.0, 0.0, 0.0, -1.0]"
1520440546804859611,,304,,1520440546,784249056,'',0,"[0.0035170335322618484, -0.060321707278490067, 0.020067762583494186, 0.5033080577850342, 0.0, 0.0, 0.0, -1.0]"
1520440546900756300,,305,,1520440546,885215256,'',0,"[0.0022087986581027508, -0.06153057888150215, 0.016878757625818253, 0.49848905205726624, 0.0, 0.0, 0.0, -1.0]"
1520440546995679262,,306,,1520440546,985506144,'',0,"[0.006833146326243877, -0.022830665111541748, 0.019480232149362564, 0.5381300449371338, 0.0, 0.0, 0.0, -1.0]"
1520440547092493910,,307,,1520440547,86229744,'',0,"[0.0024432556238025427, -0.07517566531896591, 0.018327591940760612, 0.5461502075195312, 0.0, 0.0, 0.0, -1.0]"
1520440547201340262,,308,,1520440547,190954240,'',0,"[0.017410539090633392, -0.07023586332798004, 0.0206394512206316, 0.5222209692001343, 0.0, 0.0, 0.0, -1.0]"
1520440547301393929,,309,,1520440547,285090224,'',0,"[0.0009397403337061405, -0.04536975175142288, 0.020261533558368683, 0.5028886198997498, 0.0, 0.0, 0.0, -1.0]"
1520440547413783070,,310,,1520440547,385382192,'',0,"[-0.003072794061154127, -0.04767507314682007, 0.019137002527713776, 0.5067212581634521, 0.0, 0.0, 0.0, -1.0]"
1520440547503326370,,311,,1520440547,487132232,'',0,"[-0.005843198858201504, -0.052479248493909836, 0.018494870513677597, 0.5081693530082703, 0.0, 0.0, 0.0, -1.0]"
1520440547603824461,,312,,1520440547,589894944,'',0,"[0.01248745433986187, -0.04025384411215782, 0.019425325095653534, 0.5061260461807251, 0.0, 0.0, 0.0, -1.0]"
1520440547697781851,,313,,1520440547,683691944,'',0,"[-0.006607363000512123, -0.056247297674417496, 0.01833179220557213, 0.5132313370704651, 0.0, 0.0, 0.0, -1.0]"
1520440547802923525,,314,,1520440547,789163360,'',0,"[0.0005239751189947128, -0.03166802600026131, 0.019260233268141747, 0.5101967453956604, 0.0, 0.0, 0.0, -1.0]"
1520440547910585698,,315,,1520440547,894937440,'',0,"[0.012687766924500465, -0.03942226618528366, 0.021346066147089005, 0.512198269367218, 0.0, 0.0, 0.0, -1.0]"
1520440548008351615,,316,,1520440547,995263896,'',0,"[0.006901867222040892, -0.03513406589627266, 0.019202973693609238, 0.5219258666038513, 0.0, 0.0, 0.0, -1.0]"
1520440548166121743,,317,,1520440548,99508280,'',0,"[0.004163376055657864, -0.048712704330682755, 0.02011651173233986, 0.5289132595062256, 0.0, 0.0, 0.0, -1.0]"
1520440548212959746,,318,,1520440548,199230056,'',0,"[-0.00935947336256504, -0.032517824321985245, 0.021871760487556458, 0.5276995301246643, 0.0, 0.0, 0.0, -1.0]"
1520440548333102082,,319,,1520440548,303244056,'',0,"[-0.011909222230315208, -0.03709860518574715, 0.02157999761402607, 0.5307220220565796, 0.0, 0.0, 0.0, -1.0]"
1520440548407579537,,320,,1520440548,397403624,'',0,"[-0.012013690546154976, -0.059070367366075516, 0.024383187294006348, 0.5249344706535339, 0.0, 0.0, 0.0, -1.0]"
1520440548502222262,,321,,1520440548,497468336,'',0,"[0.005282585974782705, -0.04831177368760109, 0.0239952951669693, 0.5145509839057922, 0.0, 0.0, 0.0, -1.0]"
1520440548621672368,,322,,1520440548,597305752,'',0,"[0.014137215912342072, -0.016557365655899048, 0.023028504103422165, 0.5207490921020508, 0.0, 0.0, 0.0, -1.0]"
1520440548735979714,,323,,1520440548,704518912,'',0,"[-1.22936035040766e-05, -0.03914475440979004, 0.02520138770341873, 0.5192154049873352, 0.0, 0.0, 0.0, -1.0]"
1520440548846096595,,324,,1520440548,813516320,'',0,"[0.01569845713675022, -0.024040985852479935, 0.02480444498360157, 0.5210598707199097, 0.0, 0.0, 0.0, -1.0]"
1520440548924159934,,325,,1520440548,905219784,'',0,"[-0.010544577613472939, -0.025252871215343475, 0.02597605623304844, 0.5146996974945068, 0.0, 0.0, 0.0, -1.0]"
1520440549022632101,,326,,1520440549,10928488,'',0,"[0.007209103554487228, -0.014365524053573608, 0.026236049830913544, 0.5389861464500427, 0.0, 0.0, 0.0, -1.0]"
1520440549115322070,,327,,1520440549,98210712,'',0,"[0.017444636672735214, -0.05260400101542473, 0.027106206864118576, 0.5527422428131104, 0.0, 0.0, 0.0, -1.0]"
1520440549220310496,,328,,1520440549,197291208,'',0,"[0.009707098826766014, -0.05393058434128761, 0.025826651602983475, 0.5408647656440735, 0.0, 0.0, 0.0, -1.0]"
1520440549333793655,,329,,1520440549,307383488,'',0,"[-0.00225850660353899, -0.011305520310997963, 0.02557247132062912, 0.5193983912467957, 0.0, 0.0, 0.0, -1.0]"
1520440549450703819,,330,,1520440549,405992576,'',0,"[0.019432036206126213, -0.0313369482755661, 0.025973891839385033, 0.5174447894096375, 0.0, 0.0, 0.0, -1.0]"
1520440549512026006,,331,,1520440549,510083576,'',0,"[0.0016037373570725322, -0.02861558273434639, 0.026991333812475204, 0.5240015983581543, 0.0, 0.0, 0.0, -1.0]"
1520440549612029121,,332,,1520440549,602200176,'',0,"[-0.010853322222828865, -0.034530144184827805, 0.026306122541427612, 0.526518702507019, 0.0, 0.0, 0.0, -1.0]"
1520440549745303643,,333,,1520440549,701301344,'',0,"[0.007921716198325157, -0.03833841532468796, 0.028737766668200493, 0.5300059914588928, 0.0, 0.0, 0.0, -1.0]"
1520440549819006932,,334,,1520440549,820101920,'',0,"[0.008714061230421066, -0.050515398383140564, 0.026642533019185066, 0.5230860710144043, 0.0, 0.0, 0.0, -1.0]"
1520440549948514799,,335,,1520440549,907717916,'',0,"[0.023688480257987976, -0.0314239002764225, 0.02607794664800167, 0.5201790928840637, 0.0, 0.0, 0.0, -1.0]"
1520440550050682562,,336,,1520440550,7717640,'',0,"[-0.007503243163228035, -0.040974847972393036, 0.02705019898712635, 0.5346251130104065, 0.0, 0.0, 0.0, -1.0]"
1520440550112309929,,337,,1520440550,112539192,'',0,"[0.0012449122732505202, -0.035524673759937286, 0.02884684130549431, 0.5271909236907959, 0.0, 0.0, 0.0, -1.0]"
1520440550212653428,,338,,1520440550,200821312,'',0,"[0.015580154955387115, -0.04738879203796387, 0.029098058119416237, 0.5236464738845825, 0.0, 0.0, 0.0, -1.0]"
1520440550322144197,,339,,1520440550,308556184,'',0,"[-0.012849094346165657, -0.04949629679322243, 0.02937266230583191, 0.5250601172447205, 0.0, 0.0, 0.0, -1.0]"
1520440550414604179,,340,,1520440550,410665295,'',0,"[-0.007799386978149414, -0.03452993184328079, 0.028590980917215347, 0.528258740901947, 0.0, 0.0, 0.0, -1.0]"
1520440550522035996,,341,,1520440550,509895088,'',0,"[0.008683590218424797, -0.048371631652116776, 0.028783710673451424, 0.5282108187675476, 0.0, 0.0, 0.0, -1.0]"
1520440550650251546,,342,,1520440550,602219056,'',0,"[-0.00804123841226101, -0.052504874765872955, 0.029103336855769157, 0.5391069054603577, 0.0, 0.0, 0.0, -1.0]"
1520440550723526906,,343,,1520440550,712474256,'',0,"[-0.015027008019387722, -0.037633296102285385, 0.030932340770959854, 0.5281338095664978, 0.0, 0.0, 0.0, -1.0]"
1520440550833104025,,344,,1520440550,808855880,'',0,"[-0.002858499065041542, -0.043904274702072144, 0.030436618253588676, 0.5202196836471558, 0.0, 0.0, 0.0, -1.0]"
1520440550950751319,,345,,1520440550,905010272,'',0,"[0.011705435812473297, -0.036720696836709976, 0.030250707641243935, 0.5284363031387329, 0.0, 0.0, 0.0, -1.0]"
1520440551034889065,,346,,1520440551,15580691,'',0,"[-0.015139129012823105, -0.03262178972363472, 0.029866479337215424, 0.526178777217865, 0.0, 0.0, 0.0, -1.0]"
1520440551126761330,,347,,1520440551,110361368,'',0,"[0.00625358521938324, -0.04212290793657303, 0.030191592872142792, 0.52302086353302, 0.0, 0.0, 0.0, -1.0]"
1520440551246792986,,348,,1520440551,216754992,'',0,"[-0.0036653350107371807, -0.05213560536503792, 0.028267964720726013, 0.5223566293716431, 0.0, 0.0, 0.0, -1.0]"
1520440551322911109,,349,,1520440551,315911592,'',0,"[-0.012413903139531612, -0.052424266934394836, 0.028439879417419434, 0.5127224922180176, 0.0, 0.0, 0.0, -1.0]"
1520440551421845583,,350,,1520440551,413654000,'',0,"[0.0013763699680566788, -0.0352059006690979, 0.026728052645921707, 0.5193817019462585, 0.0, 0.0, 0.0, -1.0]"
1520440551548679398,,351,,1520440551,509113928,'',0,"[2.9063783586025238e-05, -0.07190005481243134, 0.025349225848913193, 0.5133839845657349, 0.0, 0.0, 0.0, -1.0]"
1520440551650767565,,352,,1520440551,614769808,'',0,"[0.00317369750700891, -0.03771311044692993, 0.025133522227406502, 0.5089480876922607, 0.0, 0.0, 0.0, -1.0]"
1520440551745485375,,353,,1520440551,710808440,'',0,"[0.001264041755348444, -0.0202554389834404, 0.023201072588562965, 0.5168195366859436, 0.0, 0.0, 0.0, -1.0]"
1520440551821987185,,354,,1520440551,811680984,'',0,"[-0.00820917822420597, -0.0478869266808033, 0.022155657410621643, 0.5155565738677979, 0.0, 0.0, 0.0, -1.0]"
1520440552016400063,,355,,1520440552,10478760,'',0,"[0.014575779438018799, -0.03928162157535553, 0.02131754159927368, 0.5135589838027954, 0.0, 0.0, 0.0, -1.0]"
1520440552122359311,,356,,1520440552,114799976,'',0,"[0.0032973114866763353, -0.03628736734390259, 0.019874537363648415, 0.5085729360580444, 0.0, 0.0, 0.0, -1.0]"
1520440552252873213,,357,,1520440552,213965608,'',0,"[0.008157863281667233, -0.027336077764630318, 0.019445210695266724, 0.5049089193344116, 0.0, 0.0, 0.0, -1.0]"
1520440552326542422,,358,,1520440552,314969216,'',0,"[-0.00797972921282053, -0.037706874310970306, 0.01873619295656681, 0.5104700326919556, 0.0, 0.0, 0.0, -1.0]"
1520440552453290484,,359,,1520440552,410410816,'',0,"[0.016965661197900772, -0.03552667424082756, 0.018514573574066162, 0.5069499015808105, 0.0, 0.0, 0.0, -1.0]"
1520440552629108269,,360,,1520440552,615617248,'',0,"[0.0005423622205853462, -0.05382893979549408, 0.015318398363888264, 0.5105023980140686, 0.0, 0.0, 0.0, -1.0]"
1520440552852044322,,361,,1520440552,823500392,'',0,"[0.015347011387348175, -0.04075564816594124, 0.01449063140898943, 0.5001622438430786, 0.0, 0.0, 0.0, -1.0]"
1520440552931735887,,362,,1520440552,908719563,'',0,"[-0.009468551725149155, -0.04297967627644539, 0.013686046935617924, 0.4903377294540405, 0.0, 0.0, 0.0, -1.0]"
1520440553059847823,,363,,1520440553,12927456,'',0,"[0.004820376634597778, -0.052316125482320786, 0.014596095308661461, 0.48905354738235474, 0.0, 0.0, 0.0, -1.0]"
1520440553224529352,,364,,1520440553,215206869,'',0,"[0.01252557709813118, -0.09805317968130112, 0.018048064783215523, 0.5490727424621582, 0.0, 0.0, 0.0, -1.0]"
1520440553320298735,,365,,1520440553,310822130,'',0,"[0.017144938930869102, -0.0570039227604866, 0.01671852543950081, 0.5447823405265808, 0.0, 0.0, 0.0, -1.0]"
1520440553448876099,,366,,1520440553,417437544,'',0,"[-0.013113418594002724, -0.07474759966135025, 0.015287242829799652, 0.5322951674461365, 0.0, 0.0, 0.0, -1.0]"
1520440553537073924,,367,,1520440553,503986661,'',0,"[-0.005139734596014023, -0.07949640601873398, 0.014703118242323399, 0.5188461542129517, 0.0, 0.0, 0.0, -1.0]"
1520440553624280543,,368,,1520440553,611877200,'',0,"[0.005349357612431049, -0.03766480088233948, 0.01453658752143383, 0.5112775564193726, 0.0, 0.0, 0.0, -1.0]"
1520440553723790493,,369,,1520440553,712953656,'',0,"[-0.0022712526842951775, -0.044605888426303864, 0.016429167240858078, 0.5055722594261169, 0.0, 0.0, 0.0, -1.0]"
1520440553825960286,,370,,1520440553,810380600,'',0,"[0.006078648380935192, -0.04777165874838829, 0.015619968064129353, 0.5011689066886902, 0.0, 0.0, 0.0, -1.0]"
1520440553926316534,,371,,1520440553,909445240,'',0,"[-0.01145565789192915, -0.06100613623857498, 0.01799069158732891, 0.5018466711044312, 0.0, 0.0, 0.0, -1.0]"
1520440554022053897,,372,,1520440554,14293792,'',0,"[-0.0017368531553074718, -0.040904682129621506, 0.019957171753048897, 0.5148101449012756, 0.0, 0.0, 0.0, -1.0]"
1520440554139129621,,373,,1520440554,119569064,'',0,"[-0.0004096317570656538, -0.02889864891767502, 0.020298268646001816, 0.5256078243255615, 0.0, 0.0, 0.0, -1.0]"
1520440554245911317,,374,,1520440554,221564592,'',0,"[-0.006373322103172541, -0.05174386128783226, 0.021399566903710365, 0.5269494652748108, 0.0, 0.0, 0.0, -1.0]"
1520440554332669383,,375,,1520440554,319543544,'',0,"[0.0010098065249621868, -0.03614797443151474, 0.02249213680624962, 0.522881805896759, 0.0, 0.0, 0.0, -1.0]"
1520440554444288251,,376,,1520440554,418033832,'',0,"[0.014811987057328224, -0.029621165245771408, 0.024123799055814743, 0.522490382194519, 0.0, 0.0, 0.0, -1.0]"
1520440554552414232,,377,,1520440554,529670087,'',0,"[0.025448204949498177, -0.03668033704161644, 0.024329379200935364, 0.5303075909614563, 0.0, 0.0, 0.0, -1.0]"
1520440554636235031,,378,,1520440554,636608008,'',0,"[0.0031608035787940025, -0.057678163051605225, 0.025320757180452347, 0.531722903251648, 0.0, 0.0, 0.0, -1.0]"
1520440554749762701,,379,,1520440554,729515780,'',0,"[-0.012243508361279964, -0.01982136256992817, 0.025608286261558533, 0.5265527963638306, 0.0, 0.0, 0.0, -1.0]"
1520440554853477640,,380,,1520440554,826608480,'',0,"[0.008402187377214432, -0.04639394208788872, 0.02699216827750206, 0.5199392437934875, 0.0, 0.0, 0.0, -1.0]"
1520440554972332386,,381,,1520440554,932024256,'',0,"[-7.476488826796412e-05, -0.05115218460559845, 0.026775814592838287, 0.5205479860305786, 0.0, 0.0, 0.0, -1.0]"
1520440555043648677,,382,,1520440555,28517808,'',0,"[0.005682986229658127, -0.05103018879890442, 0.02737922966480255, 0.5291821360588074, 0.0, 0.0, 0.0, -1.0]"
1520440555146507990,,383,,1520440555,129281520,'',0,"[0.008150167763233185, -0.02946697734296322, 0.026989826932549477, 0.5278924107551575, 0.0, 0.0, 0.0, -1.0]"
1520440555250138272,,384,,1520440555,231434056,'',0,"[0.019846510142087936, -0.03598684445023537, 0.02634960226714611, 0.5237783789634705, 0.0, 0.0, 0.0, -1.0]"
1520440555344462584,,385,,1520440555,334305104,'',0,"[0.004057698883116245, -0.04125712439417839, 0.02540946751832962, 0.5290685296058655, 0.0, 0.0, 0.0, -1.0]"
1520440555477262217,,386,,1520440555,439659288,'',0,"[0.00011529680341482162, -0.03320109844207764, 0.026034414768218994, 0.5314235687255859, 0.0, 0.0, 0.0, -1.0]"
1520440555546159900,,387,,1520440555,535890944,'',0,"[0.022640541195869446, -0.04770518094301224, 0.02523908205330372, 0.5295008420944214, 0.0, 0.0, 0.0, -1.0]"
1520440555645773935,,388,,1520440555,645465928,'',0,"[0.006972234696149826, -0.04147474840283394, 0.025987563654780388, 0.5220398902893066, 0.0, 0.0, 0.0, -1.0]"
1520440555750928447,,389,,1520440555,746639152,'',0,"[-0.010750376619398594, -0.039280299097299576, 0.028008900582790375, 0.5171319246292114, 0.0, 0.0, 0.0, -1.0]"
1520440555852298614,,390,,1520440555,842508824,'',0,"[9.6077099442482e-05, -0.04826357960700989, 0.02762552909553051, 0.5266584157943726, 0.0, 0.0, 0.0, -1.0]"
1520440555953351143,,391,,1520440555,941783680,'',0,"[0.018274862319231033, -0.049794912338256836, 0.029365304857492447, 0.5241395831108093, 0.0, 0.0, 0.0, -1.0]"
1520440556055188450,,392,,1520440556,41393968,'',0,"[-0.013943077996373177, -0.05319783836603165, 0.027185941115021706, 0.5369778275489807, 0.0, 0.0, 0.0, -1.0]"
1520440556169178792,,393,,1520440556,141586584,'',0,"[-0.0170124601572752, -0.049423255026340485, 0.027700159698724747, 0.5341876149177551, 0.0, 0.0, 0.0, -1.0]"
1520440556251740893,,394,,1520440556,247116312,'',0,"[0.011891905218362808, -0.06365782767534256, 0.028821028769016266, 0.5251654982566833, 0.0, 0.0, 0.0, -1.0]"
1520440556377808667,,395,,1520440556,344155960,'',0,"[0.015537139028310776, -0.01033163070678711, 0.02878403663635254, 0.5316897034645081, 0.0, 0.0, 0.0, -1.0]"
1520440556476503126,,396,,1520440556,452677777,'',0,"[0.004934912547469139, -0.052013397216796875, 0.027737848460674286, 0.52651047706604, 0.0, 0.0, 0.0, -1.0]"
1520440556550256506,,397,,1520440556,553936720,'',0,"[0.005383647046983242, -0.03859018161892891, 0.025725260376930237, 0.5413786172866821, 0.0, 0.0, 0.0, -1.0]"
1520440556652070237,,398,,1520440556,633520997,'',0,"[-0.010215070098638535, -0.03837314620614052, 0.022539041936397552, 0.5447404980659485, 0.0, 0.0, 0.0, -1.0]"
1520440556779963692,,399,,1520440556,752793382,'',0,"[0.017181718721985817, -0.044173598289489746, 0.022827373817563057, 0.538267195224762, 0.0, 0.0, 0.0, -1.0]"
1520440556898515908,,400,,1520440556,852585928,'',0,"[-0.00311940535902977, -0.040029749274253845, 0.022215811535716057, 0.5318005681037903, 0.0, 0.0, 0.0, -1.0]"
1520440556976408515,,401,,1520440556,953219288,'',0,"[0.012112774886190891, -0.037506651133298874, 0.022348221391439438, 0.533812403678894, 0.0, 0.0, 0.0, -1.0]"
1520440557078744025,,402,,1520440557,59164840,'',0,"[0.002997309435158968, -0.03527495265007019, 0.020673591643571854, 0.5305787920951843, 0.0, 0.0, 0.0, -1.0]"
1520440557176699529,,403,,1520440557,156345544,'',0,"[-0.007028251886367798, -0.04033156856894493, 0.020256314426660538, 0.5321876406669617, 0.0, 0.0, 0.0, -1.0]"
1520440557263167740,,404,,1520440557,260449800,'',0,"[0.01203133538365364, -0.0342276506125927, 0.019263651221990585, 0.5417148470878601, 0.0, 0.0, 0.0, -1.0]"
1520440557377805096,,405,,1520440557,355370552,'',0,"[0.010755362920463085, -0.06072910130023956, 0.01925051026046276, 0.5366188883781433, 0.0, 0.0, 0.0, -1.0]"
1520440557462157296,,406,,1520440557,453121120,'',0,"[-0.016527127474546432, -0.046009764075279236, 0.017945807427167892, 0.5386496186256409, 0.0, 0.0, 0.0, -1.0]"
1520440557563200242,,407,,1520440557,553239696,'',0,"[0.005916653200984001, -0.04371655732393265, 0.01847289502620697, 0.5379795432090759, 0.0, 0.0, 0.0, -1.0]"
1520440557689552764,,408,,1520440557,661951719,'',0,"[0.0039556026458740234, -0.03967525064945221, 0.01898706704378128, 0.5360658764839172, 0.0, 0.0, 0.0, -1.0]"
1520440557763414214,,409,,1520440557,750193106,'',0,"[0.00047499965876340866, -0.02233721688389778, 0.01991402916610241, 0.5440605282783508, 0.0, 0.0, 0.0, -1.0]"
1520440557891915800,,410,,1520440557,857466680,'',0,"[0.010006599128246307, -0.03817962482571602, 0.019351838156580925, 0.5427122712135315, 0.0, 0.0, 0.0, -1.0]"
1520440557978824638,,411,,1520440557,941449231,'',0,"[0.007281113415956497, -0.06111275032162666, 0.020598482340574265, 0.5406710505485535, 0.0, 0.0, 0.0, -1.0]"
1520440558064909450,,412,,1520440558,61723616,'',0,"[-0.007413965649902821, -0.056415848433971405, 0.017843497917056084, 0.5365564227104187, 0.0, 0.0, 0.0, -1.0]"
1520440558172905066,,413,,1520440558,154062471,'',0,"[0.018225181847810745, -0.037222109735012054, 0.02197154052555561, 0.5389829277992249, 0.0, 0.0, 0.0, -1.0]"
1520440558282938268,,414,,1520440558,251325432,'',0,"[-0.007425234187394381, -0.031536705791950226, 0.021193038672208786, 0.5419259667396545, 0.0, 0.0, 0.0, -1.0]"
1520440558370813734,,415,,1520440558,353374792,'',0,"[0.0005317917093634605, -0.05590308830142021, 0.020516496151685715, 0.5405106544494629, 0.0, 0.0, 0.0, -1.0]"
1520440558463471809,,416,,1520440558,456970807,'',0,"[0.004773963242769241, -0.04522143676877022, 0.02216223254799843, 0.5400165319442749, 0.0, 0.0, 0.0, -1.0]"
1520440558571970775,,417,,1520440558,554825296,'',0,"[0.011442409828305244, -0.033848922699689865, 0.022875776514410973, 0.45897117257118225, 0.0, 0.0, 0.0, -1.0]"
1520440558664203541,,418,,1520440558,648729400,'',0,"[0.00952206365764141, -0.030904052779078484, 0.023332564160227776, 0.4795558452606201, 0.0, 0.0, 0.0, -1.0]"
1520440558766570132,,419,,1520440558,751073904,'',0,"[0.004680369980633259, -0.0634266585111618, 0.02335977554321289, 0.5022769570350647, 0.0, 0.0, 0.0, -1.0]"
1520440558863457152,,420,,1520440558,851599288,'',0,"[0.0039871386252343655, -0.03346770256757736, 0.024594537913799286, 0.5156139731407166, 0.0, 0.0, 0.0, -1.0]"
1520440558977666972,,421,,1520440558,942806136,'',0,"[0.01304905116558075, -0.048682406544685364, 0.026042519137263298, 0.5220983028411865, 0.0, 0.0, 0.0, -1.0]"
1520440559077150058,,422,,1520440559,63244171,'',0,"[0.009808017872273922, -0.04683972895145416, 0.025157436728477478, 0.5305760502815247, 0.0, 0.0, 0.0, -1.0]"
1520440559191969351,,423,,1520440559,161969048,'',0,"[0.004594549536705017, -0.03605937585234642, 0.024020954966545105, 0.5340277552604675, 0.0, 0.0, 0.0, -1.0]"
1520440559269685692,,424,,1520440559,260169056,'',0,"[0.019327864050865173, -0.05241020396351814, 0.02395988628268242, 0.537760853767395, 0.0, 0.0, 0.0, -1.0]"
1520440559357389664,,425,,1520440559,355488376,'',0,"[0.019069377332925797, -0.020152732729911804, 0.023349760100245476, 0.5486841797828674, 0.0, 0.0, 0.0, -1.0]"
1520440559465957914,,426,,1520440559,452810960,'',0,"[0.022087667137384415, -0.03297392278909683, 0.02384842187166214, 0.5367499589920044, 0.0, 0.0, 0.0, -1.0]"
1520440559571211608,,427,,1520440559,557198784,'',0,"[0.008492156863212585, -0.03420345485210419, 0.02161593735218048, 0.5294411182403564, 0.0, 0.0, 0.0, -1.0]"
1520440559680046402,,428,,1520440559,652344576,'',0,"[-0.006970656104385853, -0.04477757215499878, 0.022485898807644844, 0.5363284945487976, 0.0, 0.0, 0.0, -1.0]"
1520440559774013260,,429,,1520440559,756434048,'',0,"[0.00836548488587141, -0.049760568886995316, 0.023106591776013374, 0.5319119691848755, 0.0, 0.0, 0.0, -1.0]"
1520440559877669077,,430,,1520440559,856613056,'',0,"[0.0098743736743927, -0.02176184393465519, 0.023579109460115433, 0.5392572283744812, 0.0, 0.0, 0.0, -1.0]"
1520440559962284250,,431,,1520440559,958475248,'',0,"[0.02244909293949604, -0.041394345462322235, 0.025482119992375374, 0.5366804003715515, 0.0, 0.0, 0.0, -1.0]"
1520440560062399473,,432,,1520440560,58178184,'',0,"[0.014111259952187538, -0.06485729664564133, 0.021371740847826004, 0.5340844988822937, 0.0, 0.0, 0.0, -1.0]"
1520440560181331421,,433,,1520440560,155907592,'',0,"[-0.015576821751892567, -0.0442449115216732, 0.022163569927215576, 0.5361141562461853, 0.0, 0.0, 0.0, -1.0]"
1520440560270487658,,434,,1520440560,254599888,'',0,"[0.007436711341142654, -0.039129506796598434, 0.02128172665834427, 0.5361452102661133, 0.0, 0.0, 0.0, -1.0]"
1520440560383704332,,435,,1520440560,356255888,'',0,"[0.014317026361823082, -0.04456111416220665, 0.022302445024251938, 0.5336624979972839, 0.0, 0.0, 0.0, -1.0]"
1520440560462542832,,436,,1520440560,451373784,'',0,"[-0.013553793542087078, -0.025120452046394348, 0.022045332938432693, 0.535672664642334, 0.0, 0.0, 0.0, -1.0]"
1520440560566708677,,437,,1520440560,549618904,'',0,"[0.0060418229550123215, -0.05547013878822327, 0.02007283642888069, 0.528846263885498, 0.0, 0.0, 0.0, -1.0]"
1520440560676627671,,438,,1520440560,654559256,'',0,"[0.019964711740612984, -0.0479169636964798, 0.02078426629304886, 0.5253080129623413, 0.0, 0.0, 0.0, -1.0]"
1520440560777107889,,439,,1520440560,760115360,'',0,"[0.014519952237606049, -0.02239181473851204, 0.021931398659944534, 0.5246115922927856, 0.0, 0.0, 0.0, -1.0]"
1520440560898613973,,440,,1520440560,851541656,'',0,"[0.018080905079841614, -0.02406228706240654, 0.021727614104747772, 0.5323336124420166, 0.0, 0.0, 0.0, -1.0]"
1520440560961878974,,441,,1520440560,945970680,'',0,"[0.003098477143794298, -0.04676835238933563, 0.021822405979037285, 0.5394096970558167, 0.0, 0.0, 0.0, -1.0]"
1520440561095031245,,442,,1520440561,51485328,'',0,"[0.0024043917655944824, -0.053982801735401154, 0.0238014105707407, 0.5398088097572327, 0.0, 0.0, 0.0, -1.0]"
1520440561175315211,,443,,1520440561,149238728,'',0,"[-0.004013792611658573, -0.08251411467790604, 0.023376116529107094, 0.5346987843513489, 0.0, 0.0, 0.0, -1.0]"
1520440561293207182,,444,,1520440561,258934192,'',0,"[-0.013587711378932, -0.044055841863155365, 0.024810874834656715, 0.5346765518188477, 0.0, 0.0, 0.0, -1.0]"
1520440561377336922,,445,,1520440561,349092332,'',0,"[0.018701771274209023, -0.06535446643829346, 0.025266356766223907, 0.5318970680236816, 0.0, 0.0, 0.0, -1.0]"
1520440561477782895,,446,,1520440561,465627212,'',0,"[0.0035179019905626774, -0.04494312405586243, 0.026516033336520195, 0.5327280163764954, 0.0, 0.0, 0.0, -1.0]"
1520440561595181160,,447,,1520440561,564487072,'',0,"[0.02150779590010643, -0.075215645134449, 0.026800287887454033, 0.5308343172073364, 0.0, 0.0, 0.0, -1.0]"
1520440561679934620,,448,,1520440561,640494375,'',0,"[0.0052455575205385685, -0.04052829369902611, 0.02680807188153267, 0.5326474905014038, 0.0, 0.0, 0.0, -1.0]"
1520440561777796789,,449,,1520440561,765812305,'',0,"[0.026179110631346703, -0.0636504665017128, 0.026847776025533676, 0.5370708107948303, 0.0, 0.0, 0.0, -1.0]"
1520440561877031538,,450,,1520440561,858782072,'',0,"[0.005640040151774883, -0.04760152846574783, 0.02600277028977871, 0.538302481174469, 0.0, 0.0, 0.0, -1.0]"
1520440561971767016,,451,,1520440561,968273584,'',0,"[0.021830689162015915, -0.05544634535908699, 0.025953441858291626, 0.5338122844696045, 0.0, 0.0, 0.0, -1.0]"
1520440562084545136,,452,,1520440562,53796669,'',0,"[-0.009243215434253216, -0.04957079887390137, 0.02634231001138687, 0.5364657640457153, 0.0, 0.0, 0.0, -1.0]"
1520440562173092121,,453,,1520440562,153330112,'',0,"[0.028962818905711174, -0.04162747785449028, 0.024648940190672874, 0.533210277557373, 0.0, 0.0, 0.0, -1.0]"
1520440562267511273,,454,,1520440562,255474408,'',0,"[-0.0032839833293110132, -0.029757827520370483, 0.024459924548864365, 0.5356534719467163, 0.0, 0.0, 0.0, -1.0]"
1520440562369569454,,455,,1520440562,363996232,'',0,"[0.009372747503221035, -0.06784293800592422, 0.025158729404211044, 0.5309547185897827, 0.0, 0.0, 0.0, -1.0]"
1520440562471408891,,456,,1520440562,442397690,'',0,"[-0.001751077244989574, -0.033378325402736664, 0.02432652749121189, 0.5365179777145386, 0.0, 0.0, 0.0, -1.0]"
1520440562572792030,,457,,1520440562,560798636,'',0,"[0.01856980472803116, -0.04204070195555687, 0.024692773818969727, 0.5358522534370422, 0.0, 0.0, 0.0, -1.0]"
1520440562676234847,,458,,1520440562,662610000,'',0,"[0.011234947480261326, -0.049161575734615326, 0.02367260307073593, 0.5339434146881104, 0.0, 0.0, 0.0, -1.0]"
1520440562777197987,,459,,1520440562,767111592,'',0,"[0.014062730595469475, -0.04194148629903793, 0.02355899102985859, 0.5315374732017517, 0.0, 0.0, 0.0, -1.0]"
1520440562878220144,,460,,1520440562,861791056,'',0,"[0.003537067212164402, -0.0684012621641159, 0.022468965500593185, 0.4829082787036896, 0.0, 0.0, 0.0, -1.0]"
1520440563092702962,,461,,1520440563,66607464,'',0,"[0.0038024585228413343, -0.04833746328949928, 0.01979966089129448, 0.5274492502212524, 0.0, 0.0, 0.0, -1.0]"
1520440563194545067,,462,,1520440563,150800781,'',0,"[-0.000197630375623703, -0.03427375108003616, 0.02030847780406475, 0.5302209258079529, 0.0, 0.0, 0.0, -1.0]"
1520440563282366096,,463,,1520440563,249174280,'',0,"[0.0076419757679104805, -0.050222549587488174, 0.02039353922009468, 0.5395631790161133, 0.0, 0.0, 0.0, -1.0]"
1520440563391679707,,464,,1520440563,362900672,'',0,"[0.004070403054356575, -0.05611395835876465, 0.021876221522688866, 0.5371604561805725, 0.0, 0.0, 0.0, -1.0]"
1520440563476207894,,465,,1520440563,454410771,'',0,"[-0.004003916867077351, -0.026619892567396164, 0.02270253747701645, 0.5338761210441589, 0.0, 0.0, 0.0, -1.0]"
1520440563572817256,,466,,1520440563,556809896,'',0,"[0.009537586942315102, -0.0651751235127449, 0.02215735986828804, 0.5356401801109314, 0.0, 0.0, 0.0, -1.0]"
1520440563671804806,,467,,1520440563,655593528,'',0,"[0.014010637067258358, -0.05049396678805351, 0.023945316672325134, 0.5353677272796631, 0.0, 0.0, 0.0, -1.0]"
1520440563776367828,,468,,1520440563,754790808,'',0,"[-0.002063468564301729, -0.05670002102851868, 0.023926179856061935, 0.5187399983406067, 0.0, 0.0, 0.0, -1.0]"
1520440563870776953,,469,,1520440563,858431960,'',0,"[0.012156371027231216, -0.042210813611745834, 0.024202849715948105, 0.5177131295204163, 0.0, 0.0, 0.0, -1.0]"
1520440563971982692,,470,,1520440563,961875840,'',0,"[-0.004964018240571022, -0.026889825239777565, 0.027454005554318428, 0.5327374935150146, 0.0, 0.0, 0.0, -1.0]"
1520440564067067284,,471,,1520440564,63113760,'',0,"[0.007349996827542782, -0.056640930473804474, 0.02692653238773346, 0.5397615432739258, 0.0, 0.0, 0.0, -1.0]"
1520440564174065892,,472,,1520440564,158477032,'',0,"[0.005112860817462206, -0.057986997067928314, 0.028466414660215378, 0.5465584993362427, 0.0, 0.0, 0.0, -1.0]"
1520440564277358905,,473,,1520440564,265545112,'',0,"[-0.0024922117590904236, -0.06075010448694229, 0.03100845217704773, 0.5384743213653564, 0.0, 0.0, 0.0, -1.0]"
1520440564372046517,,474,,1520440564,359323632,'',0,"[0.01859629526734352, -0.047864750027656555, 0.030091308057308197, 0.5330055356025696, 0.0, 0.0, 0.0, -1.0]"
1520440564477565398,,475,,1520440564,463800976,'',0,"[0.006377720274031162, -0.03989693149924278, 0.030072437599301338, 0.5256723761558533, 0.0, 0.0, 0.0, -1.0]"
1520440564588743772,,476,,1520440564,563711776,'',0,"[0.0014586024917662144, -0.04299837723374367, 0.028114695101976395, 0.516329288482666, 0.0, 0.0, 0.0, -1.0]"
1520440564684472130,,477,,1520440564,662543048,'',0,"[-0.006232802756130695, -0.06030527129769325, 0.02878166362643242, 0.5224601030349731, 0.0, 0.0, 0.0, -1.0]"
1520440564816890167,,478,,1520440564,770149464,'',0,"[0.0042499396950006485, -0.04115090146660805, 0.0283790472894907, 0.5325753688812256, 0.0, 0.0, 0.0, -1.0]"
1520440564898033512,,479,,1520440564,859238578,'',0,"[0.014235402457416058, -0.04364745318889618, 0.028500264510512352, 0.5291116237640381, 0.0, 0.0, 0.0, -1.0]"
1520440564973442315,,480,,1520440564,957038424,'',0,"[-0.014913062565028667, -0.04957478865981102, 0.027750922366976738, 0.5272284150123596, 0.0, 0.0, 0.0, -1.0]"
1520440565076241535,,481,,1520440565,63382680,'',0,"[0.0016777731943875551, -0.039233189076185226, 0.029619954526424408, 0.5181862115859985, 0.0, 0.0, 0.0, -1.0]"
1520440565194138830,,482,,1520440565,162262776,'',0,"[0.011028291657567024, -0.0453106053173542, 0.02938331849873066, 0.5164828300476074, 0.0, 0.0, 0.0, -1.0]"
1520440565281010124,,483,,1520440565,257669784,'',0,"[0.03238173946738243, -0.055832985788583755, 0.030184149742126465, 0.517922043800354, 0.0, 0.0, 0.0, -1.0]"
1520440565376367555,,484,,1520440565,369522223,'',0,"[-0.009685678407549858, -0.052172690629959106, 0.029511012136936188, 0.5241655707359314, 0.0, 0.0, 0.0, -1.0]"
1520440565477696249,,485,,1520440565,465390576,'',0,"[0.0072949412278831005, -0.046119995415210724, 0.029457708820700645, 0.5293874740600586, 0.0, 0.0, 0.0, -1.0]"
1520440565576378792,,486,,1520440565,565803608,'',0,"[0.012164208106696606, -0.06002509593963623, 0.028408752754330635, 0.527260959148407, 0.0, 0.0, 0.0, -1.0]"
1520440565676524188,,487,,1520440565,670919696,'',0,"[0.0008344408124685287, -0.045394860208034515, 0.0293287206441164, 0.5234745740890503, 0.0, 0.0, 0.0, -1.0]"
1520440565772833032,,488,,1520440565,761353952,'',0,"[0.024395031854510307, -0.04585656896233559, 0.025858979672193527, 0.5256331562995911, 0.0, 0.0, 0.0, -1.0]"
1520440565872537568,,489,,1520440565,860935184,'',0,"[-0.025321781635284424, -0.06944451481103897, 0.02638867124915123, 0.5376953482627869, 0.0, 0.0, 0.0, -1.0]"
1520440566001258728,,490,,1520440565,966019880,'',0,"[0.0003049082588404417, -0.05401848256587982, 0.02941938303411007, 0.5456573367118835, 0.0, 0.0, 0.0, -1.0]"
1520440566076611629,,491,,1520440566,66285280,'',0,"[0.008102831430733204, -0.03967767208814621, 0.03163031116127968, 0.541143536567688, 0.0, 0.0, 0.0, -1.0]"
1520440566190887580,,492,,1520440566,166363592,'',0,"[0.024974487721920013, -0.05038410425186157, 0.03257293999195099, 0.5271778702735901, 0.0, 0.0, 0.0, -1.0]"
1520440566271458802,,493,,1520440566,268893296,'',0,"[0.007621060591191053, -0.047751471400260925, 0.03289952874183655, 0.5265180468559265, 0.0, 0.0, 0.0, -1.0]"
1520440566375802552,,494,,1520440566,363843912,'',0,"[0.011591923423111439, -0.04010326787829399, 0.0311259925365448, 0.5201219916343689, 0.0, 0.0, 0.0, -1.0]"
1520440566478248529,,495,,1520440566,467240320,'',0,"[0.016025973483920097, -0.05453694984316826, 0.031119203194975853, 0.5202591419219971, 0.0, 0.0, 0.0, -1.0]"
1520440566577808723,,496,,1520440566,573903658,'',0,"[-0.000795177067629993, -0.025305042043328285, 0.030428994446992874, 0.5224499702453613, 0.0, 0.0, 0.0, -1.0]"
1520440566677751102,,497,,1520440566,678519232,'',0,"[0.002069799229502678, -0.048351142555475235, 0.032201122492551804, 0.515680193901062, 0.0, 0.0, 0.0, -1.0]"
1520440566774445584,,498,,1520440566,774235944,'',0,"[0.0013645333237946033, -0.03256921470165253, 0.03259991109371185, 0.528211236000061, 0.0, 0.0, 0.0, -1.0]"
1520440566873871053,,499,,1520440566,868877128,'',0,"[0.011891128495335579, -0.0466848686337471, 0.0355147160589695, 0.5252156853675842, 0.0, 0.0, 0.0, -1.0]"
1520440566977309420,,500,,1520440566,967477392,'',0,"[0.009277740493416786, -0.056738659739494324, 0.03569115325808525, 0.5185723304748535, 0.0, 0.0, 0.0, -1.0]"
1520440567076156667,,501,,1520440567,69046688,'',0,"[-0.0024506535846740007, -0.03863924741744995, 0.03589524328708649, 0.5237417221069336, 0.0, 0.0, 0.0, -1.0]"
1520440567172482798,,502,,1520440567,163686496,'',0,"[-0.008085688576102257, -0.07742135226726532, 0.034065667539834976, 0.5091092586517334, 0.0, 0.0, 0.0, -1.0]"
1520440567280744706,,503,,1520440567,263395640,'',0,"[0.015107749029994011, -0.009867476299405098, 0.035478364676237106, 0.5309581756591797, 0.0, 0.0, 0.0, -1.0]"
1520440567395629580,,504,,1520440567,369570440,'',0,"[0.004459376912564039, -0.06860354542732239, 0.03721310943365097, 0.5254392027854919, 0.0, 0.0, 0.0, -1.0]"
1520440567494699767,,505,,1520440567,470670992,'',0,"[0.027915265411138535, -0.01780976541340351, 0.03667358309030533, 0.5445877313613892, 0.0, 0.0, 0.0, -1.0]"
1520440567577343221,,506,,1520440567,566430472,'',0,"[0.01049602497369051, -0.04865163192152977, 0.03906244412064552, 0.5456096529960632, 0.0, 0.0, 0.0, -1.0]"
1520440567682442285,,507,,1520440567,675940552,'',0,"[0.004126242361962795, -0.054836373776197433, 0.03833724185824394, 0.539178729057312, 0.0, 0.0, 0.0, -1.0]"
1520440567776904893,,508,,1520440567,770261440,'',0,"[0.0003227649722248316, -0.04082932695746422, 0.039017751812934875, 0.5395790934562683, 0.0, 0.0, 0.0, -1.0]"
1520440567894362804,,509,,1520440567,872601048,'',0,"[0.020437058061361313, -0.05594734475016594, 0.04166286438703537, 0.5318076610565186, 0.0, 0.0, 0.0, -1.0]"
1520440567992203995,,510,,1520440567,975621568,'',0,"[0.0028734570369124413, -0.048370786011219025, 0.040481939911842346, 0.5279276967048645, 0.0, 0.0, 0.0, -1.0]"
1520440568077529063,,511,,1520440568,71584984,'',0,"[-0.0035665598697960377, -0.030588777735829353, 0.04037508741021156, 0.5362532734870911, 0.0, 0.0, 0.0, -1.0]"
1520440568176377794,,512,,1520440568,181429208,'',0,"[0.011594943702220917, -0.04816928505897522, 0.040981125086545944, 0.5288735628128052, 0.0, 0.0, 0.0, -1.0]"
1520440568294969464,,513,,1520440568,280344816,'',0,"[0.0007253121584653854, -0.0551341213285923, 0.03821218013763428, 0.5301288962364197, 0.0, 0.0, 0.0, -1.0]"
1520440568412102484,,514,,1520440568,380414568,'',0,"[0.015328583307564259, -0.04914848506450653, 0.03794414922595024, 0.5369413495063782, 0.0, 0.0, 0.0, -1.0]"
1520440568485576132,,515,,1520440568,456096583,'',0,"[-0.002625594614073634, -0.03681645542383194, 0.036780837923288345, 0.5287541747093201, 0.0, 0.0, 0.0, -1.0]"
1520440568589493162,,516,,1520440568,569532206,'',0,"[-0.0018415749073028564, -0.045371539890766144, 0.03443039208650589, 0.5279226303100586, 0.0, 0.0, 0.0, -1.0]"
1520440568674908609,,517,,1520440568,670282296,'',0,"[0.013023147359490395, -0.04856616258621216, 0.03485330194234848, 0.5237584114074707, 0.0, 0.0, 0.0, -1.0]"
1520440568777761670,,518,,1520440568,765112152,'',0,"[-0.0020164749585092068, -0.03370697796344757, 0.034312594681978226, 0.5312220454216003, 0.0, 0.0, 0.0, -1.0]"
1520440568880087380,,519,,1520440568,868108760,'',0,"[0.005547738634049892, -0.06203101947903633, 0.03512375429272652, 0.525050163269043, 0.0, 0.0, 0.0, -1.0]"
1520440569001293217,,520,,1520440568,968421944,'',0,"[0.01761052943766117, -0.02904224768280983, 0.03736327216029167, 0.5287436246871948, 0.0, 0.0, 0.0, -1.0]"
1520440569081448182,,521,,1520440569,72121664,'',0,"[0.005421560723334551, -0.0477234348654747, 0.03853148967027664, 0.5269964933395386, 0.0, 0.0, 0.0, -1.0]"
1520440569198805182,,522,,1520440569,174610352,'',0,"[0.0025957575999200344, -0.04497736319899559, 0.03909201920032501, 0.5257940292358398, 0.0, 0.0, 0.0, -1.0]"
1520440569277608993,,523,,1520440569,274226208,'',0,"[0.014082451350986958, -0.044405244290828705, 0.04160900413990021, 0.5270764231681824, 0.0, 0.0, 0.0, -1.0]"
1520440569400442731,,524,,1520440569,382763568,'',0,"[0.003253617323935032, -0.03983505070209503, 0.042197853326797485, 0.5271159410476685, 0.0, 0.0, 0.0, -1.0]"
1520440569492277548,,525,,1520440569,475647200,'',0,"[0.018006037920713425, -0.058841072022914886, 0.04194770008325577, 0.5258994102478027, 0.0, 0.0, 0.0, -1.0]"
1520440569582908355,,526,,1520440569,561815468,'',0,"[0.006842545233666897, -0.028121892362833023, 0.04314015805721283, 0.5175329446792603, 0.0, 0.0, 0.0, -1.0]"
1520440569693659130,,527,,1520440569,672997695,'',0,"[0.008384492248296738, -0.061855096369981766, 0.04280737414956093, 0.5079599022865295, 0.0, 0.0, 0.0, -1.0]"
1520440569807689135,,528,,1520440569,760637468,'',0,"[0.013229522854089737, -0.05026867240667343, 0.04266422241926193, 0.519604504108429, 0.0, 0.0, 0.0, -1.0]"
1520440569882270217,,529,,1520440569,872313395,'',0,"[-0.010107005946338177, -0.03651350736618042, 0.03880126029253006, 0.5255747437477112, 0.0, 0.0, 0.0, -1.0]"
1520440570003808668,,530,,1520440569,977600664,'',0,"[0.008281370624899864, -0.05254753679037094, 0.03899496793746948, 0.5310814380645752, 0.0, 0.0, 0.0, -1.0]"
1520440570100853757,,531,,1520440570,74092576,'',0,"[-0.003494278062134981, -0.0598435215651989, 0.03815494105219841, 0.53211909532547, 0.0, 0.0, 0.0, -1.0]"
1520440570191908449,,532,,1520440570,175410168,'',0,"[0.0216885544359684, -0.03438451886177063, 0.03773768991231918, 0.533470869064331, 0.0, 0.0, 0.0, -1.0]"
1520440570294427224,,533,,1520440570,261310398,'',0,"[0.015520977787673473, -0.04307190328836441, 0.03741225600242615, 0.5294404625892639, 0.0, 0.0, 0.0, -1.0]"
1520440570397214501,,534,,1520440570,360701880,'',0,"[0.005513099487870932, -0.033823490142822266, 0.03638128936290741, 0.5292842984199524, 0.0, 0.0, 0.0, -1.0]"
1520440570475604572,,535,,1520440570,481011399,'',0,"[-0.002332251751795411, -0.04688790440559387, 0.03458071127533913, 0.5277760624885559, 0.0, 0.0, 0.0, -1.0]"
1520440570601172801,,536,,1520440570,570976952,'',0,"[-0.0003718340303748846, -0.025820065289735794, 0.033475376665592194, 0.5358700752258301, 0.0, 0.0, 0.0, -1.0]"
1520440570705041481,,537,,1520440570,671111032,'',0,"[0.024485724046826363, -0.04473700746893883, 0.034493256360292435, 0.5315377116203308, 0.0, 0.0, 0.0, -1.0]"
1520440570778059989,,538,,1520440570,755218533,'',0,"[0.014155811630189419, -0.025426633656024933, 0.03606107085943222, 0.5249125957489014, 0.0, 0.0, 0.0, -1.0]"
1520440570877384305,,539,,1520440570,870450643,'',0,"[0.005927569232881069, -0.027468280866742134, 0.03408791497349739, 0.5308710932731628, 0.0, 0.0, 0.0, -1.0]"
1520440570990866345,,540,,1520440570,966279072,'',0,"[0.013286052271723747, -0.03348516672849655, 0.034329067915678024, 0.5277723073959351, 0.0, 0.0, 0.0, -1.0]"
1520440571081687879,,541,,1520440571,67478096,'',0,"[-0.017247963696718216, -0.041079528629779816, 0.031778909265995026, 0.5265167355537415, 0.0, 0.0, 0.0, -1.0]"
1520440571185623325,,542,,1520440571,167312952,'',0,"[0.003580300137400627, -0.04418124258518219, 0.030640698969364166, 0.5188395380973816, 0.0, 0.0, 0.0, -1.0]"
1520440571275878008,,543,,1520440571,270866808,'',0,"[0.010451877489686012, -0.04970477521419525, 0.028641346842050552, 0.5188149213790894, 0.0, 0.0, 0.0, -1.0]"
1520440571378406795,,544,,1520440571,365856584,'',0,"[-0.022342633455991745, -0.06924120336771011, 0.027664953842759132, 0.5218313336372375, 0.0, 0.0, 0.0, -1.0]"
1520440571477874498,,545,,1520440571,469502128,'',0,"[-0.0088318707421422, -0.03863503783941269, 0.022205736488103867, 0.5396525859832764, 0.0, 0.0, 0.0, -1.0]"
1520440571592771778,,546,,1520440571,569713000,'',0,"[0.004050704650580883, -0.05048322677612305, 0.02219114452600479, 0.5476146936416626, 0.0, 0.0, 0.0, -1.0]"
1520440571676706793,,547,,1520440571,672553992,'',0,"[0.007907791063189507, -0.04671924188733101, 0.020681407302618027, 0.5386497378349304, 0.0, 0.0, 0.0, -1.0]"
1520440571777929001,,548,,1520440571,771456808,'',0,"[0.00722727132961154, -0.04694734886288643, 0.019166309386491776, 0.5298621654510498, 0.0, 0.0, 0.0, -1.0]"
1520440571872336442,,549,,1520440571,866033232,'',0,"[0.008029317483305931, -0.05238257348537445, 0.019136706367135048, 0.5205339193344116, 0.0, 0.0, 0.0, -1.0]"
1520440571983337260,,550,,1520440571,968487592,'',0,"[0.012353645637631416, -0.055245812982320786, 0.017371203750371933, 0.5180938243865967, 0.0, 0.0, 0.0, -1.0]"
1520440572101350476,,551,,1520440572,71285824,'',0,"[-0.007428183685988188, -0.03598492220044136, 0.016796912997961044, 0.5174499154090881, 0.0, 0.0, 0.0, -1.0]"
1520440572205991773,,552,,1520440572,171553848,'',0,"[0.004673365969210863, -0.02705632522702217, 0.01917676441371441, 0.5270655155181885, 0.0, 0.0, 0.0, -1.0]"
1520440572286030047,,553,,1520440572,274484544,'',0,"[-0.0010168531443923712, -0.0391838476061821, 0.022013599053025246, 0.536515474319458, 0.0, 0.0, 0.0, -1.0]"
1520440572372470837,,554,,1520440572,367163560,'',0,"[0.014001471921801567, -0.054652489721775055, 0.02504117041826248, 0.5281310677528381, 0.0, 0.0, 0.0, -1.0]"
1520440572482671935,,555,,1520440572,467675264,'',0,"[0.0015286598354578018, -0.04595641791820526, 0.02769697830080986, 0.5255268812179565, 0.0, 0.0, 0.0, -1.0]"
1520440572576151584,,556,,1520440572,570724248,'',0,"[-0.01863454282283783, -0.03267095983028412, 0.028950273990631104, 0.5239906907081604, 0.0, 0.0, 0.0, -1.0]"
1520440572693959411,,557,,1520440572,673414712,'',0,"[0.015954062342643738, -0.06402013450860977, 0.03323293477296829, 0.5253546833992004, 0.0, 0.0, 0.0, -1.0]"
1520440572787635784,,558,,1520440572,774600264,'',0,"[-0.002375040203332901, -0.04820678383111954, 0.03313659131526947, 0.5225697755813599, 0.0, 0.0, 0.0, -1.0]"
1520440572911437564,,559,,1520440572,872299592,'',0,"[-0.028729422017931938, -0.043784208595752716, 0.032474689185619354, 0.5224944353103638, 0.0, 0.0, 0.0, -1.0]"
1520440572977956785,,560,,1520440572,976708152,'',0,"[-0.0016308887861669064, -0.03959105163812637, 0.034720055758953094, 0.5178845524787903, 0.0, 0.0, 0.0, -1.0]"
1520440573077614382,,561,,1520440573,79506440,'',0,"[0.0035196798853576183, -0.04250618815422058, 0.035963259637355804, 0.5201797485351562, 0.0, 0.0, 0.0, -1.0]"
1520440573182232920,,562,,1520440573,170688640,'',0,"[0.00471574068069458, -0.03200431913137436, 0.03537796437740326, 0.5211848020553589, 0.0, 0.0, 0.0, -1.0]"
1520440573286527149,,563,,1520440573,268331392,'',0,"[-0.009078933857381344, -0.034576188772916794, 0.03441929817199707, 0.5252010226249695, 0.0, 0.0, 0.0, -1.0]"
1520440573394372208,,564,,1520440573,369243424,'',0,"[0.007299546618014574, -0.04973512887954712, 0.03670260310173035, 0.518904983997345, 0.0, 0.0, 0.0, -1.0]"
1520440573481193578,,565,,1520440573,465154920,'',0,"[-0.013046284206211567, -0.06157530099153519, 0.0378362238407135, 0.5123057961463928, 0.0, 0.0, 0.0, -1.0]"
1520440573581224284,,566,,1520440573,564614064,'',0,"[-0.010435138829052448, -0.031388137489557266, 0.039386264979839325, 0.5240306258201599, 0.0, 0.0, 0.0, -1.0]"
1520440573677207989,,567,,1520440573,670634056,'',0,"[0.014968624338507652, -0.03998666629195213, 0.04043571650981903, 0.5344139337539673, 0.0, 0.0, 0.0, -1.0]"
1520440573783448726,,568,,1520440573,761832992,'',0,"[0.009297270327806473, -0.03473207354545593, 0.04188334941864014, 0.540806770324707, 0.0, 0.0, 0.0, -1.0]"
1520440573876479479,,569,,1520440573,867916592,'',0,"[-0.012929295189678669, -0.03358779102563858, 0.04306936264038086, 0.534476101398468, 0.0, 0.0, 0.0, -1.0]"
1520440573975115605,,570,,1520440573,965671040,'',0,"[0.004816980101168156, -0.03580477088689804, 0.04459543898701668, 0.5397796034812927, 0.0, 0.0, 0.0, -1.0]"
1520440574081616689,,571,,1520440574,75835256,'',0,"[-0.012633752077817917, -0.04385247454047203, 0.04389885440468788, 0.5244276523590088, 0.0, 0.0, 0.0, -1.0]"
1520440574175986990,,572,,1520440574,171702872,'',0,"[0.0027749338187277317, -0.05747022479772568, 0.046993378549814224, 0.5240989327430725, 0.0, 0.0, 0.0, -1.0]"
1520440574277203699,,573,,1520440574,271137496,'',0,"[0.0018175486475229263, -0.04632949456572533, 0.048676591366529465, 0.5237211585044861, 0.0, 0.0, 0.0, -1.0]"
1520440574381942230,,574,,1520440574,376998752,'',0,"[-0.02149183303117752, -0.05207055062055588, 0.04746851325035095, 0.521686315536499, 0.0, 0.0, 0.0, -1.0]"
1520440574482192038,,575,,1520440574,471323768,'',0,"[0.004473516251891851, -0.04483664780855179, 0.049540501087903976, 0.5208203196525574, 0.0, 0.0, 0.0, -1.0]"
1520440574591201851,,576,,1520440574,567994400,'',0,"[-0.024747248739004135, -0.06293342262506485, 0.05000936985015869, 0.5265417695045471, 0.0, 0.0, 0.0, -1.0]"
1520440574721906851,,577,,1520440574,670773880,'',0,"[0.032439276576042175, -0.036556169390678406, 0.05346831679344177, 0.523624062538147, 0.0, 0.0, 0.0, -1.0]"
1520440574778688123,,578,,1520440574,786125262,'',0,"[-0.003388806479051709, -0.04803198203444481, 0.053341325372457504, 0.5194488167762756, 0.0, 0.0, 0.0, -1.0]"
1520440574900374299,,579,,1520440574,880614504,'',0,"[0.008688069880008698, -0.06899431347846985, 0.053064893931150436, 0.5196136832237244, 0.0, 0.0, 0.0, -1.0]"
1520440575016597200,,580,,1520440574,978300200,'',0,"[0.0020569167099893093, -0.017691077664494514, 0.054236896336078644, 0.5271622538566589, 0.0, 0.0, 0.0, -1.0]"
1520440575101469144,,581,,1520440575,81906256,'',0,"[0.014355013146996498, -0.04353079944849014, 0.05428992211818695, 0.5167952179908752, 0.0, 0.0, 0.0, -1.0]"
1520440575204362900,,582,,1520440575,184039944,'',0,"[0.01053937803953886, -0.02788481116294861, 0.05516507849097252, 0.5241243243217468, 0.0, 0.0, 0.0, -1.0]"
1520440575283585187,,583,,1520440575,277934736,'',0,"[0.007744708098471165, -0.05891752243041992, 0.055369243025779724, 0.5327525734901428, 0.0, 0.0, 0.0, -1.0]"
1520440575387649258,,584,,1520440575,381117808,'',0,"[0.016492880880832672, -0.024033527821302414, 0.05458412691950798, 0.5360330939292908, 0.0, 0.0, 0.0, -1.0]"
1520440575484725822,,585,,1520440575,476126864,'',0,"[-0.01493559218943119, -0.06192626431584358, 0.05460458993911743, 0.5426774621009827, 0.0, 0.0, 0.0, -1.0]"
1520440575583704051,,586,,1520440575,573936488,'',0,"[-0.005069574806839228, -0.07059517502784729, 0.052959054708480835, 0.5313848257064819, 0.0, 0.0, 0.0, -1.0]"
1520440575692517358,,587,,1520440575,677532752,'',0,"[0.005112291779369116, -0.05463648587465286, 0.05416940525174141, 0.5231580138206482, 0.0, 0.0, 0.0, -1.0]"
1520440575805042388,,588,,1520440575,771819696,'',0,"[0.02454669028520584, -0.023938849568367004, 0.05331609398126602, 0.5258224606513977, 0.0, 0.0, 0.0, -1.0]"
1520440575906605367,,589,,1520440575,884883840,'',0,"[0.007324910257011652, -0.047073543071746826, 0.053019315004348755, 0.5305594205856323, 0.0, 0.0, 0.0, -1.0]"
1520440575994118772,,590,,1520440575,982676328,'',0,"[0.019514096900820732, -0.04845404252409935, 0.053272947669029236, 0.527317225933075, 0.0, 0.0, 0.0, -1.0]"
1520440576083342446,,591,,1520440576,80128232,'',0,"[0.006836047396063805, -0.03506237268447876, 0.05082475021481514, 0.5313577055931091, 0.0, 0.0, 0.0, -1.0]"
1520440576192738474,,592,,1520440576,176024232,'',0,"[0.014423733577132225, -0.05780032277107239, 0.0497196763753891, 0.5352153182029724, 0.0, 0.0, 0.0, -1.0]"
1520440576294087084,,593,,1520440576,282182336,'',0,"[0.022082887589931488, -0.06172607094049454, 0.04895856976509094, 0.5352001190185547, 0.0, 0.0, 0.0, -1.0]"
1520440576397520808,,594,,1520440576,377364840,'',0,"[0.007277922239154577, -0.06585435569286346, 0.048604223877191544, 0.5321333408355713, 0.0, 0.0, 0.0, -1.0]"
1520440576511383791,,595,,1520440576,484293496,'',0,"[0.003498394973576069, -0.06077432632446289, 0.048582132905721664, 0.532265305519104, 0.0, 0.0, 0.0, -1.0]"
1520440576593009302,,596,,1520440576,584684200,'',0,"[0.0051069073379039764, -0.050349362194538116, 0.048538461327552795, 0.5273779034614563, 0.0, 0.0, 0.0, -1.0]"
1520440576692882637,,597,,1520440576,680632200,'',0,"[0.019885146990418434, -0.04192200303077698, 0.048361923545598984, 0.5268480181694031, 0.0, 0.0, 0.0, -1.0]"
1520440576792642385,,598,,1520440576,780174608,'',0,"[0.012996125966310501, -0.06429415196180344, 0.048853978514671326, 0.5190098285675049, 0.0, 0.0, 0.0, -1.0]"
1520440576893453595,,599,,1520440576,874894832,'',0,"[-0.006467580795288086, -0.0563955195248127, 0.04857899993658066, 0.525083601474762, 0.0, 0.0, 0.0, -1.0]"
1520440577001250403,,600,,1520440576,978584184,'',0,"[0.016333607956767082, -0.04360891133546829, 0.047653406858444214, 0.5334988236427307, 0.0, 0.0, 0.0, -1.0]"
1520440577110474162,,601,,1520440577,88253288,'',0,"[0.03276417404413223, -0.04359590634703636, 0.04841664806008339, 0.5302218794822693, 0.0, 0.0, 0.0, -1.0]"
1520440577202348109,,602,,1520440577,188564856,'',0,"[0.013503149151802063, -0.054680079221725464, 0.04748895391821861, 0.5351349115371704, 0.0, 0.0, 0.0, -1.0]"
1520440577294741054,,603,,1520440577,286146728,'',0,"[0.0025219216477125883, -0.030729394406080246, 0.0468607097864151, 0.5355146527290344, 0.0, 0.0, 0.0, -1.0]"
1520440577394135974,,604,,1520440577,386137728,'',0,"[0.0032562213018536568, -0.053536057472229004, 0.04932224750518799, 0.5267699360847473, 0.0, 0.0, 0.0, -1.0]"
1520440577493582599,,605,,1520440577,481863984,'',0,"[0.027533454820513725, -0.046089090406894684, 0.04935120791196823, 0.533414363861084, 0.0, 0.0, 0.0, -1.0]"
1520440577607462620,,606,,1520440577,587625495,'',0,"[0.019259972497820854, -0.05473827198147774, 0.04692969098687172, 0.527301013469696, 0.0, 0.0, 0.0, -1.0]"
1520440577710132777,,607,,1520440577,692408536,'',0,"[0.009857496246695518, -0.04455110803246498, 0.044781479984521866, 0.5293176174163818, 0.0, 0.0, 0.0, -1.0]"
1520440577801905045,,608,,1520440577,791276400,'',0,"[0.024949032813310623, -0.05410816892981529, 0.04195359721779823, 0.5193705558776855, 0.0, 0.0, 0.0, -1.0]"
1520440577901388065,,609,,1520440577,888901432,'',0,"[0.0017497651278972626, -0.06908069550991058, 0.0412028469145298, 0.5187289714813232, 0.0, 0.0, 0.0, -1.0]"
1520440577994239081,,610,,1520440577,984776160,'',0,"[0.02018420211970806, -0.05176933482289314, 0.037620920687913895, 0.5218573808670044, 0.0, 0.0, 0.0, -1.0]"
1520440578086671356,,611,,1520440578,82552192,'',0,"[0.01756371557712555, -0.06706634163856506, 0.03490068018436432, 0.5223173499107361, 0.0, 0.0, 0.0, -1.0]"
1520440578198739547,,612,,1520440578,185244744,'',0,"[0.00662463391199708, -0.048454321920871735, 0.03253769129514694, 0.5285376310348511, 0.0, 0.0, 0.0, -1.0]"
1520440578311123937,,613,,1520440578,290971816,'',0,"[0.020123174414038658, -0.07651370018720627, 0.033523522317409515, 0.5230323672294617, 0.0, 0.0, 0.0, -1.0]"
1520440578392927087,,614,,1520440578,387042024,'',0,"[0.005668752361088991, -0.04456721991300583, 0.03237713873386383, 0.5238091349601746, 0.0, 0.0, 0.0, -1.0]"
1520440578494278771,,615,,1520440578,488523736,'',0,"[0.029662365093827248, -0.05283529311418533, 0.032575953751802444, 0.5256527662277222, 0.0, 0.0, 0.0, -1.0]"
1520440578593453955,,616,,1520440578,586438008,'',0,"[0.0007422770722769201, -0.05262145400047302, 0.031759634613990784, 0.5265463590621948, 0.0, 0.0, 0.0, -1.0]"
1520440578691728184,,617,,1520440578,687262776,'',0,"[0.029314814135432243, -0.04924006387591362, 0.03171578794717789, 0.5265321135520935, 0.0, 0.0, 0.0, -1.0]"
1520440578800592420,,618,,1520440578,784298368,'',0,"[0.006182514596730471, -0.051169924437999725, 0.03163457289338112, 0.5204649567604065, 0.0, 0.0, 0.0, -1.0]"
1520440578906018485,,619,,1520440578,888379480,'',0,"[0.026136497035622597, -0.02946995571255684, 0.031301531940698624, 0.5220552086830139, 0.0, 0.0, 0.0, -1.0]"
1520440578992386586,,620,,1520440578,983432808,'',0,"[0.03179032355546951, -0.07066592574119568, 0.035093992948532104, 0.45356783270835876, 0.0, 0.0, 0.0, -1.0]"
1520440579094881894,,621,,1520440579,85260696,'',0,"[0.01460899505764246, -0.0380338691174984, 0.03185586631298065, 0.4606405198574066, 0.0, 0.0, 0.0, -1.0]"
1520440579193663759,,622,,1520440579,187624136,'',0,"[0.014434784650802612, -0.047838445752859116, 0.030860282480716705, 0.48746487498283386, 0.0, 0.0, 0.0, -1.0]"
1520440579302916336,,623,,1520440579,286662720,'',0,"[0.0218097735196352, -0.05982619524002075, 0.02934958040714264, 0.5168801546096802, 0.0, 0.0, 0.0, -1.0]"
1520440579429742351,,624,,1520440579,382771352,'',0,"[0.0016119717620313168, -0.04802221432328224, 0.026774782687425613, 0.5439392328262329, 0.0, 0.0, 0.0, -1.0]"
1520440579492718589,,625,,1520440579,481296488,'',0,"[0.017784928902983665, -0.06217723339796066, 0.024261528626084328, 0.5321924090385437, 0.0, 0.0, 0.0, -1.0]"
1520440579602039464,,626,,1520440579,585256208,'',0,"[0.0237550251185894, -0.05139773711562157, 0.021263059228658676, 0.5282379984855652, 0.0, 0.0, 0.0, -1.0]"
1520440579692995545,,627,,1520440579,685944632,'',0,"[0.018759459257125854, -0.058096129447221756, 0.026798132807016373, 0.4577380418777466, 0.0, 0.0, 0.0, -1.0]"
1520440579793209168,,628,,1520440579,787600232,'',0,"[0.020766083151102066, -0.04397911950945854, 0.021622633561491966, 0.4638306796550751, 0.0, 0.0, 0.0, -1.0]"
1520440579902357394,,629,,1520440579,887197104,'',0,"[0.0323176383972168, -0.04888361692428589, 0.014702288433909416, 0.4843684136867523, 0.0, 0.0, 0.0, -1.0]"
1520440580030963365,,630,,1520440580,9458637,'',0,"[0.010459537617862225, -0.04979413375258446, 0.012494085356593132, 0.4882213771343231, 0.0, 0.0, 0.0, -1.0]"
1520440580103392468,,631,,1520440580,92029014,'',0,"[0.11666007339954376, -0.02036086656153202, 0.03457750752568245, 0.46038997173309326, 0.0, 0.0, 0.0, -1.0]"
1520440580223729400,,632,,1520440580,201042840,'',0,"[-0.015986677259206772, -0.09121134877204895, 0.009247545152902603, 0.4324911832809448, 0.0, 0.0, 0.0, -1.0]"
1520440580294040594,,633,,1520440580,283025038,'',0,"[0.017171869054436684, -0.02658042497932911, -0.00538819283246994, 0.43227139115333557, 0.0, 0.0, 0.0, -1.0]"
1520440580402793016,,634,,1520440580,390186464,'',0,"[-0.08148147910833359, -0.06037884205579758, -0.026035908609628677, 0.4313424527645111, 0.0, 0.0, 0.0, -1.0]"
1520440580491379547,,635,,1520440580,484598304,'',0,"[0.029482824727892876, -0.04487278684973717, -0.0269619133323431, 0.42217952013015747, 0.0, 0.0, 0.0, -1.0]"
1520440580592095062,,636,,1520440580,583082248,'',0,"[-0.02451157011091709, -0.05718351900577545, -0.05232870206236839, 0.41735661029815674, 0.0, 0.0, 0.0, -1.0]"
1520440580720378686,,637,,1520440580,704632734,'',0,"[0.024658579379320145, -0.041096314787864685, -0.05024074763059616, 0.41481056809425354, 0.0, 0.0, 0.0, -1.0]"
1520440580793700912,,638,,1520440580,785838541,'',0,"[-0.02340429462492466, -0.043384116142988205, -0.06081315129995346, 0.4154035151004791, 0.0, 0.0, 0.0, -1.0]"
1520440580918502143,,639,,1520440580,884163912,'',0,"[0.006410242989659309, -0.051033105701208115, -0.05666126310825348, 0.4111269414424896, 0.0, 0.0, 0.0, -1.0]"
1520440580994060336,,640,,1520440580,984839624,'',0,"[0.0009583649225533009, -0.028532393276691437, -0.06038524582982063, 0.40898361802101135, 0.0, 0.0, 0.0, -1.0]"
1520440581092619710,,641,,1520440581,84256816,'',0,"[-0.016742464154958725, -0.031407907605171204, -0.05797753110527992, 0.4068679213523865, 0.0, 0.0, 0.0, -1.0]"
1520440581220791227,,642,,1520440581,198174378,'',0,"[-0.012483460828661919, -0.03704452887177467, -0.06003420799970627, 0.4052133560180664, 0.0, 0.0, 0.0, -1.0]"
1520440581303236480,,643,,1520440581,296513752,'',0,"[-0.0051405103877186775, -0.027500160038471222, -0.06299500912427902, 0.40638333559036255, 0.0, 0.0, 0.0, -1.0]"
1520440581402579703,,644,,1520440581,390918528,'',0,"[-0.008191007189452648, -0.03741884231567383, -0.06653256714344025, 0.3929476737976074, 0.0, 0.0, 0.0, -1.0]"
1520440581520665556,,645,,1520440581,495780384,'',0,"[-0.013086066581308842, -0.03694264590740204, -0.06995421648025513, 0.39539822936058044, 0.0, 0.0, 0.0, -1.0]"
1520440581628601348,,646,,1520440581,583543487,'',0,"[-0.0016402886249125004, -0.03171314299106598, -0.07269159704446793, 0.3914313316345215, 0.0, 0.0, 0.0, -1.0]"
1520440581720475502,,647,,1520440581,698642091,'',0,"[-0.0022061399649828672, -0.0399102047085762, -0.07460495829582214, 0.3934796452522278, 0.0, 0.0, 0.0, -1.0]"
1520440581792544526,,648,,1520440581,785318629,'',0,"[-0.012917796149849892, -0.046596698462963104, -0.07897485792636871, 0.39601168036460876, 0.0, 0.0, 0.0, -1.0]"
1520440581902279098,,649,,1520440581,885354312,'',0,"[-0.002324431436136365, -0.03631090745329857, -0.07985145598649979, 0.39805838465690613, 0.0, 0.0, 0.0, -1.0]"
1520440581993235937,,650,,1520440581,986300976,'',0,"[-0.007565459236502647, -0.033409152179956436, -0.08360566198825836, 0.3945906162261963, 0.0, 0.0, 0.0, -1.0]"
1520440582092236168,,651,,1520440582,83662624,'',0,"[-0.023718422278761864, -0.02191433683037758, -0.01830293796956539, 0.4015260338783264, 0.0, 0.0, 0.0, -1.0]"
1520440582220169212,,652,,1520440582,204213027,'',0,"[-0.03283461555838585, -0.03617177531123161, -0.026517368853092194, 0.4250516891479492, 0.0, 0.0, 0.0, -1.0]"
1520440582294038821,,653,,1520440582,284695492,'',0,"[-0.006031908094882965, -0.029950596392154694, -0.033253613859415054, 0.4224218726158142, 0.0, 0.0, 0.0, -1.0]"
1520440582395872086,,654,,1520440582,388038312,'',0,"[0.008593770675361156, -0.013850671239197254, -0.023982830345630646, 0.07999999821186066, 0.0, 0.0, 0.0, -1.0]"
1520440582507280728,,655,,1520440582,489435688,'',0,"[0.003947156015783548, -0.017099827527999878, -0.02429085411131382, 0.07999999821186066, 0.0, 0.0, 0.0, -1.0]"
1520440582625365768,,656,,1520440582,601437295,'',0,"[-0.0026555161457508802, -0.022210797294974327, -0.02791619673371315, 0.07999999821186066, 0.0, 0.0, 0.0, -1.0]"
1520440582721328219,,657,,1520440582,700010560,'',0,"[-0.0022477812599390745, -0.027576230466365814, -0.02728334814310074, 0.07999999821186066, 0.0, 0.0, 0.0, -1.0]"
1520440582820853967,,658,,1520440582,802831440,'',0,"[-0.005369479302316904, -0.026629701256752014, -0.027527164667844772, 0.07999999821186066, 0.0, 0.0, 0.0, -1.0]"
1520440582895006513,,659,,1520440582,887090991,'',0,"[-0.005015549249947071, -0.02637491747736931, -0.02608458325266838, 0.07999999821186066, 0.0, 0.0, 0.0, -1.0]"
1520440583020149703,,660,,1520440582,998765051,'',0,"[-0.004448447376489639, -0.03464903682470322, -0.02704702317714691, 0.07999999821186066, 0.0, 0.0, 0.0, -1.0]"
1520440583120749511,,661,,1520440583,103494504,'',0,"[-0.004593479912728071, -0.027793055400252342, -0.027662090957164764, 0.07999999821186066, 0.0, 0.0, 0.0, -1.0]"
1520440583195063450,,662,,1520440583,191300717,'',0,"[-0.006424226798117161, -0.03251160681247711, -0.027152027934789658, 0.07999999821186066, 0.0, 0.0, 0.0, -1.0]"
1520440583326177820,,663,,1520440583,288601280,'',0,"[-0.0002021673135459423, -0.024085378274321556, -0.02645050920546055, 0.07999999821186066, 0.0, 0.0, 0.0, -1.0]"
1520440583435394879,,664,,1520440583,386134424,'',0,"[-0.004897791426628828, -0.030912602320313454, -0.02743534743785858, 0.07999999821186066, 0.0, 0.0, 0.0, -1.0]"
1520440583511848841,,665,,1520440583,495472447,'',0,"[-0.004743754398077726, -0.027313673868775368, -0.02737933024764061, 0.07999999821186066, 0.0, 0.0, 0.0, -1.0]"
1520440583639805348,,666,,1520440583,593637712,'',0,"[-0.007060999050736427, -0.03344433009624481, -0.02730851247906685, 0.07999999821186066, 0.0, 0.0, 0.0, -1.0]"
1520440583720961642,,667,,1520440583,700178754,'',0,"[-0.006407946348190308, -0.03229334577918053, -0.0272584967315197, 0.07999999821186066, 0.0, 0.0, 0.0, -1.0]"
1520440583829168269,,668,,1520440583,805803496,'',0,"[-0.004460113123059273, -0.028072329238057137, -0.027054693549871445, 0.07999999821186066, 0.0, 0.0, 0.0, -1.0]"
1520440583918485582,,669,,1520440583,900182128,'',0,"[-0.006036427337676287, -0.029588893055915833, -0.027194306254386902, 0.07999999821186066, 0.0, 0.0, 0.0, -1.0]"
1520440583993199091,,670,,1520440583,984168977,'',0,"[-0.005029881373047829, -0.02782546915113926, -0.02718605101108551, 0.07999999821186066, 0.0, 0.0, 0.0, -1.0]"
1520440584113066861,,671,,1520440584,103515941,'',0,"[-0.004216739442199469, -0.03110460750758648, -0.02667590230703354, 0.07999999821186066, 0.0, 0.0, 0.0, -1.0]"
1520440584219578307,,672,,1520440584,204707216,'',0,"[-0.006553161423653364, -0.027887772768735886, -0.026958618313074112, 0.07999999821186066, 0.0, 0.0, 0.0, -1.0]"
1520440584303500129,,673,,1520440584,299206464,'',0,"[-0.004189409781247377, -0.031499698758125305, -0.027717553079128265, 0.07999999821186066, 0.0, 0.0, 0.0, -1.0]"
1520440584420410564,,674,,1520440584,403257104,'',0,"[-0.001944660092703998, -0.029685162007808685, -0.027138227596879005, 0.07999999821186066, 0.0, 0.0, 0.0, -1.0]"
1520440584521429291,,675,,1520440584,499532608,'',0,"[-0.003978121560066938, -0.028026564046740532, -0.027720917016267776, 0.07999999821186066, 0.0, 0.0, 0.0, -1.0]"
1520440584612406145,,676,,1520440584,592555095,'',0,"[-0.005709129851311445, -0.02874760329723358, -0.02701357565820217, 0.07999999821186066, 0.0, 0.0, 0.0, -1.0]"
1520440584721299207,,677,,1520440584,706023555,'',0,"[-0.005879569798707962, -0.029225504025816917, -0.02724699303507805, 0.07999999821186066, 0.0, 0.0, 0.0, -1.0]"
1520440584834621570,,678,,1520440584,787508614,'',0,"[-0.0036159432493150234, -0.02950630895793438, -0.027509748935699463, 0.07999999821186066, 0.0, 0.0, 0.0, -1.0]"
1520440584913212132,,679,,1520440584,899742420,'',0,"[-0.005950999911874533, -0.02585328370332718, -0.03056705743074417, 0.0, 0.0, 0.0, 0.0, -1.0]"
1520440585016132724,,680,,1520440584,995012420,'',0,"[-0.004765762481838465, -0.027709871530532837, -0.02630440518260002, 0.0, 0.0, 0.0, 0.0, -1.0]"
1520440585092792385,,681,,1520440585,86569217,'',0,"[-0.006639407016336918, -0.028733443468809128, -0.02709966152906418, 0.0, 0.0, 0.0, 0.0, -1.0]"
1520440585222569823,,682,,1520440585,197237376,'',0,"[-0.005187701433897018, -0.028249355033040047, -0.02685142308473587, 0.0, 0.0, 0.0, 0.0, -1.0]"
1520440585323584994,,683,,1520440585,302269408,'',0,"[-0.003364937612786889, -0.029563240706920624, -0.027236303314566612, 0.0, 0.0, 0.0, 0.0, -1.0]"
1520440585392227182,,684,,1520440585,385720534,'',0,"[-0.006527570076286793, -0.026215258985757828, -0.02691047452390194, 0.0, 0.0, 0.0, 0.0, -1.0]"
1520440585492630708,,685,,1520440585,485571048,'',0,"[-0.0024834328796714544, -0.030474450439214706, -0.027510982006788254, 0.0, 0.0, 0.0, 0.0, -1.0]"
1520440585595537870,,686,,1520440585,583491984,'',0,"[-0.0014369459822773933, -0.03149008750915527, -0.027467288076877594, 0.0, 0.0, 0.0, 0.0, -1.0]"
1520440585724581153,,687,,1520440585,701848996,'',0,"[-0.00737343356013298, -0.02959485724568367, -0.026892468333244324, 0.0, 0.0, 0.0, 0.0, -1.0]"
1520440585829421219,,688,,1520440585,803331528,'',0,"[-0.0048423828557133675, -0.02930733934044838, -0.027185438200831413, 0.0, 0.0, 0.0, 0.0, -1.0]"
1520440585895825064,,689,,1520440585,888277290,'',0,"[-0.0038178865797817707, -0.028972379863262177, -0.026991914957761765, 0.0, 0.0, 0.0, 0.0, -1.0]"
1520440585993352064,,690,,1520440585,988648472,'',0,"[-0.004523043055087328, -0.027602223679423332, -0.02729279175400734, 0.0, 0.0, 0.0, 0.0, -1.0]"
1520440586101875509,,691,,1520440586,86766976,'',0,"[-0.0037683644331991673, -0.02713456191122532, -0.026782577857375145, 0.0, 0.0, 0.0, 0.0, -1.0]"
1520440586194857118,,692,,1520440586,185760512,'',0,"[-0.005125885829329491, -0.027563665062189102, -0.027183204889297485, 0.0, 0.0, 0.0, 0.0, -1.0]"
1520440586293480248,,693,,1520440586,283275728,'',0,"[-0.006654613651335239, -0.026465224102139473, -0.006928156595677137, 0.0, 0.0, 0.0, 0.0, -1.0]"
1520440586403666697,,694,,1520440586,387618080,'',0,"[-0.005342660937458277, -0.027643347159028053, -0.008085458539426327, 0.0, 0.0, 0.0, 0.0, -1.0]"
1520440586527427854,,695,,1520440586,503678929,'',0,"[-0.004411149770021439, -0.029158378019928932, -0.008130720816552639, 0.0, 0.0, 0.0, 0.0, -1.0]"
1520440586618649032,,696,,1520440586,604351200,'',0,"[-0.004508655052632093, -0.02785676158964634, -0.008037108927965164, 0.0, 0.0, 0.0, 0.0, -1.0]"
1520440586720998904,,697,,1520440586,700172376,'',0,"[-0.00423022685572505, -0.027065007016062737, -0.007702055852860212, 0.0, 0.0, 0.0, 0.0, -1.0]"
1520440586829520411,,698,,1520440586,802297320,'',0,"[-0.004602258559316397, -0.027669632807374, -0.00772746279835701, 0.0, 0.0, 0.0, 0.0, -1.0]"
1520440586889799610,,699,,1520440586,880954354,'',0,"[-0.004486612975597382, -0.027850037440657616, -0.007586903404444456, 0.0, 0.0, 0.0, 0.0, -1.0]"
1520440587016858030,,700,,1520440586,999909971,'',0,"[-0.004887154791504145, -0.027776403352618217, -0.007637196686118841, 0.0, 0.0, 0.0, 0.0, -1.0]"
1520440587093792582,,701,,1520440587,86871212,'',0,"[-0.004669216461479664, -0.027656640857458115, -0.007792397402226925, 0.0, 0.0, 0.0, 0.0, -1.0]"
1520440587192619210,,702,,1520440587,184151128,'',0,"[-0.00495960284024477, -0.028100965544581413, -0.00762246223166585, 0.0, 0.0, 0.0, 0.0, -1.0]"
1520440587310017579,,703,,1520440587,288341128,'',0,"[-0.004389985464513302, -0.027395017445087433, -0.007401593029499054, 0.0, 0.0, 0.0, 0.0, -1.0]"
