rosbagTimestamp,header,seq,stamp,secs,nsecs,frame_id,monotonic,amsl,local,relative,terrain,bottom_clearance
1520440529187185618,,128,,1520440529,175796344,"""map""",123.678596497,nan,0.10903352499,nan,0.0,0.10903352499
1520440529276095368,,129,,1520440529,262399652,"""map""",121.826568604,nan,0.0915327295661,nan,0.0,0.0915327295661
1520440529392083963,,130,,1520440529,383051510,"""map""",122.162635803,nan,0.0887382924557,nan,0.0,0.0887382924557
1520440529480048121,,131,,1520440529,463502830,"""map""",122.415168762,nan,0.0883575677872,nan,-7.45058059692e-09,0.0883575752378
1520440529574309155,,132,,1520440529,572337879,"""map""",122.415168762,nan,0.0884031802416,nan,-7.45058059692e-09,0.0884031876922
1520440529684776652,,133,,1520440529,673515536,"""map""",122.66771698,nan,0.0889226049185,nan,7.45058059692e-09,0.0889225974679
1520440529779380130,,134,,1520440529,768901592,"""map""",122.078453064,nan,0.0884935706854,nan,0.0,0.0884935706854
1520440529901010863,,135,,1520440529,876587464,"""map""",122.66771698,nan,0.0885427594185,nan,7.45058059692e-09,0.0885427519679
1520440529976934514,,136,,1520440529,977755872,"""map""",122.583534241,nan,0.0883901268244,nan,0.0,0.0883901268244
1520440530081445319,,137,,1520440530,71406930,"""map""",122.920906067,nan,0.0883024334908,nan,-7.45058059692e-09,0.0883024409413
1520440530177712421,,138,,1520440530,168787208,"""map""",122.415168762,nan,0.0882904902101,nan,7.45058059692e-09,0.0882904827595
1520440530278002632,,139,,1520440530,270613424,"""map""",122.162635803,nan,0.0890485569835,nan,7.45058059692e-09,0.0890485495329
1520440530376523791,,140,,1520440530,374258448,"""map""",122.499351501,nan,0.0889849290252,nan,0.0,0.0889849290252
1520440530502002515,,141,,1520440530,477555216,"""map""",123.257652283,nan,0.088579043746,nan,7.45058059692e-09,0.0885790362954
1520440530591864175,,142,,1520440530,577359016,"""map""",122.415168762,nan,0.0887082740664,nan,-7.45058059692e-09,0.088708281517
1520440530701526814,,143,,1520440530,662716098,"""map""",122.583534241,nan,0.088691316545,nan,0.0,0.088691316545
1520440530803648229,,144,,1520440530,777475575,"""map""",121.994277954,nan,0.0896116942167,nan,1.49011611938e-08,0.0896116793156
1520440530878541850,,145,,1520440530,877987624,"""map""",122.920906067,nan,0.0887321606278,nan,7.45058059692e-09,0.0887321531773
1520440530983250378,,146,,1520440530,981088112,"""map""",122.837364197,nan,0.0885203704238,nan,0.0,0.0885203704238
1520440531091164189,,147,,1520440531,77124392,"""map""",122.162635803,nan,0.088465936482,nan,0.0,0.088465936482
1520440531184233991,,148,,1520440531,173371048,"""map""",122.920906067,nan,0.0886101871729,nan,0.0,0.0886101871729
1520440531285608650,,149,,1520440531,276137952,"""map""",122.499351501,nan,0.0885253474116,nan,-7.45058059692e-09,0.0885253548622
1520440531401008497,,150,,1520440531,371988736,"""map""",122.162635803,nan,0.0884069874883,nan,0.0,0.0884069874883
1520440531476440745,,151,,1520440531,471544496,"""map""",123.342483521,nan,0.0888911783695,nan,-7.45058059692e-09,0.0888911858201
1520440531576650410,,152,,1520440531,574089536,"""map""",122.66771698,nan,0.0884161964059,nan,7.45058059692e-09,0.0884161889553
1520440531701388450,,153,,1520440531,672391120,"""map""",122.246810913,nan,0.0884971097112,nan,0.0,0.0884971097112
1520440531776535511,,154,,1520440531,757125245,"""map""",122.583534241,nan,0.0886573046446,nan,-7.45058059692e-09,0.0886573120952
1520440531875153534,,155,,1520440531,866268477,"""map""",122.66771698,nan,0.088344655931,nan,0.0,0.088344655931
1520440531977226933,,156,,1520440531,969602712,"""map""",123.089279175,nan,0.088321171701,nan,0.0,0.088321171701
1520440532072539832,,157,,1520440532,65668472,"""map""",122.246810913,nan,0.0883245915174,nan,7.45058059692e-09,0.0883245840669
1520440532176493718,,158,,1520440532,169988616,"""map""",122.078453064,nan,0.0884224250913,nan,0.0,0.0884224250913
1520440532282194508,,159,,1520440532,270651656,"""map""",123.089279175,nan,0.0884060934186,nan,0.0,0.0884060934186
1520440532378775969,,160,,1520440532,367334344,"""map""",122.078453064,nan,0.0884066522121,nan,0.0,0.0884066522121
1520440532502317741,,161,,1520440532,475777088,"""map""",122.499351501,nan,0.0893615484238,nan,0.0,0.0893615484238
1520440532578019556,,162,,1520440532,578349984,"""map""",122.415168762,nan,0.0889898091555,nan,7.45058059692e-09,0.0889898017049
1520440532694534374,,163,,1520440532,678043304,"""map""",122.752540588,nan,0.0899438783526,nan,0.0,0.0899438783526
1520440532802085336,,164,,1520440532,763030355,"""map""",122.66771698,nan,0.0914145037532,nan,0.0,0.0914145037532
1520440532900706043,,165,,1520440532,876419421,"""map""",122.331634521,nan,0.0927455723286,nan,-7.45058059692e-09,0.0927455797791
1520440532981776184,,166,,1520440532,976299216,"""map""",122.246810913,nan,0.0942932516336,nan,1.49011611938e-08,0.0942932367325
1520440533091317745,,167,,1520440533,73563296,"""map""",122.331634521,nan,0.096127897501,nan,0.0,0.096127897501
1520440533177532878,,168,,1520440533,160182020,"""map""",122.583534241,nan,0.0977362692356,nan,-7.45058059692e-09,0.0977362766862
1520440533301131648,,169,,1520440533,277921545,"""map""",122.499351501,nan,0.0999036356807,nan,7.45058059692e-09,0.0999036282301
1520440533400354872,,170,,1520440533,376175944,"""map""",121.404411316,nan,0.101842731237,nan,7.45058059692e-09,0.101842723787
1520440533501310853,,171,,1520440533,480012320,"""map""",122.499351501,nan,0.104289859533,nan,0.0,0.104289859533
1520440533577871100,,172,,1520440533,577635136,"""map""",122.162635803,nan,0.106368437409,nan,0.0,0.106368437409
1520440533700187465,,173,,1520440533,676592544,"""map""",122.078453064,nan,0.10877558589,nan,0.0,0.10877558589
1520440533783155169,,174,,1520440533,777075608,"""map""",122.583534241,nan,0.111257947981,nan,7.45058059692e-09,0.111257940531
1520440533877273153,,175,,1520440533,873644432,"""map""",122.246810913,nan,0.1138651371,nan,0.0,0.1138651371
1520440533978789181,,176,,1520440533,978851152,"""map""",122.66771698,nan,0.11681868881,nan,0.0,0.11681868881
1520440534077451568,,177,,1520440534,72266960,"""map""",122.331634521,nan,0.119632676244,nan,-7.45058059692e-09,0.119632683694
1520440534174368433,,178,,1520440534,173425200,"""map""",123.005096436,nan,0.122249424458,nan,-7.45058059692e-09,0.122249431908
1520440534301000073,,179,,1520440534,278557608,"""map""",122.499351501,nan,0.125557750463,nan,-1.49011611938e-08,0.125557765365
1520440534394529352,,180,,1520440534,375554112,"""map""",122.920906067,nan,0.128371044993,nan,-1.49011611938e-08,0.128371059895
1520440534478969773,,181,,1520440534,476575600,"""map""",122.752540588,nan,0.102359399199,nan,0.0,0.102359399199
1520440534575907582,,182,,1520440534,573635104,"""map""",123.005096436,nan,0.089118912816,nan,7.45058059692e-09,0.0891189053655
1520440534676439129,,183,,1520440534,669923552,"""map""",122.66771698,nan,0.0883782655001,nan,7.45058059692e-09,0.0883782580495
1520440534772572452,,184,,1520440534,767035720,"""map""",121.826568604,nan,0.0883874893188,nan,7.45058059692e-09,0.0883874818683
1520440534877724345,,185,,1520440534,864852792,"""map""",123.089279175,nan,0.088329307735,nan,0.0,0.088329307735
1520440534977751398,,186,,1520440534,967631440,"""map""",122.499351501,nan,0.0883708447218,nan,0.0,0.0883708447218
1520440535094032176,,187,,1520440535,78340285,"""map""",122.078453064,nan,0.0885316580534,nan,0.0,0.0885316580534
1520440535201331438,,188,,1520440535,177674512,"""map""",121.910102844,nan,0.088477358222,nan,7.45058059692e-09,0.0884773507714
1520440535277256581,,189,,1520440535,278574472,"""map""",122.415168762,nan,0.0893645882607,nan,7.45058059692e-09,0.0893645808101
1520440535376850398,,190,,1520440535,375431184,"""map""",123.005096436,nan,0.0905851572752,nan,0.0,0.0905851572752
1520440535496881705,,191,,1520440535,479678928,"""map""",122.331634521,nan,0.0920158773661,nan,7.45058059692e-09,0.0920158699155
1520440535576695516,,192,,1520440535,564303848,"""map""",122.162635803,nan,0.0934709608555,nan,7.45058059692e-09,0.0934709534049
1520440535677074161,,193,,1520440535,668595304,"""map""",122.583534241,nan,0.0950990766287,nan,7.45058059692e-09,0.0950990691781
1520440535793123383,,194,,1520440535,774280576,"""map""",121.994277954,nan,0.0969095155597,nan,0.0,0.0969095155597
1520440535877107284,,195,,1520440535,876234040,"""map""",123.342483521,nan,0.0988092720509,nan,0.0,0.0988092720509
1520440535977055942,,196,,1520440535,978569112,"""map""",123.173461914,nan,0.100564569235,nan,0.0,0.100564569235
1520440536082150280,,197,,1520440536,74797736,"""map""",122.837364197,nan,0.102868512273,nan,7.45058059692e-09,0.102868504822
1520440536181719579,,198,,1520440536,178346056,"""map""",123.089279175,nan,0.105113491416,nan,0.0,0.105113491416
1520440536281273844,,199,,1520440536,276662840,"""map""",122.66771698,nan,0.107485361397,nan,0.0,0.107485361397
1520440536382340802,,200,,1520440536,376441968,"""map""",122.920906067,nan,0.109973624349,nan,0.0,0.109973624349
1520440536482302322,,201,,1520440536,473593304,"""map""",122.162635803,nan,0.0903176516294,nan,7.45058059692e-09,0.0903176441789
1520440536578182945,,202,,1520440536,576215896,"""map""",122.499351501,nan,0.0887090712786,nan,0.0,0.0887090712786
1520440536692816672,,203,,1520440536,676138544,"""map""",123.510215759,nan,0.0886279866099,nan,0.0,0.0886279866099
1520440536782576360,,204,,1520440536,775534480,"""map""",122.499351501,nan,0.0886240303516,nan,0.0,0.0886240303516
1520440536882075724,,205,,1520440536,877156960,"""map""",122.752540588,nan,0.0883998051286,nan,0.0,0.0883998051286
1520440536981949251,,206,,1520440536,974781936,"""map""",122.499351501,nan,0.08840534091,nan,0.0,0.08840534091
1520440537104261424,,207,,1520440537,76690856,"""map""",122.499351501,nan,0.0884237587452,nan,0.0,0.0884237587452
1520440537201325375,,208,,1520440537,183982440,"""map""",122.752540588,nan,0.0894044339657,nan,0.0,0.0894044339657
1520440537302196494,,209,,1520440537,281953808,"""map""",122.499351501,nan,0.088431417942,nan,0.0,0.088431417942
1520440537383114317,,210,,1520440537,380733880,"""map""",122.583534241,nan,0.088457763195,nan,0.0,0.088457763195
1520440537492185277,,211,,1520440537,481408032,"""map""",122.583534241,nan,0.0884025990963,nan,0.0,0.0884025990963
1520440537592887965,,212,,1520440537,579933144,"""map""",122.920906067,nan,0.0884027928114,nan,0.0,0.0884027928114
1520440537701511624,,213,,1520440537,680186144,"""map""",122.583534241,nan,0.088741466403,nan,0.0,0.088741466403
1520440537778342109,,214,,1520440537,779307680,"""map""",122.66771698,nan,0.0890058353543,nan,0.0,0.0890058353543
1520440537882376540,,215,,1520440537,880238432,"""map""",123.257652283,nan,0.0883364677429,nan,0.0,0.0883364677429
1520440537981642391,,216,,1520440537,980680656,"""map""",122.499351501,nan,0.0883812829852,nan,0.0,0.0883812829852
1520440538082894774,,217,,1520440538,76975320,"""map""",123.342483521,nan,0.0883465409279,nan,0.0,0.0883465409279
1520440538182436767,,218,,1520440538,176419528,"""map""",122.752540588,nan,0.0883024036884,nan,0.0,0.0883024036884
1520440538292034544,,219,,1520440538,277728600,"""map""",123.089279175,nan,0.088530831039,nan,0.0,0.088530831039
1520440538383328159,,220,,1520440538,375217632,"""map""",121.910102844,nan,0.0883706137538,nan,0.0,0.0883706137538
1520440538483504862,,221,,1520440538,471923152,"""map""",122.66771698,nan,0.0883212909102,nan,1.49011611938e-08,0.0883212760091
1520440538593267110,,222,,1520440538,575445816,"""map""",121.741752625,nan,0.0884435027838,nan,0.0,0.0884435027838
1520440538693234068,,223,,1520440538,678946680,"""map""",122.752540588,nan,0.0884952396154,nan,0.0,0.0884952396154
1520440538778079162,,224,,1520440538,776405864,"""map""",123.426673889,nan,0.088583573699,nan,-7.45058059692e-09,0.0885835811496
1520440538882929315,,225,,1520440538,875669912,"""map""",122.583534241,nan,0.0883794277906,nan,0.0,0.0883794277906
1520440538994376468,,226,,1520440538,975264856,"""map""",123.005096436,nan,0.0885771587491,nan,0.0,0.0885771587491
1520440539103174947,,227,,1520440539,74656568,"""map""",123.762786865,nan,0.0886835381389,nan,7.45058059692e-09,0.0886835306883
1520440539177598810,,228,,1520440539,174060880,"""map""",122.920906067,nan,0.0888794958591,nan,0.0,0.0888794958591
1520440539300755364,,229,,1520440539,276210008,"""map""",122.752540588,nan,0.0887664481997,nan,0.0,0.0887664481997
1520440539381493152,,230,,1520440539,379521952,"""map""",123.089279175,nan,0.0898299366236,nan,0.0,0.0898299366236
1520440539517117723,,231,,1520440539,476303328,"""map""",122.078453064,nan,0.0912555679679,nan,0.0,0.0912555679679
1520440539582187970,,232,,1520440539,571428640,"""map""",121.741752625,nan,0.0927928760648,nan,0.0,0.0927928760648
1520440539681868927,,233,,1520440539,671642504,"""map""",121.910102844,nan,0.094497025013,nan,-7.45058059692e-09,0.0944970324636
1520440539782614884,,234,,1520440539,773990128,"""map""",122.66771698,nan,0.0963145419955,nan,0.0,0.0963145419955
1520440539882258109,,235,,1520440539,872059256,"""map""",122.837364197,nan,0.098228380084,nan,0.0,0.098228380084
1520440539992626871,,236,,1520440539,974898256,"""map""",122.66771698,nan,0.100159041584,nan,0.0,0.100159041584
1520440540083447443,,237,,1520440540,76815320,"""map""",122.246810913,nan,0.102123320103,nan,7.45058059692e-09,0.102123312652
1520440540179621529,,238,,1520440540,173700088,"""map""",122.752540588,nan,0.104184105992,nan,0.0,0.104184105992
1520440540319653176,,239,,1520440540,282528968,"""map""",123.257652283,nan,0.106561347842,nan,0.0,0.106561347842
1520440540382244057,,240,,1520440540,389850385,"""map""",122.920906067,nan,0.108684584498,nan,0.0,0.108684584498
1520440540484258256,,241,,1520440540,472392360,"""map""",121.826568604,nan,0.111201763153,nan,0.0,0.111201763153
1520440540606986988,,242,,1520440540,574564832,"""map""",122.752540588,nan,0.0903750360012,nan,-7.45058059692e-09,0.0903750434518
1520440540701590515,,243,,1520440540,678099432,"""map""",122.752540588,nan,0.0887450128794,nan,7.45058059692e-09,0.0887450054288
1520440540801628997,,244,,1520440540,779227096,"""map""",121.910102844,nan,0.0886048674583,nan,7.45058059692e-09,0.0886048600078
1520440540891719214,,245,,1520440540,880330432,"""map""",122.920906067,nan,0.0884773731232,nan,0.0,0.0884773731232
1520440540982551304,,246,,1520440540,978652776,"""map""",122.752540588,nan,0.0883171111345,nan,-7.45058059692e-09,0.0883171185851
1520440541092366809,,247,,1520440541,76581152,"""map""",122.331634521,nan,0.0882914066315,nan,0.0,0.0882914066315
1520440541182044620,,248,,1520440541,177276248,"""map""",122.331634521,nan,0.0883375406265,nan,0.0,0.0883375406265
1520440541278477954,,249,,1520440541,275210720,"""map""",123.005096436,nan,0.0887376070023,nan,0.0,0.0887376070023
1520440541400774967,,250,,1520440541,384477104,"""map""",122.920906067,nan,0.0882900133729,nan,0.0,0.0882900133729
1520440541492194417,,251,,1520440541,483985104,"""map""",123.089279175,nan,0.0886563956738,nan,0.0,0.0886563956738
1520440541592290095,,252,,1520440541,585120320,"""map""",122.752540588,nan,0.0883671045303,nan,-7.45058059692e-09,0.0883671119809
1520440541695940970,,253,,1520440541,686700320,"""map""",123.426673889,nan,0.0883865505457,nan,0.0,0.0883865505457
1520440541806322444,,254,,1520440541,788461080,"""map""",122.66771698,nan,0.0886644124985,nan,0.0,0.0886644124985
1520440541900975684,,255,,1520440541,887973624,"""map""",122.837364197,nan,0.0886019840837,nan,0.0,0.0886019840837
1520440542000606621,,256,,1520440541,988370624,"""map""",123.005096436,nan,0.0884796306491,nan,7.45058059692e-09,0.0884796231985
1520440542105981416,,257,,1520440542,83143176,"""map""",122.331634521,nan,0.0885703489184,nan,0.0,0.0885703489184
1520440542201998449,,258,,1520440542,188972264,"""map""",122.583534241,nan,0.0884701311588,nan,0.0,0.0884701311588
1520440542296336658,,259,,1520440542,289459264,"""map""",121.994277954,nan,0.0887296870351,nan,0.0,0.0887296870351
1520440542400728189,,260,,1520440542,389983572,"""map""",122.246810913,nan,0.0886553823948,nan,0.0,0.0886553823948
1520440542504438001,,261,,1520440542,487572572,"""map""",122.415168762,nan,0.0887293666601,nan,0.0,0.0887293666601
1520440542592627302,,262,,1520440542,586660848,"""map""",122.837364197,nan,0.0892577022314,nan,0.0,0.0892577022314
1520440542706972294,,263,,1520440542,684785848,"""map""",122.246810913,nan,0.0887472853065,nan,7.45058059692e-09,0.0887472778559
1520440542801037939,,264,,1520440542,783794856,"""map""",122.752540588,nan,0.0887133926153,nan,0.0,0.0887133926153
1520440542892856617,,265,,1520440542,887716024,"""map""",122.162635803,nan,0.0889941975474,nan,-7.45058059692e-09,0.088994204998
1520440542993114605,,266,,1520440542,972667004,"""map""",121.826568604,nan,0.0889608711004,nan,0.0,0.0889608711004
1520440543100846734,,267,,1520440543,71321120,"""map""",122.837364197,nan,0.0895849391818,nan,0.0,0.0895849391818
1520440543223770539,,268,,1520440543,183266426,"""map""",122.499351501,nan,0.0885178223252,nan,0.0,0.0885178223252
1520440543306412346,,269,,1520440543,268418259,"""map""",122.078453064,nan,0.0883706510067,nan,-7.45058059692e-09,0.0883706584573
1520440543392570115,,270,,1520440543,390078553,"""map""",122.162635803,nan,0.089372292161,nan,0.0,0.089372292161
1520440543501278459,,271,,1520440543,478804264,"""map""",122.078453064,nan,0.0902025923133,nan,0.0,0.0902025923133
1520440543609696818,,272,,1520440543,583091192,"""map""",121.741752625,nan,0.0906993076205,nan,0.0,0.0906993076205
1520440543692435768,,273,,1520440543,686429048,"""map""",122.415168762,nan,0.0915801078081,nan,0.0,0.0915801078081
1520440543801396562,,274,,1520440543,780605336,"""map""",122.920906067,nan,0.0934160873294,nan,0.0,0.0934160873294
1520440543893021062,,275,,1520440543,880663448,"""map""",121.488586426,nan,0.0961157605052,nan,0.0,0.0961157605052
1520440543999668626,,276,,1520440543,980999672,"""map""",121.404411316,nan,0.099927932024,nan,0.0,0.099927932024
1520440544100896572,,277,,1520440544,82543464,"""map""",121.404411316,nan,0.104546576738,nan,-1.49011611938e-08,0.10454659164
1520440544208356825,,278,,1520440544,178813008,"""map""",119.972938538,nan,0.109862759709,nan,0.0,0.109862759709
1520440544301569514,,279,,1520440544,284081888,"""map""",118.626457214,nan,0.126230493188,nan,0.0,0.126230493188
1520440544403460668,,280,,1520440544,383943656,"""map""",119.636299133,nan,0.163838163018,nan,0.0,0.163838163018
1520440544493982458,,281,,1520440544,484724144,"""map""",118.457511902,nan,0.202628105879,nan,0.0,0.202628105879
1520440544621172204,,282,,1520440544,580660200,"""map""",121.657577515,nan,0.241147518158,nan,0.0,0.241147518158
1520440544763260499,,283,,1520440544,693102842,"""map""",120.646888733,nan,0.281420648098,nan,0.0,0.281420648098
1520440544814695453,,284,,1520440544,818930101,"""map""",120.899391174,nan,0.321244627237,nan,-2.98023223877e-08,0.32124465704
1520440544910690290,,285,,1520440544,887390097,"""map""",120.731697083,nan,0.347651213408,nan,0.0,0.347651213408
1520440545003205492,,286,,1520440544,970674578,"""map""",121.657577515,nan,0.371725559235,nan,2.98023223877e-08,0.371725529432
1520440545092124008,,287,,1520440545,89348032,"""map""",121.657577515,nan,0.364883840084,nan,0.0,0.364883840084
1520440545202200609,,288,,1520440545,181692696,"""map""",122.415168762,nan,0.307038635015,nan,-2.98023223877e-08,0.307038664818
1520440545301574058,,289,,1520440545,287931512,"""map""",124.268592834,nan,0.306247651577,nan,-2.98023223877e-08,0.306247681379
1520440545400919874,,290,,1520440545,383400104,"""map""",122.837364197,nan,0.318490713835,nan,0.0,0.318490713835
1520440545497586742,,291,,1520440545,485709456,"""map""",123.678596497,nan,0.336176037788,nan,0.0,0.336176037788
1520440545610262266,,292,,1520440545,598360947,"""map""",121.320884705,nan,0.345184504986,nan,0.0,0.345184504986
1520440545700735784,,293,,1520440545,696217947,"""map""",121.994277954,nan,0.360762268305,nan,0.0,0.360762268305
1520440545791936114,,294,,1520440545,785923512,"""map""",121.657577515,nan,0.374182760715,nan,0.0,0.374182760715
1520440545901652434,,295,,1520440545,887759912,"""map""",120.983558655,nan,0.384475588799,nan,0.0,0.384475588799
1520440545989307417,,296,,1520440545,987047912,"""map""",119.552146912,nan,0.394737154245,nan,0.0,0.394737154245
1520440546094790416,,297,,1520440546,83751648,"""map""",120.731697083,nan,0.404229164124,nan,0.0,0.404229164124
1520440546208072430,,298,,1520440546,194921851,"""map""",122.162635803,nan,0.412423610687,nan,-2.98023223877e-08,0.41242364049
1520440546301114140,,299,,1520440546,293400152,"""map""",120.815223694,nan,0.417938768864,nan,0.0,0.417938768864
1520440546392413284,,300,,1520440546,387992488,"""map""",119.299674988,nan,0.422030001879,nan,0.0,0.422030001879
1520440546492964913,,301,,1520440546,488403576,"""map""",119.299674988,nan,0.424763798714,nan,-5.96046447754e-08,0.424763858318
1520440546592207685,,302,,1520440546,582542576,"""map""",120.562721252,nan,0.425608634949,nan,0.0,0.425608634949
1520440546698256010,,303,,1520440546,686897544,"""map""",120.141265869,nan,0.427535951138,nan,0.0,0.427535951138
1520440546804807402,,304,,1520440546,783290056,"""map""",120.226066589,nan,0.432222485542,nan,0.0,0.432222485542
1520440546900760558,,305,,1520440546,884562256,"""map""",119.804618835,nan,0.440033793449,nan,0.0,0.440033793449
1520440546993670642,,306,,1520440546,984834144,"""map""",119.552146912,nan,0.316799581051,nan,0.0,0.316799581051
1520440547092289377,,307,,1520440547,84798744,"""map""",120.731697083,nan,0.287560671568,nan,0.0,0.287560671568
1520440547201333743,,308,,1520440547,190272240,"""map""",119.888778687,nan,0.29287648201,nan,0.0,0.29287648201
1520440547301367289,,309,,1520440547,284261224,"""map""",119.972938538,nan,0.309282183647,nan,0.0,0.309282183647
1520440547406078157,,310,,1520440547,383870192,"""map""",120.646888733,nan,0.324500501156,nan,2.98023223877e-08,0.324500471354
1520440547502351219,,311,,1520440547,484602192,"""map""",120.731697083,nan,0.33881649375,nan,0.0,0.33881649375
1520440547602999543,,312,,1520440547,588568944,"""map""",121.741752625,nan,0.351418823004,nan,0.0,0.351418823004
1520440547697763600,,313,,1520440547,682947944,"""map""",121.826568604,nan,0.360771894455,nan,0.0,0.360771894455
1520440547801678378,,314,,1520440547,788649360,"""map""",121.994277954,nan,0.369632214308,nan,0.0,0.369632214308
1520440547899581142,,315,,1520440547,893602440,"""map""",120.562721252,nan,0.377464801073,nan,2.98023223877e-08,0.377464771271
1520440548007913501,,316,,1520440547,996963896,"""map""",121.994277954,nan,0.379940748215,nan,0.0,0.379940748215
1520440548100853508,,317,,1520440548,97627280,"""map""",122.078453064,nan,0.380895018578,nan,0.0,0.380895018578
1520440548212453620,,318,,1520440548,200240056,"""map""",120.394393921,nan,0.390057474375,nan,0.0,0.390057474375
1520440548303635745,,319,,1520440548,301453056,"""map""",123.089279175,nan,0.395570278168,nan,-2.98023223877e-08,0.39557030797
1520440548407205889,,320,,1520440548,398967624,"""map""",121.826568604,nan,0.40822404623,nan,0.0,0.40822404623
1520440548502060106,,321,,1520440548,495947336,"""map""",120.226066589,nan,0.420590102673,nan,-5.96046447754e-08,0.420590162277
1520440548620384650,,322,,1520440548,594947752,"""map""",122.66771698,nan,0.431916087866,nan,0.0,0.431916087866
1520440548734744588,,323,,1520440548,702877912,"""map""",121.741752625,nan,0.44008398056,nan,2.98023223877e-08,0.440083950758
1520440548846077553,,324,,1520440548,809158320,"""map""",121.910102844,nan,0.445450663567,nan,0.0,0.445450663567
1520440548923658658,,325,,1520440548,907815784,"""map""",121.741752625,nan,0.449224114418,nan,-2.98023223877e-08,0.44922414422
1520440549012630946,,326,,1520440549,11827488,"""map""",120.478561401,nan,0.447022080421,nan,0.0,0.447022080421
1520440549115297364,,327,,1520440549,100572712,"""map""",121.151901245,nan,0.446206539869,nan,0.0,0.446206539869
1520440549209263293,,328,,1520440549,199196208,"""map""",121.151901245,nan,0.449828773737,nan,0.0,0.449828773737
1520440549333781722,,329,,1520440549,305091488,"""map""",122.331634521,nan,0.453082442284,nan,0.0,0.453082442284
1520440549450688947,,330,,1520440549,407686576,"""map""",122.415168762,nan,0.460970878601,nan,-2.98023223877e-08,0.460970908403
1520440549511855142,,331,,1520440549,508329576,"""map""",121.488586426,nan,0.459138721228,nan,0.0,0.459138721228
1520440549611856047,,332,,1520440549,604213176,"""map""",121.741752625,nan,0.469030410051,nan,0.0,0.469030410051
1520440549744503337,,333,,1520440549,698391344,"""map""",123.173461914,nan,0.472241163254,nan,0.0,0.472241163254
1520440549818794691,,334,,1520440549,818277920,"""map""",121.488586426,nan,0.471510976553,nan,0.0,0.471510976553
1520440549948482142,,335,,1520440549,903339916,"""map""",121.488586426,nan,0.472534567118,nan,-2.98023223877e-08,0.47253459692
1520440550050326430,,336,,1520440550,7295640,"""map""",122.837364197,nan,0.466397315264,nan,0.0,0.466397315264
1520440550112138967,,337,,1520440550,106370192,"""map""",122.583534241,nan,0.464203506708,nan,0.0,0.464203506708
1520440550212643830,,338,,1520440550,202677312,"""map""",121.573402405,nan,0.456934988499,nan,0.0,0.456934988499
1520440550312183396,,339,,1520440550,302674184,"""map""",120.309585571,nan,0.450475782156,nan,0.0,0.450475782156
1520440550413986931,,340,,1520440550,412949295,"""map""",120.899391174,nan,0.444756567478,nan,-2.98023223877e-08,0.444756597281
1520440550521758483,,341,,1520440550,509140088,"""map""",123.173461914,nan,0.43872448802,nan,0.0,0.43872448802
1520440550649612782,,342,,1520440550,604189056,"""map""",120.646888733,nan,0.431740880013,nan,0.0,0.431740880013
1520440550723480187,,343,,1520440550,706484256,"""map""",120.309585571,nan,0.427981585264,nan,-2.98023223877e-08,0.427981615067
1520440550832512424,,344,,1520440550,807151880,"""map""",121.573402405,nan,0.427318781614,nan,0.0,0.427318781614
1520440550950744927,,345,,1520440550,903269272,"""map""",121.573402405,nan,0.425187021494,nan,2.98023223877e-08,0.425186991692
1520440551034772884,,346,,1520440551,14059691,"""map""",119.888778687,nan,0.423555344343,nan,2.98023223877e-08,0.423555314541
1520440551126681442,,347,,1520440551,108269368,"""map""",122.920906067,nan,0.422934472561,nan,0.0,0.422934472561
1520440551246067035,,348,,1520440551,215570992,"""map""",121.573402405,nan,0.421429544687,nan,0.0,0.421429544687
1520440551322852586,,349,,1520440551,315438592,"""map""",122.078453064,nan,0.425402253866,nan,-2.98023223877e-08,0.425402283669
1520440551412544146,,350,,1520440551,412773000,"""map""",120.562721252,nan,0.421479701996,nan,0.0,0.421479701996
1520440551548574829,,351,,1520440551,507738928,"""map""",121.067726135,nan,0.420147925615,nan,0.0,0.420147925615
1520440551650312079,,352,,1520440551,614313808,"""map""",121.741752625,nan,0.427195727825,nan,0.0,0.427195727825
1520440551745472410,,353,,1520440551,713325440,"""map""",121.236709595,nan,0.433009147644,nan,0.0,0.433009147644
1520440551821976121,,354,,1520440551,811118984,"""map""",121.320884705,nan,0.436652332544,nan,-2.98023223877e-08,0.436652362347
1520440551972366407,,355,,1520440551,911974344,"""map""",120.899391174,nan,0.440770983696,nan,0.0,0.440770983696
1520440552016329193,,356,,1520440552,12422760,"""map""",120.394393921,nan,0.445347189903,nan,0.0,0.445347189903
1520440552121982242,,357,,1520440552,113227976,"""map""",121.404411316,nan,0.450812488794,nan,0.0,0.450812488794
1520440552251691435,,358,,1520440552,216619608,"""map""",121.994277954,nan,0.457895636559,nan,-2.98023223877e-08,0.457895666361
1520440552326530351,,359,,1520440552,314310216,"""map""",120.815223694,nan,0.463405132294,nan,-2.98023223877e-08,0.463405162096
1520440552453266259,,360,,1520440552,409651816,"""map""",120.815223694,nan,0.468031942844,nan,0.0,0.468031942844
1520440552544131712,,361,,1520440552,507925912,"""map""",122.246810913,nan,0.474811851978,nan,0.0,0.474811851978
1520440552628779240,,362,,1520440552,611230248,"""map""",119.888778687,nan,0.480563402176,nan,0.0,0.480563402176
1520440552851753171,,363,,1520440552,822549392,"""map""",121.320884705,nan,0.486462265253,nan,0.0,0.486462265253
1520440552927425182,,364,,1520440552,909856563,"""map""",120.983558655,nan,0.494608074427,nan,-2.98023223877e-08,0.494608104229
1520440553012688056,,365,,1520440553,4169456,"""map""",121.320884705,nan,0.503725171089,nan,0.0,0.503725171089
1520440553144002944,,366,,1520440553,114928869,"""map""",120.562721252,nan,0.342752784491,nan,0.0,0.342752784491
1520440553223850199,,367,,1520440553,217105869,"""map""",120.478561401,nan,0.26194408536,nan,0.0,0.26194408536
1520440553320284255,,368,,1520440553,310300130,"""map""",120.309585571,nan,0.251588761806,nan,0.0,0.251588761806
1520440553448865974,,369,,1520440553,416291544,"""map""",120.983558655,nan,0.263839811087,nan,0.0,0.263839811087
1520440553537068630,,370,,1520440553,502738661,"""map""",119.552146912,nan,0.279917418957,nan,0.0,0.279917418957
1520440553622843179,,371,,1520440553,607021200,"""map""",122.499351501,nan,0.320045918226,nan,-2.98023223877e-08,0.320045948029
1520440553723356969,,372,,1520440553,714509656,"""map""",121.404411316,nan,0.353051424026,nan,2.98023223877e-08,0.353051394224
1520440553825174811,,373,,1520440553,808982600,"""map""",120.815223694,nan,0.383308798075,nan,0.0,0.383308798075
1520440553926098275,,374,,1520440553,908881240,"""map""",122.583534241,nan,0.409014463425,nan,2.98023223877e-08,0.409014433622
1520440554021746732,,375,,1520440554,15538792,"""map""",121.741752625,nan,0.428664088249,nan,0.0,0.428664088249
1520440554139118942,,376,,1520440554,116738064,"""map""",120.983558655,nan,0.432970404625,nan,-5.96046447754e-08,0.43297046423
1520440554223108322,,377,,1520440554,219032592,"""map""",121.320884705,nan,0.449709117413,nan,0.0,0.449709117413
1520440554332661156,,378,,1520440554,321249544,"""map""",121.573402405,nan,0.46842032671,nan,-2.98023223877e-08,0.468420356512
1520440554444275397,,379,,1520440554,419228832,"""map""",121.826568604,nan,0.47794854641,nan,-2.98023223877e-08,0.477948576212
1520440554552404061,,380,,1520440554,531403087,"""map""",122.752540588,nan,0.474753022194,nan,0.0,0.474753022194
1520440554635518123,,381,,1520440554,638484008,"""map""",121.573402405,nan,0.486423969269,nan,0.0,0.486423969269
1520440554748959092,,382,,1520440554,728940780,"""map""",121.573402405,nan,0.502064108849,nan,0.0,0.502064108849
1520440554853133164,,383,,1520440554,828468480,"""map""",121.826568604,nan,0.509355604649,nan,0.0,0.509355604649
1520440554972129967,,384,,1520440554,934071256,"""map""",120.731697083,nan,0.510780215263,nan,0.0,0.510780215263
1520440555043631338,,385,,1520440555,27771808,"""map""",121.404411316,nan,0.514149427414,nan,0.0,0.514149427414
1520440555145453651,,386,,1520440555,128036520,"""map""",121.404411316,nan,0.516361713409,nan,0.0,0.516361713409
1520440555242707380,,387,,1520440555,233049056,"""map""",120.057098389,nan,0.517301797867,nan,0.0,0.517301797867
1520440555343812042,,388,,1520440555,329037104,"""map""",122.162635803,nan,0.515064001083,nan,5.96046447754e-08,0.515063941479
1520440555451896116,,389,,1520440555,432715288,"""map""",121.320884705,nan,0.512333989143,nan,0.0,0.512333989143
1520440555546145457,,390,,1520440555,537729944,"""map""",121.488586426,nan,0.505370438099,nan,0.0,0.505370438099
1520440555645765130,,391,,1520440555,639677928,"""map""",120.815223694,nan,0.504907846451,nan,-5.96046447754e-08,0.504907906055
1520440555750551356,,392,,1520440555,745365152,"""map""",121.910102844,nan,0.502456903458,nan,0.0,0.502456903458
1520440555851944495,,393,,1520440555,839534824,"""map""",120.731697083,nan,0.498091340065,nan,0.0,0.498091340065
1520440555951895976,,394,,1520440555,940854680,"""map""",121.657577515,nan,0.490600556135,nan,-2.98023223877e-08,0.490600585938
1520440556055167178,,395,,1520440556,40794968,"""map""",122.920906067,nan,0.483187019825,nan,0.0,0.483187019825
1520440556168741781,,396,,1520440556,142282584,"""map""",120.983558655,nan,0.476590305567,nan,0.0,0.476590305567
1520440556251462329,,397,,1520440556,245749312,"""map""",122.499351501,nan,0.471833944321,nan,5.96046447754e-08,0.471833884716
1520440556377728924,,398,,1520440556,343195960,"""map""",121.910102844,nan,0.469306409359,nan,-2.98023223877e-08,0.469306439161
1520440556452408347,,399,,1520440556,454183777,"""map""",121.826568604,nan,0.467133194208,nan,0.0,0.467133194208
1520440556547694511,,400,,1520440556,552484720,"""map""",121.236709595,nan,0.462209433317,nan,0.0,0.462209433317
1520440556651691350,,401,,1520440556,635142997,"""map""",121.151901245,nan,0.457467198372,nan,0.0,0.457467198372
1520440556779947785,,402,,1520440556,751870382,"""map""",121.994277954,nan,0.452527672052,nan,-2.98023223877e-08,0.452527701855
1520440556848282440,,403,,1520440556,850316928,"""map""",123.005096436,nan,0.460041761398,nan,2.98023223877e-08,0.460041731596
1520440556976401357,,404,,1520440556,954879288,"""map""",121.404411316,nan,0.456856995821,nan,0.0,0.456856995821
1520440557077221473,,405,,1520440557,58484840,"""map""",121.404411316,nan,0.452679485083,nan,0.0,0.452679485083
1520440557176686020,,406,,1520440557,157808544,"""map""",121.741752625,nan,0.450329869986,nan,0.0,0.450329869986
1520440557262643845,,407,,1520440557,258740800,"""map""",121.910102844,nan,0.445148348808,nan,0.0,0.445148348808
1520440557377071533,,408,,1520440557,357075552,"""map""",121.910102844,nan,0.437956869602,nan,0.0,0.437956869602
1520440557450656631,,409,,1520440557,453953120,"""map""",123.762786865,nan,0.433218449354,nan,0.0,0.433218449354
1520440557562885756,,410,,1520440557,550742696,"""map""",121.994277954,nan,0.428342401981,nan,0.0,0.428342401981
1520440557689193364,,411,,1520440557,663923719,"""map""",121.910102844,nan,0.424680531025,nan,0.0,0.424680531025
1520440557760798677,,412,,1520440557,752018106,"""map""",121.404411316,nan,0.422350555658,nan,-2.98023223877e-08,0.422350585461
1520440557891641362,,413,,1520440557,859654680,"""map""",122.499351501,nan,0.41747957468,nan,2.98023223877e-08,0.417479544878
1520440557977689525,,414,,1520440557,943186231,"""map""",122.837364197,nan,0.41270878911,nan,2.98023223877e-08,0.412708759308
1520440558064687916,,415,,1520440558,59306616,"""map""",121.657577515,nan,0.410903245211,nan,0.0,0.410903245211
1520440558172639754,,416,,1520440558,153390471,"""map""",122.837364197,nan,0.409109652042,nan,-2.98023223877e-08,0.409109681845
1520440558267859579,,417,,1520440558,247808432,"""map""",121.994277954,nan,0.40764054656,nan,0.0,0.40764054656
1520440558370244446,,418,,1520440558,351555792,"""map""",122.920906067,nan,0.405639320612,nan,0.0,0.405639320612
1520440558463459636,,419,,1520440558,458141807,"""map""",121.320884705,nan,0.404648452997,nan,-2.98023223877e-08,0.4046484828
1520440558561860650,,420,,1520440558,548576296,"""map""",121.657577515,nan,0.715517640114,nan,0.0,0.715517640114
1520440558655198579,,421,,1520440558,649821400,"""map""",122.920906067,nan,0.746348500252,nan,0.0,0.746348500252
1520440558765914629,,422,,1520440558,749120904,"""map""",122.583534241,nan,0.744485020638,nan,5.96046447754e-08,0.744484961033
1520440558863092916,,423,,1520440558,849360288,"""map""",122.837364197,nan,0.728353500366,nan,0.0,0.728353500366
1520440558977651097,,424,,1520440558,944034136,"""map""",123.762786865,nan,0.709038972855,nan,0.0,0.709038972855
1520440559076547946,,425,,1520440559,60669171,"""map""",121.320884705,nan,0.68608123064,nan,0.0,0.68608123064
1520440559191960084,,426,,1520440559,159799048,"""map""",121.236709595,nan,0.666214644909,nan,0.0,0.666214644909
1520440559269638115,,427,,1520440559,262514056,"""map""",122.078453064,nan,0.634354412556,nan,0.0,0.634354412556
1520440559357375986,,428,,1520440559,356908376,"""map""",121.320884705,nan,0.608189284801,nan,0.0,0.608189284801
1520440559465313441,,429,,1520440559,454088960,"""map""",121.488586426,nan,0.585755705833,nan,-5.96046447754e-08,0.585755765438
1520440559570780328,,430,,1520440559,549991784,"""map""",121.741752625,nan,0.567478656769,nan,0.0,0.567478656769
1520440559679338369,,431,,1520440559,653504576,"""map""",122.162635803,nan,0.548900842667,nan,-5.96046447754e-08,0.548900902271
1520440559773992870,,432,,1520440559,757752048,"""map""",122.246810913,nan,0.535696029663,nan,-5.96046447754e-08,0.535696089268
1520440559877032634,,433,,1520440559,857779056,"""map""",121.236709595,nan,0.527279615402,nan,0.0,0.527279615402
1520440559951560989,,434,,1520440559,959225248,"""map""",121.910102844,nan,0.516334891319,nan,0.0,0.516334891319
1520440560058473090,,435,,1520440560,52657184,"""map""",120.983558655,nan,0.497447162867,nan,0.0,0.497447162867
1520440560181007923,,436,,1520440560,153981592,"""map""",121.994277954,nan,0.489549338818,nan,-2.98023223877e-08,0.48954936862
1520440560269901644,,437,,1520440560,248576888,"""map""",121.236709595,nan,0.484914779663,nan,0.0,0.484914779663
1520440560383084723,,438,,1520440560,350910888,"""map""",119.804618835,nan,0.477768957615,nan,0.0,0.477768957615
1520440560453604712,,439,,1520440560,452120784,"""map""",121.236709595,nan,0.481493115425,nan,-2.98023223877e-08,0.481493145227
1520440560566629479,,440,,1520440560,549208904,"""map""",121.236709595,nan,0.480801641941,nan,0.0,0.480801641941
1520440560676619007,,441,,1520440560,649082256,"""map""",120.731697083,nan,0.486384600401,nan,0.0,0.486384600401
1520440560776551036,,442,,1520440560,754730360,"""map""",122.752540588,nan,0.487721443176,nan,2.98023223877e-08,0.487721413374
1520440560897858184,,443,,1520440560,852985656,"""map""",122.499351501,nan,0.489921092987,nan,0.0,0.489921092987
1520440560961869227,,444,,1520440560,944637680,"""map""",122.66771698,nan,0.491139888763,nan,0.0,0.491139888763
1520440561095006571,,445,,1520440561,48422328,"""map""",121.994277954,nan,0.494038373232,nan,0.0,0.494038373232
1520440561174631639,,446,,1520440561,150311728,"""map""",121.910102844,nan,0.492557704449,nan,0.0,0.492557704449
1520440561291905336,,447,,1520440561,257045192,"""map""",121.994277954,nan,0.500498652458,nan,0.0,0.500498652458
1520440561377317879,,448,,1520440561,347649332,"""map""",121.320884705,nan,0.50267380476,nan,0.0,0.50267380476
1520440561477781202,,449,,1520440561,463096212,"""map""",122.415168762,nan,0.50669926405,nan,0.0,0.50669926405
1520440561593827038,,450,,1520440561,565290072,"""map""",122.415168762,nan,0.500228285789,nan,0.0,0.500228285789
1520440561679505177,,451,,1520440561,642509375,"""map""",121.573402405,nan,0.496479928493,nan,0.0,0.496479928493
1520440561777782939,,452,,1520440561,766991305,"""map""",121.404411316,nan,0.489174485207,nan,0.0,0.489174485207
1520440561876244586,,453,,1520440561,860893072,"""map""",122.583534241,nan,0.483039826155,nan,0.0,0.483039826155
1520440561962621953,,454,,1520440561,962115584,"""map""",121.404411316,nan,0.475811928511,nan,-2.98023223877e-08,0.475811958313
1520440562084524851,,455,,1520440562,55862669,"""map""",121.236709595,nan,0.472373872995,nan,0.0,0.472373872995
1520440562173078074,,456,,1520440562,151058112,"""map""",121.236709595,nan,0.469391494989,nan,0.0,0.469391494989
1520440562266907276,,457,,1520440562,256961408,"""map""",121.826568604,nan,0.466258943081,nan,2.98023223877e-08,0.466258913279
1520440562367683003,,458,,1520440562,362400232,"""map""",120.394393921,nan,0.463020026684,nan,0.0,0.463020026684
1520440562461727725,,459,,1520440562,439607690,"""map""",120.562721252,nan,0.461855351925,nan,0.0,0.461855351925
1520440562572762341,,460,,1520440562,562273636,"""map""",122.331634521,nan,0.459636956453,nan,-2.98023223877e-08,0.459636986256
1520440562673621489,,461,,1520440562,661291000,"""map""",120.309585571,nan,0.456531822681,nan,2.98023223877e-08,0.456531792879
1520440562776877626,,462,,1520440562,765206592,"""map""",120.226066589,nan,0.456319868565,nan,0.0,0.456319868565
1520440562878164625,,463,,1520440562,863492056,"""map""",120.141265869,nan,0.611667513847,nan,0.0,0.611667513847
1520440563092702251,,464,,1520440563,64730464,"""map""",122.66771698,nan,0.613414287567,nan,0.0,0.613414287567
1520440563193864359,,465,,1520440563,152322781,"""map""",121.236709595,nan,0.600310206413,nan,5.96046447754e-08,0.600310146809
1520440563281667414,,466,,1520440563,250917280,"""map""",122.331634521,nan,0.585251331329,nan,-5.96046447754e-08,0.585251390934
1520440563391295844,,467,,1520440563,364863672,"""map""",120.478561401,nan,0.568859696388,nan,0.0,0.568859696388
1520440563475599187,,468,,1520440563,453574771,"""map""",121.488586426,nan,0.556530594826,nan,0.0,0.556530594826
1520440563572319225,,469,,1520440563,558125896,"""map""",121.657577515,nan,0.544853210449,nan,-5.96046447754e-08,0.544853270054
1520440563671730345,,470,,1520440563,654079528,"""map""",120.478561401,nan,0.534410834312,nan,1.19209289551e-07,0.534410715103
1520440563775584846,,471,,1520440563,756454808,"""map""",121.320884705,nan,0.528940916061,nan,-5.96046447754e-08,0.528940975666
1520440563864609338,,472,,1520440563,859655960,"""map""",120.899391174,nan,0.528004765511,nan,-5.96046447754e-08,0.528004825115
1520440563971695307,,473,,1520440563,961410840,"""map""",121.151901245,nan,0.525525569916,nan,0.0,0.525525569916
1520440564066460287,,474,,1520440564,64838760,"""map""",119.636299133,nan,0.500033557415,nan,0.0,0.500033557415
1520440564173802669,,475,,1520440564,160826032,"""map""",121.994277954,nan,0.47976192832,nan,0.0,0.47976192832
1520440564276748177,,476,,1520440564,263553112,"""map""",121.488586426,nan,0.469328016043,nan,2.98023223877e-08,0.46932798624
1520440564371768583,,477,,1520440564,361489632,"""map""",120.899391174,nan,0.462519943714,nan,2.98023223877e-08,0.462519913912
1520440564477206714,,478,,1520440564,462694976,"""map""",119.636299133,nan,0.457319229841,nan,0.0,0.457319229841
1520440564588665402,,479,,1520440564,565621776,"""map""",122.499351501,nan,0.458024322987,nan,0.0,0.458024322987
1520440564683990116,,480,,1520440564,661017048,"""map""",121.994277954,nan,0.454137057066,nan,0.0,0.454137057066
1520440564816881077,,481,,1520440564,769596464,"""map""",121.826568604,nan,0.454545199871,nan,0.0,0.454545199871
1520440564898027699,,482,,1520440564,858137578,"""map""",121.151901245,nan,0.444186031818,nan,0.0,0.444186031818
1520440564972286651,,483,,1520440564,955362424,"""map""",121.994277954,nan,0.437830805779,nan,-2.98023223877e-08,0.437830835581
1520440565072023613,,484,,1520440565,65049680,"""map""",120.731697083,nan,0.440611004829,nan,2.98023223877e-08,0.440610975027
1520440565194104022,,485,,1520440565,161532776,"""map""",121.151901245,nan,0.435136884451,nan,0.0,0.435136884451
1520440565277621038,,486,,1520440565,259196784,"""map""",120.646888733,nan,0.43594199419,nan,-2.98023223877e-08,0.435942023993
1520440565371797180,,487,,1520440565,371335223,"""map""",121.741752625,nan,0.422431558371,nan,0.0,0.422431558371
1520440565476914996,,488,,1520440565,466389576,"""map""",122.162635803,nan,0.41547653079,nan,5.96046447754e-08,0.415476471186
1520440565572612889,,489,,1520440565,563384608,"""map""",120.057098389,nan,0.407556951046,nan,2.98023223877e-08,0.407556921244
1520440565676514739,,490,,1520440565,668616696,"""map""",121.573402405,nan,0.399793684483,nan,-2.98023223877e-08,0.399793714285
1520440565772796851,,491,,1520440565,763032952,"""map""",121.488586426,nan,0.398655772209,nan,-2.98023223877e-08,0.398655802011
1520440565872190764,,492,,1520440565,862652184,"""map""",121.236709595,nan,0.388671696186,nan,0.0,0.388671696186
1520440565978279652,,493,,1520440565,963858880,"""map""",121.320884705,nan,0.385235369205,nan,0.0,0.385235369205
1520440566075061233,,494,,1520440566,68395280,"""map""",121.320884705,nan,0.386241614819,nan,0.0,0.386241614819
1520440566190860908,,495,,1520440566,168498592,"""map""",120.983558655,nan,0.394513458014,nan,0.0,0.394513458014
1520440566271255392,,496,,1520440566,269861296,"""map""",122.331634521,nan,0.406394660473,nan,2.98023223877e-08,0.406394630671
1520440566374308264,,497,,1520440566,365372912,"""map""",121.320884705,nan,0.420387744904,nan,-2.98023223877e-08,0.420387774706
1520440566477600317,,498,,1520440566,465637320,"""map""",121.741752625,nan,0.431573688984,nan,0.0,0.431573688984
1520440566577739934,,499,,1520440566,575889658,"""map""",120.983558655,nan,0.440839499235,nan,0.0,0.440839499235
1520440566676230529,,500,,1520440566,676123232,"""map""",121.826568604,nan,0.449184596539,nan,0.0,0.449184596539
1520440566772340480,,501,,1520440566,775470944,"""map""",121.236709595,nan,0.454314500093,nan,0.0,0.454314500093
1520440566873226065,,502,,1520440566,870911128,"""map""",119.636299133,nan,0.457368016243,nan,-2.98023223877e-08,0.457368046045
1520440566976645833,,503,,1520440566,969473392,"""map""",119.721099854,nan,0.459849059582,nan,8.94069671631e-08,0.459848970175
1520440567073130368,,504,,1520440567,68469688,"""map""",121.488586426,nan,0.460190057755,nan,0.0,0.460190057755
1520440567172230840,,505,,1520440567,165006496,"""map""",120.983558655,nan,0.460328489542,nan,0.0,0.460328489542
1520440567280202308,,506,,1520440567,264659640,"""map""",121.826568604,nan,0.456923395395,nan,0.0,0.456923395395
1520440567395309394,,507,,1520440567,367633440,"""map""",120.141265869,nan,0.451294064522,nan,-2.98023223877e-08,0.451294094324
1520440567493704075,,508,,1520440567,469986992,"""map""",122.499351501,nan,0.449931383133,nan,2.98023223877e-08,0.449931353331
1520440567577332629,,509,,1520440567,568167472,"""map""",121.236709595,nan,0.440991640091,nan,0.0,0.440991640091
1520440567682279814,,510,,1520440567,673007552,"""map""",121.573402405,nan,0.436923414469,nan,0.0,0.436923414469
1520440567776894339,,511,,1520440567,771155440,"""map""",121.320884705,nan,0.435599565506,nan,0.0,0.435599565506
1520440567894343428,,512,,1520440567,871861048,"""map""",122.162635803,nan,0.43670630455,nan,2.98023223877e-08,0.436706274748
1520440567992182239,,513,,1520440567,977370568,"""map""",120.309585571,nan,0.442458808422,nan,2.98023223877e-08,0.44245877862
1520440568077521209,,514,,1520440568,73130984,"""map""",120.731697083,nan,0.444866538048,nan,0.0,0.444866538048
1520440568176379938,,515,,1520440568,175868208,"""map""",121.826568604,nan,0.446345388889,nan,-2.98023223877e-08,0.446345418692
1520440568294952003,,516,,1520440568,274263816,"""map""",120.731697083,nan,0.449733972549,nan,2.98023223877e-08,0.449733942747
1520440568411291490,,517,,1520440568,382255568,"""map""",120.731697083,nan,0.450332611799,nan,0.0,0.450332611799
1520440568485542549,,518,,1520440568,455646583,"""map""",119.636299133,nan,0.451875120401,nan,-2.98023223877e-08,0.451875150204
1520440568588861093,,519,,1520440568,567222206,"""map""",121.488586426,nan,0.454774290323,nan,0.0,0.454774290323
1520440568674008868,,520,,1520440568,668960296,"""map""",119.972938538,nan,0.459387868643,nan,0.0,0.459387868643
1520440568777554822,,521,,1520440568,766569152,"""map""",121.488586426,nan,0.461264908314,nan,0.0,0.461264908314
1520440568872879148,,522,,1520440568,865984760,"""map""",121.826568604,nan,0.464123100042,nan,0.0,0.464123100042
1520440568979332249,,523,,1520440568,970073944,"""map""",120.646888733,nan,0.467052459717,nan,5.96046447754e-08,0.467052400112
1520440569077926951,,524,,1520440569,71276664,"""map""",122.415168762,nan,0.46958476305,nan,-2.98023223877e-08,0.469584792852
1520440569198749454,,525,,1520440569,174218352,"""map""",120.731697083,nan,0.471324831247,nan,-2.98023223877e-08,0.47132486105
1520440569276982573,,526,,1520440569,275286208,"""map""",121.826568604,nan,0.473610401154,nan,0.0,0.473610401154
1520440569400164227,,527,,1520440569,379573568,"""map""",121.404411316,nan,0.475353986025,nan,0.0,0.475353986025
1520440569492242543,,528,,1520440569,477700200,"""map""",121.488586426,nan,0.477320730686,nan,0.0,0.477320730686
1520440569582500893,,529,,1520440569,559933468,"""map""",122.752540588,nan,0.511915445328,nan,0.0,0.511915445328
1520440569693642123,,530,,1520440569,671972695,"""map""",121.404411316,nan,0.554017961025,nan,0.0,0.554017961025
1520440569807681412,,531,,1520440569,759178468,"""map""",120.309585571,nan,0.551717281342,nan,5.96046447754e-08,0.551717221737
1520440569877084609,,532,,1520440569,874634395,"""map""",121.657577515,nan,0.547207057476,nan,0.0,0.547207057476
1520440570003468402,,533,,1520440569,975532664,"""map""",122.078453064,nan,0.530645549297,nan,0.0,0.530645549297
1520440570100778467,,534,,1520440570,72903576,"""map""",122.246810913,nan,0.522016048431,nan,0.0,0.522016048431
1520440570191883064,,535,,1520440570,173198168,"""map""",123.089279175,nan,0.514609694481,nan,0.0,0.514609694481
1520440570294409236,,536,,1520440570,259530398,"""map""",122.246810913,nan,0.510487437248,nan,0.0,0.510487437248
1520440570397189992,,537,,1520440570,362743880,"""map""",123.005096436,nan,0.507265150547,nan,0.0,0.507265150547
1520440570473600692,,538,,1520440570,478177399,"""map""",121.488586426,nan,0.504890322685,nan,5.96046447754e-08,0.504890263081
1520440570578151208,,539,,1520440570,566589952,"""map""",122.66771698,nan,0.501684129238,nan,0.0,0.501684129238
1520440570705030936,,540,,1520440570,673185032,"""map""",120.899391174,nan,0.498476713896,nan,0.0,0.498476713896
1520440570772630768,,541,,1520440570,757051533,"""map""",120.394393921,nan,0.496441185474,nan,0.0,0.496441185474
1520440570876874074,,542,,1520440570,868788643,"""map""",121.657577515,nan,0.496179223061,nan,0.0,0.496179223061
1520440570973662907,,543,,1520440570,968628072,"""map""",120.983558655,nan,0.494620472193,nan,-5.96046447754e-08,0.494620531797
1520440571081522677,,544,,1520440571,66588096,"""map""",120.646888733,nan,0.494430363178,nan,-2.98023223877e-08,0.494430392981
1520440571185104991,,545,,1520440571,169041952,"""map""",121.826568604,nan,0.496500253677,nan,0.0,0.496500253677
1520440571272819200,,546,,1520440571,269584808,"""map""",121.404411316,nan,0.499697446823,nan,2.98023223877e-08,0.499697417021
1520440571378391937,,547,,1520440571,368368584,"""map""",123.510215759,nan,0.47677218914,nan,-2.98023223877e-08,0.476772218943
1520440571477868549,,548,,1520440571,468124128,"""map""",121.067726135,nan,0.472621977329,nan,2.98023223877e-08,0.472621947527
1520440571592742599,,549,,1520440571,571404000,"""map""",122.837364197,nan,0.469363808632,nan,2.98023223877e-08,0.46936377883
1520440571676005949,,550,,1520440571,671026992,"""map""",120.815223694,nan,0.469944834709,nan,0.0,0.469944834709
1520440571776324297,,551,,1520440571,770112808,"""map""",120.983558655,nan,0.482090681791,nan,0.0,0.482090681791
1520440571872157305,,552,,1520440571,865259232,"""map""",123.173461914,nan,0.492675721645,nan,0.0,0.492675721645
1520440571983027073,,553,,1520440571,970447592,"""map""",121.994277954,nan,0.499889463186,nan,0.0,0.499889463186
1520440572101216684,,554,,1520440572,70629824,"""map""",121.657577515,nan,0.511999130249,nan,0.0,0.511999130249
1520440572205945778,,555,,1520440572,170556848,"""map""",122.66771698,nan,0.516182184219,nan,-5.96046447754e-08,0.516182243824
1520440572284483617,,556,,1520440572,273920544,"""map""",122.331634521,nan,0.517407953739,nan,0.0,0.517407953739
1520440572372193705,,557,,1520440572,366469560,"""map""",121.488586426,nan,0.52228140831,nan,0.0,0.52228140831
1520440572576114074,,558,,1520440572,569909248,"""map""",121.573402405,nan,0.529291987419,nan,-5.96046447754e-08,0.529292047024
1520440572693813513,,559,,1520440572,672162712,"""map""",122.078453064,nan,0.532725811005,nan,0.0,0.532725811005
1520440572787644047,,560,,1520440572,775343264,"""map""",122.415168762,nan,0.536524772644,nan,0.0,0.536524772644
1520440572911070483,,561,,1520440572,874271592,"""map""",121.404411316,nan,0.540031969547,nan,0.0,0.540031969547
1520440572976964079,,562,,1520440572,977747152,"""map""",120.309585571,nan,0.539950966835,nan,0.0,0.539950966835
1520440573077594707,,563,,1520440573,77464440,"""map""",121.488586426,nan,0.544879376888,nan,0.0,0.544879376888
1520440573178323915,,564,,1520440573,172469640,"""map""",122.415168762,nan,0.544526457787,nan,0.0,0.544526457787
1520440573276324649,,565,,1520440573,268048392,"""map""",121.657577515,nan,0.544119417667,nan,0.0,0.544119417667
1520440573394351497,,566,,1520440573,367996424,"""map""",121.994277954,nan,0.541685938835,nan,-5.96046447754e-08,0.54168599844
1520440573480744639,,567,,1520440573,463992920,"""map""",121.488586426,nan,0.540252804756,nan,0.0,0.540252804756
1520440573581218436,,568,,1520440573,563496064,"""map""",120.899391174,nan,0.530149817467,nan,0.0,0.530149817467
1520440573672892741,,569,,1520440573,665382056,"""map""",121.741752625,nan,0.520469427109,nan,0.0,0.520469427109
1520440573771782657,,570,,1520440573,764225992,"""map""",121.067726135,nan,0.509130358696,nan,5.96046447754e-08,0.509130299091
1520440573875185422,,571,,1520440573,866611592,"""map""",121.573402405,nan,0.503233551979,nan,0.0,0.503233551979
1520440573974879895,,572,,1520440573,968410040,"""map""",120.815223694,nan,0.496292293072,nan,2.98023223877e-08,0.496292263269
1520440574075887494,,573,,1520440574,74196256,"""map""",121.320884705,nan,0.493857562542,nan,0.0,0.493857562542
1520440574174695660,,574,,1520440574,171093872,"""map""",120.899391174,nan,0.493732631207,nan,2.98023223877e-08,0.493732601404
1520440574276881986,,575,,1520440574,273653496,"""map""",122.499351501,nan,0.495558083057,nan,0.0,0.495558083057
1520440574377244605,,576,,1520440574,378133752,"""map""",122.499351501,nan,0.496328622103,nan,0.0,0.496328622103
1520440574478247973,,577,,1520440574,473385768,"""map""",122.078453064,nan,0.49933424592,nan,0.0,0.49933424592
1520440574573534266,,578,,1520440574,567432400,"""map""",121.657577515,nan,0.499884903431,nan,-2.98023223877e-08,0.499884933233
1520440574721297815,,579,,1520440574,672231880,"""map""",121.826568604,nan,0.501800954342,nan,0.0,0.501800954342
1520440574775611403,,580,,1520440574,784692262,"""map""",121.994277954,nan,0.503535985947,nan,0.0,0.503535985947
1520440574877104815,,581,,1520440574,879309504,"""map""",121.573402405,nan,0.504612386227,nan,0.0,0.504612386227
1520440574973508835,,582,,1520440574,977703200,"""map""",122.331634521,nan,0.505959868431,nan,0.0,0.505959868431
1520440575101454022,,583,,1520440575,83459256,"""map""",122.078453064,nan,0.507793664932,nan,0.0,0.507793664932
1520440575194801426,,584,,1520440575,182584944,"""map""",120.899391174,nan,0.475307226181,nan,-2.98023223877e-08,0.475307255983
1520440575277226438,,585,,1520440575,280423736,"""map""",120.646888733,nan,0.456976771355,nan,0.0,0.456976771355
1520440575387463181,,586,,1520440575,378617808,"""map""",121.910102844,nan,0.447720170021,nan,0.0,0.447720170021
1520440575483407972,,587,,1520440575,474962864,"""map""",120.562721252,nan,0.440413355827,nan,2.98023223877e-08,0.440413326025
1520440575582974482,,588,,1520440575,572981488,"""map""",121.404411316,nan,0.436845898628,nan,-2.98023223877e-08,0.436845928431
1520440575681534087,,589,,1520440575,675143752,"""map""",123.089279175,nan,0.44075512886,nan,2.98023223877e-08,0.440755099058
1520440575804342105,,590,,1520440575,774415696,"""map""",122.752540588,nan,0.44468036294,nan,0.0,0.44468036294
1520440575876601978,,591,,1520440575,878891840,"""map""",120.478561401,nan,0.447920978069,nan,2.98023223877e-08,0.447920948267
1520440575993280319,,592,,1520440575,981786328,"""map""",122.162635803,nan,0.454290211201,nan,-5.96046447754e-08,0.454290270805
1520440576082424404,,593,,1520440576,79268296,"""map""",120.731697083,nan,0.461183667183,nan,0.0,0.461183667183
1520440576192404130,,594,,1520440576,175540232,"""map""",121.067726135,nan,0.467632830143,nan,-2.98023223877e-08,0.467632859945
1520440576293629303,,595,,1520440576,277191336,"""map""",122.66771698,nan,0.474862933159,nan,0.0,0.474862933159
1520440576397499006,,596,,1520440576,375929840,"""map""",122.752540588,nan,0.482559680939,nan,0.0,0.482559680939
1520440576510694196,,597,,1520440576,481787496,"""map""",120.731697083,nan,0.489684820175,nan,2.98023223877e-08,0.489684790373
1520440576592574656,,598,,1520440576,585700200,"""map""",122.078453064,nan,0.50463783741,nan,0.0,0.50463783741
1520440576692487624,,599,,1520440576,681552200,"""map""",122.246810913,nan,0.511722683907,nan,0.0,0.511722683907
1520440576792155089,,600,,1520440576,778772608,"""map""",121.404411316,nan,0.519900918007,nan,-5.96046447754e-08,0.519900977612
1520440576893029896,,601,,1520440576,877386832,"""map""",121.320884705,nan,0.524612665176,nan,5.96046447754e-08,0.524612605572
1520440577001032039,,602,,1520440576,978072184,"""map""",121.657577515,nan,0.525326669216,nan,0.0,0.525326669216
1520440577107230000,,603,,1520440577,79583144,"""map""",122.415168762,nan,0.524705469608,nan,0.0,0.524705469608
1520440577202315816,,604,,1520440577,185263288,"""map""",120.309585571,nan,0.523985028267,nan,-5.96046447754e-08,0.523985087872
1520440577283906581,,605,,1520440577,283689856,"""map""",121.320884705,nan,0.522312521935,nan,0.0,0.522312521935
1520440577381653587,,606,,1520440577,380592728,"""map""",121.826568604,nan,0.525119364262,nan,0.0,0.525119364262
1520440577493116721,,607,,1520440577,481206984,"""map""",120.309585571,nan,0.523975849152,nan,0.0,0.523975849152
1520440577606543185,,608,,1520440577,578015216,"""map""",120.731697083,nan,0.527798235416,nan,0.0,0.527798235416
1520440577709469290,,609,,1520440577,691779536,"""map""",120.899391174,nan,0.529257595539,nan,0.0,0.529257595539
1520440577801418853,,610,,1520440577,790156400,"""map""",121.994277954,nan,0.531088292599,nan,0.0,0.531088292599
1520440577901377758,,611,,1520440577,888763400,"""map""",121.488586426,nan,0.533071994781,nan,0.0,0.533071994781
1520440577993765083,,612,,1520440577,988172432,"""map""",121.320884705,nan,0.533188581467,nan,0.0,0.533188581467
1520440578086165108,,613,,1520440578,82193160,"""map""",120.815223694,nan,0.5324229002,nan,0.0,0.5324229002
1520440578198667295,,614,,1520440578,185998744,"""map""",121.151901245,nan,0.530016183853,nan,-5.96046447754e-08,0.530016243458
1520440578311097379,,615,,1520440578,290398816,"""map""",120.394393921,nan,0.527033150196,nan,-5.96046447754e-08,0.527033209801
1520440578392596018,,616,,1520440578,389697816,"""map""",121.910102844,nan,0.52626490593,nan,0.0,0.52626490593
1520440578493509850,,617,,1520440578,486119024,"""map""",121.573402405,nan,0.523739039898,nan,0.0,0.523739039898
1520440578593169203,,618,,1520440578,587122736,"""map""",121.826568604,nan,0.522170007229,nan,0.0,0.522170007229
1520440578691719439,,619,,1520440578,685500776,"""map""",122.499351501,nan,0.519247472286,nan,0.0,0.519247472286
1520440578800021847,,620,,1520440578,786820368,"""map""",121.320884705,nan,0.518976986408,nan,5.96046447754e-08,0.518976926804
1520440578892995539,,621,,1520440578,887120480,"""map""",120.057098389,nan,0.519593536854,nan,5.96046447754e-08,0.519593477249
1520440578991990905,,622,,1520440578,984720480,"""map""",121.151901245,nan,0.521160244942,nan,0.0,0.521160244942
1520440579094744311,,623,,1520440579,87003696,"""map""",121.067726135,nan,0.511439979076,nan,0.0,0.511439979076
1520440579193621363,,624,,1520440579,182637136,"""map""",120.815223694,nan,0.488522946835,nan,2.98023223877e-08,0.488522917032
1520440579293267289,,625,,1520440579,287625720,"""map""",121.488586426,nan,0.420816004276,nan,-2.98023223877e-08,0.420816034079
1520440579392927780,,626,,1520440579,385697352,"""map""",121.320884705,nan,0.329599708319,nan,2.98023223877e-08,0.329599678516
1520440579492573803,,627,,1520440579,480734488,"""map""",121.067726135,nan,0.281407028437,nan,0.0,0.281407028437
1520440579592207145,,628,,1520440579,584191208,"""map""",120.983558655,nan,0.243988752365,nan,-1.49011611938e-08,0.243988767266
1520440579692951449,,629,,1520440579,684777632,"""map""",118.626457214,nan,0.218084156513,nan,0.0,0.218084156513
1520440579793178439,,630,,1520440579,785854232,"""map""",119.972938538,nan,0.19356277585,nan,0.0,0.19356277585
1520440579892361849,,631,,1520440579,882816232,"""map""",118.962417603,nan,0.162106916308,nan,0.0,0.162106916308
1520440580030937865,,632,,1520440580,4655637,"""map""",120.815223694,nan,0.129473134875,nan,0.0,0.129473134875
1520440580103361374,,633,,1520440580,93010014,"""map""",119.804618835,nan,0.0998092517257,nan,0.0,0.0998092517257
1520440580223431601,,634,,1520440580,199109840,"""map""",117.783706665,nan,0.0932524353266,nan,0.0,0.0932524353266
1520440580293487567,,635,,1520440580,296521840,"""map""",119.383834839,nan,0.0885715037584,nan,-7.45058059692e-09,0.088571511209
1520440580393119107,,636,,1520440580,386566464,"""map""",119.383834839,nan,0.0928078219295,nan,0.0,0.0928078219295
1520440580491079635,,637,,1520440580,486175304,"""map""",119.636299133,nan,0.0903296470642,nan,0.0,0.0903296470642
1520440580591927514,,638,,1520440580,583808304,"""map""",119.299674988,nan,0.0906938016415,nan,-7.45058059692e-09,0.090693809092
1520440580720191446,,639,,1520440580,702942734,"""map""",118.878265381,nan,0.0907018333673,nan,0.0,0.0907018333673
1520440580793188386,,640,,1520440580,784766541,"""map""",120.309585571,nan,0.0914257392287,nan,0.0,0.0914257392287
1520440580892248501,,641,,1520440580,885288912,"""map""",120.309585571,nan,0.0904852822423,nan,-7.45058059692e-09,0.0904852896929
1520440580994017366,,642,,1520440580,984142624,"""map""",120.478561401,nan,0.0906589776278,nan,2.23517417908e-08,0.090658955276
1520440581092064431,,643,,1520440581,82818816,"""map""",119.804618835,nan,0.0898665115237,nan,-7.45058059692e-09,0.0898665189743
1520440581219672790,,644,,1520440581,200197378,"""map""",119.636299133,nan,0.0900116115808,nan,7.45058059692e-09,0.0900116041303
1520440581303235252,,645,,1520440581,295576752,"""map""",120.731697083,nan,0.0900707393885,nan,0.0,0.0900707393885
1520440581401946350,,646,,1520440581,389961528,"""map""",118.878265381,nan,0.0906320437789,nan,-7.45058059692e-09,0.0906320512295
1520440581520637253,,647,,1520440581,494530384,"""map""",118.794113159,nan,0.0903872027993,nan,7.45058059692e-09,0.0903871953487
1520440581627905566,,648,,1520440581,582549487,"""map""",119.046569824,nan,0.0945747941732,nan,7.45058059692e-09,0.0945747867227
1520440581720463260,,649,,1520440581,701117091,"""map""",119.636299133,nan,0.0933065265417,nan,0.0,0.0933065265417
1520440581792521698,,650,,1520440581,783906629,"""map""",120.226066589,nan,0.0969163328409,nan,0.0,0.0969163328409
1520440581892148988,,651,,1520440581,884532312,"""map""",120.309585571,nan,0.101052999496,nan,0.0,0.101052999496
1520440581992776039,,652,,1520440581,987619976,"""map""",120.394393921,nan,0.104294210672,nan,0.0,0.104294210672
1520440582092228536,,653,,1520440582,86592624,"""map""",119.131370544,nan,0.105554267764,nan,-7.45058059692e-09,0.105554275215
1520440582220163030,,654,,1520440582,202811027,"""map""",117.867851257,nan,0.0996678397059,nan,0.0,0.0996678397059
1520440582293142014,,655,,1520440582,284331492,"""map""",119.216163635,nan,0.0870264917612,nan,-7.45058059692e-09,0.0870264992118
1520440582395619826,,656,,1520440582,387031312,"""map""",121.151901245,nan,0.0731153637171,nan,0.0,0.0731153637171
1520440582496002751,,657,,1520440582,490330688,"""map""",121.488586426,nan,0.0540891289711,nan,0.0,0.0540891289711
1520440582624945478,,658,,1520440582,603783295,"""map""",121.741752625,nan,0.0358610264957,nan,0.0,0.0358610264957
1520440582721300463,,659,,1520440582,701971560,"""map""",120.394393921,nan,0.019394852221,nan,0.0,0.019394852221
1520440582819740981,,660,,1520440582,801415440,"""map""",121.826568604,nan,0.0030901140999,nan,0.0,0.0030901140999
1520440582895007650,,661,,1520440582,886391991,"""map""",121.826568604,nan,-0.0112290205434,nan,0.0,-0.0112290205434
1520440583020140866,,662,,1520440583,882051,"""map""",121.826568604,nan,-0.0285641402006,nan,-1.86264514923e-09,-0.028564138338
1520440583120730686,,663,,1520440583,98380504,"""map""",121.741752625,nan,-0.0426217839122,nan,0.0,-0.0426217839122
1520440583195048647,,664,,1520440583,190182717,"""map""",122.078453064,nan,-0.0574167370796,nan,0.0,-0.0574167370796
1520440583293667047,,665,,1520440583,286598717,"""map""",120.899391174,nan,-0.0666452795267,nan,0.0,-0.0666452795267
1520440583435390522,,666,,1520440583,386814424,"""map""",122.078453064,nan,0.0350713208318,nan,-3.72529029846e-09,0.0350713245571
1520440583511836743,,667,,1520440583,495052447,"""map""",121.488586426,nan,0.0842717811465,nan,-7.45058059692e-09,0.0842717885971
1520440583594262330,,668,,1520440583,592639712,"""map""",122.583534241,nan,0.0892664864659,nan,0.0,0.0892664864659
1520440583720750965,,669,,1520440583,698434754,"""map""",121.404411316,nan,0.0909873843193,nan,-7.45058059692e-09,0.0909873917699
1520440583829153549,,670,,1520440583,807020496,"""map""",121.657577515,nan,0.0993080064654,nan,0.0,0.0993080064654
1520440583918461816,,671,,1520440583,898306128,"""map""",121.826568604,nan,0.108162067831,nan,0.0,0.108162067831
1520440583991626214,,672,,1520440583,981264977,"""map""",121.573402405,nan,0.121070824564,nan,0.0,0.121070824564
1520440584112544622,,673,,1520440584,102779941,"""map""",122.246810913,nan,0.138049289584,nan,0.0,0.138049289584
1520440584219569350,,674,,1520440584,204007216,"""map""",121.826568604,nan,0.156695097685,nan,-1.49011611938e-08,0.156695112586
1520440584303462040,,675,,1520440584,298092464,"""map""",121.826568604,nan,0.17827989161,nan,1.49011611938e-08,0.178279876709
1520440584420368216,,676,,1520440584,396862104,"""map""",122.162635803,nan,0.199517756701,nan,1.49011611938e-08,0.199517741799
1520440584520073799,,677,,1520440584,498114608,"""map""",120.815223694,nan,0.225426703691,nan,-1.49011611938e-08,0.225426718593
1520440584592490332,,678,,1520440584,586839095,"""map""",122.078453064,nan,0.254786103964,nan,0.0,0.254786103964
1520440584721283407,,679,,1520440584,699407555,"""map""",121.910102844,nan,0.28784519434,nan,0.0,0.28784519434
1520440584834603661,,680,,1520440584,784908614,"""map""",121.236709595,nan,0.324096292257,nan,0.0,0.324096292257
1520440584913197827,,681,,1520440584,897650420,"""map""",121.320884705,nan,0.365240037441,nan,0.0,0.365240037441
1520440585014936147,,682,,1520440584,996561420,"""map""",122.162635803,nan,0.409674942493,nan,2.98023223877e-08,0.409674912691
1520440585092450036,,683,,1520440585,88915217,"""map""",121.910102844,nan,0.45569601655,nan,0.0,0.45569601655
1520440585222533385,,684,,1520440585,198815376,"""map""",121.573402405,nan,0.501795589924,nan,0.0,0.501795589924
1520440585323577479,,685,,1520440585,299755408,"""map""",122.078453064,nan,0.547024250031,nan,0.0,0.547024250031
1520440585391990018,,686,,1520440585,383548534,"""map""",122.331634521,nan,0.592917144299,nan,0.0,0.592917144299
1520440585492620844,,687,,1520440585,483591048,"""map""",121.826568604,nan,0.640334308147,nan,0.0,0.640334308147
1520440585595538016,,688,,1520440585,585563984,"""map""",122.078453064,nan,0.239219263196,nan,-4.47034835815e-08,0.239219307899
1520440585723875524,,689,,1520440585,703708996,"""map""",122.246810913,nan,0.102009639144,nan,7.45058059692e-09,0.102009631693
1520440585828603902,,690,,1520440585,804625528,"""map""",122.162635803,nan,0.0983087196946,nan,7.45058059692e-09,0.098308712244
1520440585895282662,,691,,1520440585,886126290,"""map""",121.320884705,nan,0.0939229875803,nan,-7.45058059692e-09,0.0939229950309
1520440585993290058,,692,,1520440585,986970472,"""map""",121.404411316,nan,0.0908441916108,nan,0.0,0.0908441916108
1520440586092320477,,693,,1520440586,84119976,"""map""",121.488586426,nan,0.09518904984,nan,7.45058059692e-09,0.0951890423894
1520440586192576073,,694,,1520440586,184631512,"""map""",121.741752625,nan,0.0901698321104,nan,0.0,0.0901698321104
1520440586293470296,,695,,1520440586,284769728,"""map""",122.583534241,nan,0.0903822034597,nan,7.45058059692e-09,0.0903821960092
1520440586392493277,,696,,1520440586,381967080,"""map""",123.089279175,nan,0.0900324583054,nan,0.0,0.0900324583054
1520440586527415527,,697,,1520440586,505378929,"""map""",122.66771698,nan,0.0893747210503,nan,0.0,0.0893747210503
1520440586618361364,,698,,1520440586,602644200,"""map""",121.910102844,nan,0.0937441885471,nan,0.0,0.0937441885471
1520440586720992074,,699,,1520440586,699740376,"""map""",122.078453064,nan,0.0989251285791,nan,0.0,0.0989251285791
1520440586829513306,,700,,1520440586,802923376,"""map""",121.910102844,nan,0.104041695595,nan,0.0,0.104041695595
1520440586887478398,,701,,1520440586,882903354,"""map""",122.837364197,nan,0.109109014273,nan,0.0,0.109109014273
1520440587016851533,,702,,1520440587,847971,"""map""",122.415168762,nan,0.114090353251,nan,0.0,0.114090353251
1520440587093039247,,703,,1520440587,84780212,"""map""",122.920906067,nan,0.118973597884,nan,0.0,0.118973597884
1520440587192612007,,704,,1520440587,186114128,"""map""",123.089279175,nan,0.123837903142,nan,0.0,0.123837903142
1520440587309992067,,705,,1520440587,285959128,"""map""",122.246810913,nan,0.128642141819,nan,0.0,0.128642141819
1520440587419675043,,706,,1520440587,386759008,"""map""",122.246810913,nan,0.133321240544,nan,0.0,0.133321240544
