rosbagTimestamp,header,seq,stamp,secs,nsecs,frame_id,status,status,service,latitude,longitude,altitude,position_covariance,position_covariance_type
1520440529267311303,,64,,1520440529,54620652,"""base_link""",,-1,1,0.0,0.0,0.163,"[9997.999672796635, 0.0, 0.0, 0.0, 9997.999672796635, 0.0, 0.0, 0.0, 39991.99869118654]",1
1520440529479715358,,65,,1520440529,254273830,"""base_link""",,-1,1,0.0,0.0,0.163,"[9997.999672796635, 0.0, 0.0, 0.0, 9997.999672796635, 0.0, 0.0, 0.0, 39991.99869118654]",1
1520440529672775606,,66,,1520440529,462734536,"""base_link""",,-1,1,0.0,0.0,0.163,"[9997.999672796635, 0.0, 0.0, 0.0, 9997.999672796635, 0.0, 0.0, 0.0, 39991.99869118654]",1
1520440529877721152,,67,,1520440529,666389464,"""base_link""",,-1,1,0.0,0.0,0.163,"[9997.999672796635, 0.0, 0.0, 0.0, 9997.999672796635, 0.0, 0.0, 0.0, 39991.99869118654]",1
1520440530073366567,,68,,1520440529,858062930,"""base_link""",,-1,1,0.0,0.0,0.163,"[9997.999672796635, 0.0, 0.0, 0.0, 9997.999672796635, 0.0, 0.0, 0.0, 39991.99869118654]",1
1520440530277878921,,69,,1520440530,61169424,"""base_link""",,-1,1,0.0,0.0,0.163,"[9997.999672796635, 0.0, 0.0, 0.0, 9997.999672796635, 0.0, 0.0, 0.0, 39991.99869118654]",1
1520440530477674879,,70,,1520440530,265005216,"""base_link""",,-1,1,0.0,0.0,0.163,"[9997.999672796635, 0.0, 0.0, 0.0, 9997.999672796635, 0.0, 0.0, 0.0, 39991.99869118654]",1
1520440530676278689,,71,,1520440530,452043098,"""base_link""",,-1,1,0.0,0.0,0.163,"[9997.999672796635, 0.0, 0.0, 0.0, 9997.999672796635, 0.0, 0.0, 0.0, 39991.99869118654]",1
1520440530878897596,,72,,1520440530,669843624,"""base_link""",,-1,1,0.0,0.0,0.163,"[9997.999672796635, 0.0, 0.0, 0.0, 9997.999672796635, 0.0, 0.0, 0.0, 39991.99869118654]",1
1520440531066001116,,73,,1520440530,862613392,"""base_link""",,-1,1,0.0,0.0,0.163,"[9997.999672796635, 0.0, 0.0, 0.0, 9997.999672796635, 0.0, 0.0, 0.0, 39991.99869118654]",1
1520440531267368954,,74,,1520440531,61943952,"""base_link""",,-1,1,0.0,0.0,0.163,"[9997.999672796635, 0.0, 0.0, 0.0, 9997.999672796635, 0.0, 0.0, 0.0, 39991.99869118654]",1
1520440531472219574,,75,,1520440531,263379496,"""base_link""",,-1,1,0.0,0.0,0.163,"[9997.999672796635, 0.0, 0.0, 0.0, 9997.999672796635, 0.0, 0.0, 0.0, 39991.99869118654]",1
1520440531701191432,,76,,1520440531,463916120,"""base_link""",,-1,1,0.0,0.0,0.163,"[9997.999672796635, 0.0, 0.0, 0.0, 9997.999672796635, 0.0, 0.0, 0.0, 39991.99869118654]",1
1520440531875041633,,77,,1520440531,659368477,"""base_link""",,-1,1,0.0,0.0,0.163,"[9997.999672796635, 0.0, 0.0, 0.0, 9997.999672796635, 0.0, 0.0, 0.0, 39991.99869118654]",1
1520440532072469124,,78,,1520440531,859070472,"""base_link""",,-1,1,0.0,0.0,0.163,"[9997.999672796635, 0.0, 0.0, 0.0, 9997.999672796635, 0.0, 0.0, 0.0, 39991.99869118654]",1
1520440532272065540,,79,,1520440532,63915656,"""base_link""",,-1,1,0.0,0.0,0.163,"[9997.999672796635, 0.0, 0.0, 0.0, 9997.999672796635, 0.0, 0.0, 0.0, 39991.99869118654]",1
1520440532477061577,,80,,1520440532,265045088,"""base_link""",,-1,1,0.0,0.0,0.163,"[9997.999672796635, 0.0, 0.0, 0.0, 9997.999672796635, 0.0, 0.0, 0.0, 39991.99869118654]",1
1520440532694431547,,81,,1520440532,471279304,"""base_link""",,-1,1,0.0,0.0,0.163,"[9997.999672796635, 0.0, 0.0, 0.0, 9997.999672796635, 0.0, 0.0, 0.0, 39991.99869118654]",1
1520440532871977150,,82,,1520440532,669637421,"""base_link""",,-1,1,0.0,0.0,0.163,"[9997.999672796635, 0.0, 0.0, 0.0, 9997.999672796635, 0.0, 0.0, 0.0, 39991.99869118654]",1
1520440533091241820,,83,,1520440532,864481296,"""base_link""",,-1,1,0.0,0.0,0.163,"[9997.999672796635, 0.0, 0.0, 0.0, 9997.999672796635, 0.0, 0.0, 0.0, 39991.99869118654]",1
1520440533267723981,,84,,1520440533,65464545,"""base_link""",,-1,1,0.0,0.0,0.163,"[9997.999672796635, 0.0, 0.0, 0.0, 9997.999672796635, 0.0, 0.0, 0.0, 39991.99869118654]",1
1520440533477102959,,85,,1520440533,271786320,"""base_link""",,-1,1,0.0,0.0,0.163,"[9997.999672796635, 0.0, 0.0, 0.0, 9997.999672796635, 0.0, 0.0, 0.0, 39991.99869118654]",1
1520440533677768649,,86,,1520440533,468842544,"""base_link""",,-1,1,0.0,0.0,0.163,"[9997.999672796635, 0.0, 0.0, 0.0, 9997.999672796635, 0.0, 0.0, 0.0, 39991.99869118654]",1
1520440533877132708,,87,,1520440533,666098432,"""base_link""",,-1,1,0.0,0.0,0.163,"[9997.999672796635, 0.0, 0.0, 0.0, 9997.999672796635, 0.0, 0.0, 0.0, 39991.99869118654]",1
1520440534077295191,,88,,1520440533,863739960,"""base_link""",,-1,1,0.0,0.0,0.163,"[9997.999672796635, 0.0, 0.0, 0.0, 9997.999672796635, 0.0, 0.0, 0.0, 39991.99869118654]",1
1520440534267986453,,89,,1520440534,68689608,"""base_link""",,-1,1,0.0,0.0,0.163,"[9997.999672796635, 0.0, 0.0, 0.0, 9997.999672796635, 0.0, 0.0, 0.0, 39991.99869118654]",1
1520440534461577931,,90,,1520440534,266285600,"""base_link""",,-1,1,0.0,0.0,0.163,"[9997.999672796635, 0.0, 0.0, 0.0, 9997.999672796635, 0.0, 0.0, 0.0, 39991.99869118654]",1
1520440534662782433,,91,,1520440534,461715552,"""base_link""",,-1,1,0.0,0.0,0.163,"[9997.999672796635, 0.0, 0.0, 0.0, 9997.999672796635, 0.0, 0.0, 0.0, 39991.99869118654]",1
1520440534877641144,,92,,1520440534,659556792,"""base_link""",,-1,1,0.0,0.0,0.163,"[9997.999672796635, 0.0, 0.0, 0.0, 9997.999672796635, 0.0, 0.0, 0.0, 39991.99869118654]",1
1520440535076774142,,93,,1520440534,870535285,"""base_link""",,-1,1,0.0,0.0,0.163,"[9997.999672796635, 0.0, 0.0, 0.0, 9997.999672796635, 0.0, 0.0, 0.0, 39991.99869118654]",1
1520440535267490921,,94,,1520440535,68325472,"""base_link""",,-1,1,0.0,0.0,0.163,"[9997.999672796635, 0.0, 0.0, 0.0, 9997.999672796635, 0.0, 0.0, 0.0, 39991.99869118654]",1
1520440535497807186,,95,,1520440535,267865928,"""base_link""",,-1,1,0.0,0.0,0.163,"[9997.999672796635, 0.0, 0.0, 0.0, 9997.999672796635, 0.0, 0.0, 0.0, 39991.99869118654]",1
1520440535675011538,,96,,1520440535,456301304,"""base_link""",,-1,1,0.0,0.0,0.163,"[9997.999672796635, 0.0, 0.0, 0.0, 9997.999672796635, 0.0, 0.0, 0.0, 39991.99869118654]",1
1520440535877123455,,97,,1520440535,663811040,"""base_link""",,-1,1,0.0,0.0,0.163,"[9997.999672796635, 0.0, 0.0, 0.0, 9997.999672796635, 0.0, 0.0, 0.0, 39991.99869118654]",1
1520440536076402930,,98,,1520440536,62399736,"""base_link""",,-1,1,0.0,0.0,0.163,"[9997.999672796635, 0.0, 0.0, 0.0, 9997.999672796635, 0.0, 0.0, 0.0, 39991.99869118654]",1
1520440536472449376,,99,,1520440536,261264304,"""base_link""",,-1,1,0.0,0.0,0.163,"[9997.999672796635, 0.0, 0.0, 0.0, 9997.999672796635, 0.0, 0.0, 0.0, 39991.99869118654]",1
1520440536679342924,,100,,1520440536,661046544,"""base_link""",,-1,1,0.0,0.0,0.163,"[9997.999672796635, 0.0, 0.0, 0.0, 9997.999672796635, 0.0, 0.0, 0.0, 39991.99869118654]",1
1520440537077171347,,101,,1520440536,863496856,"""base_link""",,-1,1,0.0,0.0,0.163,"[9997.999672796635, 0.0, 0.0, 0.0, 9997.999672796635, 0.0, 0.0, 0.0, 39991.99869118654]",1
1520440537276124192,,102,,1520440537,267939808,"""base_link""",,-1,1,0.0,0.0,0.163,"[9997.999672796635, 0.0, 0.0, 0.0, 9997.999672796635, 0.0, 0.0, 0.0, 39991.99869118654]",1
1520440537677771629,,103,,1520440537,465542144,"""base_link""",,-1,1,0.0,0.0,0.163,"[9997.999672796635, 0.0, 0.0, 0.0, 9997.999672796635, 0.0, 0.0, 0.0, 39991.99869118654]",1
1520440537874289100,,104,,1520440537,667685432,"""base_link""",,-1,1,0.0,0.0,0.163,"[9997.999672796635, 0.0, 0.0, 0.0, 9997.999672796635, 0.0, 0.0, 0.0, 39991.99869118654]",1
1520440538072181248,,105,,1520440537,861099320,"""base_link""",,-1,1,0.0,0.0,0.163,"[9997.999672796635, 0.0, 0.0, 0.0, 9997.999672796635, 0.0, 0.0, 0.0, 39991.99869118654]",1
1520440538267577513,,106,,1520440538,62119600,"""base_link""",,-1,1,0.0,0.0,0.163,"[9997.999672796635, 0.0, 0.0, 0.0, 9997.999672796635, 0.0, 0.0, 0.0, 39991.99869118654]",1
1520440538672558554,,107,,1520440538,463473680,"""base_link""",,-1,1,0.0,0.0,0.163,"[9997.999672796635, 0.0, 0.0, 0.0, 9997.999672796635, 0.0, 0.0, 0.0, 39991.99869118654]",1
1520440538874616970,,108,,1520440538,664153912,"""base_link""",,-1,1,0.0,0.0,0.163,"[9997.999672796635, 0.0, 0.0, 0.0, 9997.999672796635, 0.0, 0.0, 0.0, 39991.99869118654]",1
1520440539080071441,,109,,1520440538,858892568,"""base_link""",,-1,1,0.0,0.0,0.163,"[9997.999672796635, 0.0, 0.0, 0.0, 9997.999672796635, 0.0, 0.0, 0.0, 39991.99869118654]",1
1520440539267851648,,110,,1520440539,62965008,"""base_link""",,-1,1,0.0,0.0,0.163,"[9997.999672796635, 0.0, 0.0, 0.0, 9997.999672796635, 0.0, 0.0, 0.0, 39991.99869118654]",1
1520440539497125885,,111,,1520440539,265063328,"""base_link""",,-1,1,0.0,0.0,0.163,"[9997.999672796635, 0.0, 0.0, 0.0, 9997.999672796635, 0.0, 0.0, 0.0, 39991.99869118654]",1
1520440539672273794,,112,,1520440539,460228504,"""base_link""",,-1,1,0.0,0.0,0.163,"[9997.999672796635, 0.0, 0.0, 0.0, 9997.999672796635, 0.0, 0.0, 0.0, 39991.99869118654]",1
1520440539871630344,,113,,1520440539,860290256,"""base_link""",,-1,1,0.0,0.0,0.163,"[9997.999672796635, 0.0, 0.0, 0.0, 9997.999672796635, 0.0, 0.0, 0.0, 39991.99869118654]",1
1520440540268852826,,114,,1520440540,67356968,"""base_link""",,-1,1,0.0,0.0,0.163,"[9997.999672796635, 0.0, 0.0, 0.0, 9997.999672796635, 0.0, 0.0, 0.0, 39991.99869118654]",1
1520440540464287729,,115,,1520440540,261237360,"""base_link""",,-1,1,0.0,0.0,0.163,"[9997.999672796635, 0.0, 0.0, 0.0, 9997.999672796635, 0.0, 0.0, 0.0, 39991.99869118654]",1
1520440540678071432,,116,,1520440540,466485432,"""base_link""",,-1,1,0.0,0.0,0.163,"[9997.999672796635, 0.0, 0.0, 0.0, 9997.999672796635, 0.0, 0.0, 0.0, 39991.99869118654]",1
1520440540872084260,,117,,1520440540,668204432,"""base_link""",,-1,1,0.0,0.0,0.163,"[9997.999672796635, 0.0, 0.0, 0.0, 9997.999672796635, 0.0, 0.0, 0.0, 39991.99869118654]",1
1520440541073459530,,118,,1520440540,865246152,"""base_link""",,-1,1,0.0,0.0,0.163,"[9997.999672796635, 0.0, 0.0, 0.0, 9997.999672796635, 0.0, 0.0, 0.0, 39991.99869118654]",1
1520440541271652798,,119,,1520440541,262899720,"""base_link""",,-1,1,0.0,0.0,0.163,"[9997.999672796635, 0.0, 0.0, 0.0, 9997.999672796635, 0.0, 0.0, 0.0, 39991.99869118654]",1
1520440541672337250,,120,,1520440541,667914320,"""base_link""",,-1,1,0.0,0.0,0.163,"[9997.999672796635, 0.0, 0.0, 0.0, 9997.999672796635, 0.0, 0.0, 0.0, 39991.99869118654]",1
1520440541876482928,,121,,1520440541,871679080,"""base_link""",,-1,1,0.0,0.0,0.163,"[9997.999672796635, 0.0, 0.0, 0.0, 9997.999672796635, 0.0, 0.0, 0.0, 39991.99869118654]",1
1520440542077329268,,122,,1520440542,69256176,"""base_link""",,-1,1,0.0,0.0,0.163,"[9997.999672796635, 0.0, 0.0, 0.0, 9997.999672796635, 0.0, 0.0, 0.0, 39991.99869118654]",1
1520440542296429877,,123,,1520440542,271087264,"""base_link""",,-1,1,0.0,0.0,0.163,"[9997.999672796635, 0.0, 0.0, 0.0, 9997.999672796635, 0.0, 0.0, 0.0, 39991.99869118654]",1
1520440542676053671,,124,,1520440542,665170848,"""base_link""",,-1,1,0.0,0.0,0.163,"[9997.999672796635, 0.0, 0.0, 0.0, 9997.999672796635, 0.0, 0.0, 0.0, 39991.99869118654]",1
1520440542892661428,,125,,1520440542,868398024,"""base_link""",,-1,1,0.0,0.0,0.163,"[9997.999672796635, 0.0, 0.0, 0.0, 9997.999672796635, 0.0, 0.0, 0.0, 39991.99869118654]",1
1520440543100772971,,126,,1520440543,58268120,"""base_link""",,-1,1,0.0,0.0,0.163,"[9997.999672796635, 0.0, 0.0, 0.0, 9997.999672796635, 0.0, 0.0, 0.0, 39991.99869118654]",1
1520440543278790013,,127,,1520440543,250701259,"""base_link""",,-1,1,0.0,0.0,0.163,"[9997.999672796635, 0.0, 0.0, 0.0, 9997.999672796635, 0.0, 0.0, 0.0, 39991.99869118654]",1
1520440543475629430,,128,,1520440543,465907264,"""base_link""",,-1,1,0.0,0.0,0.163,"[9997.999672796635, 0.0, 0.0, 0.0, 9997.999672796635, 0.0, 0.0, 0.0, 39991.99869118654]",1
1520440543680683380,,129,,1520440543,672485048,"""base_link""",,-1,1,0.0,0.0,0.163,"[9997.999672796635, 0.0, 0.0, 0.0, 9997.999672796635, 0.0, 0.0, 0.0, 39991.99869118654]",1
1520440543881615995,,130,,1520440543,867560448,"""base_link""",,-1,1,0.0,0.0,0.163,"[9997.999672796635, 0.0, 0.0, 0.0, 9997.999672796635, 0.0, 0.0, 0.0, 39991.99869118654]",1
1520440544072795550,,131,,1520440544,68045464,"""base_link""",,-1,1,0.0,0.0,0.163,"[9997.999672796635, 0.0, 0.0, 0.0, 9997.999672796635, 0.0, 0.0, 0.0, 39991.99869118654]",1
1520440544278310249,,132,,1520440544,270475888,"""base_link""",,-1,1,0.0,0.0,0.163,"[9997.999672796635, 0.0, 0.0, 0.0, 9997.999672796635, 0.0, 0.0, 0.0, 39991.99869118654]",1
1520440544477975692,,133,,1520440544,469862144,"""base_link""",,-1,1,0.0,0.0,0.163,"[9997.999672796635, 0.0, 0.0, 0.0, 9997.999672796635, 0.0, 0.0, 0.0, 39991.99869118654]",1
1520440544754763515,,134,,1520440544,678205842,"""base_link""",,-1,1,0.0,0.0,0.163,"[9997.999672796635, 0.0, 0.0, 0.0, 9997.999672796635, 0.0, 0.0, 0.0, 39991.99869118654]",1
1520440545072760125,,135,,1520440545,69894032,"""base_link""",,-1,1,0.0,0.0,0.163,"[9997.999672796635, 0.0, 0.0, 0.0, 9997.999672796635, 0.0, 0.0, 0.0, 39991.99869118654]",1
1520440545277594331,,136,,1520440545,270204512,"""base_link""",,-1,1,0.0,0.0,0.163,"[9997.999672796635, 0.0, 0.0, 0.0, 9997.999672796635, 0.0, 0.0, 0.0, 39991.99869118654]",1
1520440545496948945,,137,,1520440545,465352456,"""base_link""",,-1,1,0.0,0.0,0.163,"[9997.999672796635, 0.0, 0.0, 0.0, 9997.999672796635, 0.0, 0.0, 0.0, 39991.99869118654]",1
1520440545677911669,,138,,1520440545,675983947,"""base_link""",,-1,1,0.0,0.0,0.163,"[9997.999672796635, 0.0, 0.0, 0.0, 9997.999672796635, 0.0, 0.0, 0.0, 39991.99869118654]",1
1520440545878383752,,139,,1520440545,866579512,"""base_link""",,-1,1,0.0,0.0,0.163,"[9997.999672796635, 0.0, 0.0, 0.0, 9997.999672796635, 0.0, 0.0, 0.0, 39991.99869118654]",1
1520440546090968616,,140,,1520440546,65126648,"""base_link""",,-1,1,0.0,0.0,0.163,"[9997.999672796635, 0.0, 0.0, 0.0, 9997.999672796635, 0.0, 0.0, 0.0, 39991.99869118654]",1
1520440546277360517,,141,,1520440546,273789851,"""base_link""",,-1,1,0.0,0.0,0.163,"[9997.999672796635, 0.0, 0.0, 0.0, 9997.999672796635, 0.0, 0.0, 0.0, 39991.99869118654]",1
1520440546487580896,,142,,1520440546,469202488,"""base_link""",,-1,1,0.0,0.0,0.163,"[9997.999672796635, 0.0, 0.0, 0.0, 9997.999672796635, 0.0, 0.0, 0.0, 39991.99869118654]",1
1520440546695069184,,143,,1520440546,665860544,"""base_link""",,-1,1,0.0,0.0,0.163,"[9997.999672796635, 0.0, 0.0, 0.0, 9997.999672796635, 0.0, 0.0, 0.0, 39991.99869118654]",1
1520440546882544982,,144,,1520440546,860727056,"""base_link""",,-1,1,0.0,0.0,0.163,"[9997.999672796635, 0.0, 0.0, 0.0, 9997.999672796635, 0.0, 0.0, 0.0, 39991.99869118654]",1
1520440547076502304,,145,,1520440547,65219144,"""base_link""",,-1,1,0.0,0.0,0.163,"[9997.999672796635, 0.0, 0.0, 0.0, 9997.999672796635, 0.0, 0.0, 0.0, 39991.99869118654]",1
1520440547282065721,,146,,1520440547,268678240,"""base_link""",,-1,1,0.0,0.0,0.163,"[9997.999672796635, 0.0, 0.0, 0.0, 9997.999672796635, 0.0, 0.0, 0.0, 39991.99869118654]",1
1520440547479310568,,147,,1520440547,464102192,"""base_link""",,-1,1,0.0,0.0,0.163,"[9997.999672796635, 0.0, 0.0, 0.0, 9997.999672796635, 0.0, 0.0, 0.0, 39991.99869118654]",1
1520440547681322241,,148,,1520440547,664313944,"""base_link""",,-1,1,0.0,0.0,0.163,"[9997.999672796635, 0.0, 0.0, 0.0, 9997.999672796635, 0.0, 0.0, 0.0, 39991.99869118654]",1
1520440547899512025,,149,,1520440547,864072360,"""base_link""",,-1,1,0.0,0.0,0.163,"[9997.999672796635, 0.0, 0.0, 0.0, 9997.999672796635, 0.0, 0.0, 0.0, 39991.99869118654]",1
1520440548093804491,,150,,1520440548,73253896,"""base_link""",,-1,1,0.0,0.0,0.163,"[9997.999672796635, 0.0, 0.0, 0.0, 9997.999672796635, 0.0, 0.0, 0.0, 39991.99869118654]",1
1520440548290130218,,151,,1520440548,273165056,"""base_link""",,-1,1,0.0,0.0,0.163,"[9997.999672796635, 0.0, 0.0, 0.0, 9997.999672796635, 0.0, 0.0, 0.0, 39991.99869118654]",1
1520440548492954954,,152,,1520440548,463764336,"""base_link""",,-1,1,0.0,0.0,0.163,"[9997.999672796635, 0.0, 0.0, 0.0, 9997.999672796635, 0.0, 0.0, 0.0, 39991.99869118654]",1
1520440548704150003,,153,,1520440548,663636912,"""base_link""",,-1,1,0.0,0.0,0.163,"[9997.999672796635, 0.0, 0.0, 0.0, 9997.999672796635, 0.0, 0.0, 0.0, 39991.99869118654]",1
1520440548900438893,,154,,1520440548,868356784,"""base_link""",,-1,1,0.0,0.0,0.163,"[9997.999672796635, 0.0, 0.0, 0.0, 9997.999672796635, 0.0, 0.0, 0.0, 39991.99869118654]",1
1520440549100578254,,155,,1520440549,61410712,"""base_link""",,-1,1,0.0,0.0,0.163,"[9997.999672796635, 0.0, 0.0, 0.0, 9997.999672796635, 0.0, 0.0, 0.0, 39991.99869118654]",1
1520440549301470932,,156,,1520440549,265711488,"""base_link""",,-1,1,0.0,0.0,0.163,"[9997.999672796635, 0.0, 0.0, 0.0, 9997.999672796635, 0.0, 0.0, 0.0, 39991.99869118654]",1
1520440549502088588,,157,,1520440549,468398576,"""base_link""",,-1,1,0.0,0.0,0.163,"[9997.999672796635, 0.0, 0.0, 0.0, 9997.999672796635, 0.0, 0.0, 0.0, 39991.99869118654]",1
1520440549700617022,,158,,1520440549,659626344,"""base_link""",,-1,1,0.0,0.0,0.163,"[9997.999672796635, 0.0, 0.0, 0.0, 9997.999672796635, 0.0, 0.0, 0.0, 39991.99869118654]",1
1520440549900971289,,159,,1520440549,863037916,"""base_link""",,-1,1,0.0,0.0,0.163,"[9997.999672796635, 0.0, 0.0, 0.0, 9997.999672796635, 0.0, 0.0, 0.0, 39991.99869118654]",1
1520440550100204316,,160,,1520440550,66071192,"""base_link""",,-1,1,0.0,0.0,0.163,"[9997.999672796635, 0.0, 0.0, 0.0, 9997.999672796635, 0.0, 0.0, 0.0, 39991.99869118654]",1
1520440550300490303,,161,,1520440550,262076184,"""base_link""",,-1,1,0.0,0.0,0.163,"[9997.999672796635, 0.0, 0.0, 0.0, 9997.999672796635, 0.0, 0.0, 0.0, 39991.99869118654]",1
1520440550500391966,,162,,1520440550,468429088,"""base_link""",,-1,1,0.0,0.0,0.163,"[9997.999672796635, 0.0, 0.0, 0.0, 9997.999672796635, 0.0, 0.0, 0.0, 39991.99869118654]",1
1520440550912643829,,163,,1520440550,859857272,"""base_link""",,-1,1,0.0,0.0,0.163,"[9997.999672796635, 0.0, 0.0, 0.0, 9997.999672796635, 0.0, 0.0, 0.0, 39991.99869118654]",1
1520440551102711831,,164,,1520440551,68084368,"""base_link""",,-1,1,0.0,0.0,0.163,"[9997.999672796635, 0.0, 0.0, 0.0, 9997.999672796635, 0.0, 0.0, 0.0, 39991.99869118654]",1
1520440551322642217,,165,,1520440551,270601592,"""base_link""",,-1,1,0.0,0.0,0.163,"[9997.999672796635, 0.0, 0.0, 0.0, 9997.999672796635, 0.0, 0.0, 0.0, 39991.99869118654]",1
1520440551548282284,,166,,1520440551,462046928,"""base_link""",,-1,1,0.0,0.0,0.163,"[9997.999672796635, 0.0, 0.0, 0.0, 9997.999672796635, 0.0, 0.0, 0.0, 39991.99869118654]",1
1520440551745673226,,167,,1520440551,667602440,"""base_link""",,-1,1,0.0,0.0,0.163,"[9997.999672796635, 0.0, 0.0, 0.0, 9997.999672796635, 0.0, 0.0, 0.0, 39991.99869118654]",1
1520440551972053916,,168,,1520440551,864081344,"""base_link""",,-1,1,0.0,0.0,0.163,"[9997.999672796635, 0.0, 0.0, 0.0, 9997.999672796635, 0.0, 0.0, 0.0, 39991.99869118654]",1
1520440552114128394,,169,,1520440552,67276976,"""base_link""",,-1,1,0.0,0.0,0.163,"[9997.999672796635, 0.0, 0.0, 0.0, 9997.999672796635, 0.0, 0.0, 0.0, 39991.99869118654]",1
1520440552326323937,,170,,1520440552,265911216,"""base_link""",,-1,1,0.0,0.0,0.163,"[9997.999672796635, 0.0, 0.0, 0.0, 9997.999672796635, 0.0, 0.0, 0.0, 39991.99869118654]",1
1520440552502289460,,171,,1520440552,465233912,"""base_link""",,-1,1,0.0,0.0,0.163,"[9997.999672796635, 0.0, 0.0, 0.0, 9997.999672796635, 0.0, 0.0, 0.0, 39991.99869118654]",1
1520440552704789979,,172,,1520440552,670569224,"""base_link""",,-1,1,0.0,0.0,0.163,"[9997.999672796635, 0.0, 0.0, 0.0, 9997.999672796635, 0.0, 0.0, 0.0, 39991.99869118654]",1
1520440552903764044,,173,,1520440552,859900563,"""base_link""",,-1,1,0.0,0.0,0.163,"[9997.999672796635, 0.0, 0.0, 0.0, 9997.999672796635, 0.0, 0.0, 0.0, 39991.99869118654]",1
1520440553143798603,,174,,1520440553,69490869,"""base_link""",,-1,1,0.0,0.0,0.163,"[9997.999672796635, 0.0, 0.0, 0.0, 9997.999672796635, 0.0, 0.0, 0.0, 39991.99869118654]",1
1520440553320414282,,175,,1520440553,261959130,"""base_link""",,-1,1,0.0,0.0,0.163,"[9997.999672796635, 0.0, 0.0, 0.0, 9997.999672796635, 0.0, 0.0, 0.0, 39991.99869118654]",1
1520440553500463949,,176,,1520440553,454318661,"""base_link""",,-1,1,0.0,0.0,0.163,"[9997.999672796635, 0.0, 0.0, 0.0, 9997.999672796635, 0.0, 0.0, 0.0, 39991.99869118654]",1
1520440553700326848,,177,,1520440553,663190656,"""base_link""",,-1,1,0.0,0.0,0.163,"[9997.999672796635, 0.0, 0.0, 0.0, 9997.999672796635, 0.0, 0.0, 0.0, 39991.99869118654]",1
1520440553915279345,,178,,1520440553,860751240,"""base_link""",,-1,1,0.0,0.0,0.163,"[9997.999672796635, 0.0, 0.0, 0.0, 9997.999672796635, 0.0, 0.0, 0.0, 39991.99869118654]",1
1520440554139003910,,179,,1520440554,62782064,"""base_link""",,-1,1,0.0,0.0,0.163,"[9997.999672796635, 0.0, 0.0, 0.0, 9997.999672796635, 0.0, 0.0, 0.0, 39991.99869118654]",1
1520440554319204774,,180,,1520440554,262035544,"""base_link""",,-1,1,0.0,0.0,0.163,"[9997.999672796635, 0.0, 0.0, 0.0, 9997.999672796635, 0.0, 0.0, 0.0, 39991.99869118654]",1
1520440554523592682,,181,,1520440554,471179087,"""base_link""",,-1,1,0.0,0.0,0.163,"[9997.999672796635, 0.0, 0.0, 0.0, 9997.999672796635, 0.0, 0.0, 0.0, 39991.99869118654]",1
1520440554732540216,,182,,1520440554,660031780,"""base_link""",,-1,1,0.0,0.0,0.163,"[9997.999672796635, 0.0, 0.0, 0.0, 9997.999672796635, 0.0, 0.0, 0.0, 39991.99869118654]",1
1520440554932454515,,183,,1520440554,862534256,"""base_link""",,-1,1,0.0,0.0,0.163,"[9997.999672796635, 0.0, 0.0, 0.0, 9997.999672796635, 0.0, 0.0, 0.0, 39991.99869118654]",1
1520440555133681918,,184,,1520440555,57014520,"""base_link""",,-1,1,0.0,0.0,0.163,"[9997.999672796635, 0.0, 0.0, 0.0, 9997.999672796635, 0.0, 0.0, 0.0, 39991.99869118654]",1
1520440555342825867,,185,,1520440555,260040104,"""base_link""",,-1,1,0.0,0.0,0.163,"[9997.999672796635, 0.0, 0.0, 0.0, 9997.999672796635, 0.0, 0.0, 0.0, 39991.99869118654]",1
1520440555546270328,,186,,1520440555,465669944,"""base_link""",,-1,1,0.0,0.0,0.163,"[9997.999672796635, 0.0, 0.0, 0.0, 9997.999672796635, 0.0, 0.0, 0.0, 39991.99869118654]",1
1520440555742399923,,187,,1520440555,667556152,"""base_link""",,-1,1,0.0,0.0,0.163,"[9997.999672796635, 0.0, 0.0, 0.0, 9997.999672796635, 0.0, 0.0, 0.0, 39991.99869118654]",1
1520440555934764558,,188,,1520440555,862700680,"""base_link""",,-1,1,0.0,0.0,0.163,"[9997.999672796635, 0.0, 0.0, 0.0, 9997.999672796635, 0.0, 0.0, 0.0, 39991.99869118654]",1
1520440556142661125,,189,,1520440556,62406584,"""base_link""",,-1,1,0.0,0.0,0.163,"[9997.999672796635, 0.0, 0.0, 0.0, 9997.999672796635, 0.0, 0.0, 0.0, 39991.99869118654]",1
1520440556351396566,,190,,1520440556,263067960,"""base_link""",,-1,1,0.0,0.0,0.163,"[9997.999672796635, 0.0, 0.0, 0.0, 9997.999672796635, 0.0, 0.0, 0.0, 39991.99869118654]",1
1520440556544186183,,191,,1520440556,469186720,"""base_link""",,-1,1,0.0,0.0,0.163,"[9997.999672796635, 0.0, 0.0, 0.0, 9997.999672796635, 0.0, 0.0, 0.0, 39991.99869118654]",1
1520440556743633841,,192,,1520440556,669727382,"""base_link""",,-1,1,0.0,0.0,0.163,"[9997.999672796635, 0.0, 0.0, 0.0, 9997.999672796635, 0.0, 0.0, 0.0, 39991.99869118654]",1
1520440556944386476,,193,,1520440556,869721288,"""base_link""",,-1,1,0.0,0.0,0.163,"[9997.999672796635, 0.0, 0.0, 0.0, 9997.999672796635, 0.0, 0.0, 0.0, 39991.99869118654]",1
1520440557152827942,,194,,1520440557,72829544,"""base_link""",,-1,1,0.0,0.0,0.163,"[9997.999672796635, 0.0, 0.0, 0.0, 9997.999672796635, 0.0, 0.0, 0.0, 39991.99869118654]",1
1520440557370578735,,195,,1520440557,270736552,"""base_link""",,-1,1,0.0,0.0,0.163,"[9997.999672796635, 0.0, 0.0, 0.0, 9997.999672796635, 0.0, 0.0, 0.0, 39991.99869118654]",1
1520440557542061440,,196,,1520440557,462937696,"""base_link""",,-1,1,0.0,0.0,0.163,"[9997.999672796635, 0.0, 0.0, 0.0, 9997.999672796635, 0.0, 0.0, 0.0, 39991.99869118654]",1
1520440557761007350,,197,,1520440557,664956106,"""base_link""",,-1,1,0.0,0.0,0.163,"[9997.999672796635, 0.0, 0.0, 0.0, 9997.999672796635, 0.0, 0.0, 0.0, 39991.99869118654]",1
1520440557947559954,,198,,1520440557,854799231,"""base_link""",,-1,1,0.0,0.0,0.163,"[9997.999672796635, 0.0, 0.0, 0.0, 9997.999672796635, 0.0, 0.0, 0.0, 39991.99869118654]",1
1520440558142594884,,199,,1520440558,60856471,"""base_link""",,-1,1,0.0,0.0,0.163,"[9997.999672796635, 0.0, 0.0, 0.0, 9997.999672796635, 0.0, 0.0, 0.0, 39991.99869118654]",1
1520440558351468263,,200,,1520440558,257879792,"""base_link""",,-1,1,0.0,0.0,0.163,"[9997.999672796635, 0.0, 0.0, 0.0, 9997.999672796635, 0.0, 0.0, 0.0, 39991.99869118654]",1
1520440558545067881,,201,,1520440558,462408296,"""base_link""",,-1,1,0.0,0.0,0.163,"[9997.999672796635, 0.0, 0.0, 0.0, 9997.999672796635, 0.0, 0.0, 0.0, 39991.99869118654]",1
1520440558750544444,,202,,1520440558,660161904,"""base_link""",,-1,1,0.0,0.0,0.163,"[9997.999672796635, 0.0, 0.0, 0.0, 9997.999672796635, 0.0, 0.0, 0.0, 39991.99869118654]",1
1520440558950958688,,203,,1520440558,856861136,"""base_link""",,-1,1,0.0,0.0,0.163,"[9997.999672796635, 0.0, 0.0, 0.0, 9997.999672796635, 0.0, 0.0, 0.0, 39991.99869118654]",1
1520440559144667797,,204,,1520440559,70238048,"""base_link""",,-1,1,0.0,0.0,0.163,"[9997.999672796635, 0.0, 0.0, 0.0, 9997.999672796635, 0.0, 0.0, 0.0, 39991.99869118654]",1
1520440559357618832,,205,,1520440559,267204376,"""base_link""",,-1,1,0.0,0.0,0.163,"[9997.999672796635, 0.0, 0.0, 0.0, 9997.999672796635, 0.0, 0.0, 0.0, 39991.99869118654]",1
1520440559541721351,,206,,1520440559,461915784,"""base_link""",,-1,1,0.0,0.0,0.163,"[9997.999672796635, 0.0, 0.0, 0.0, 9997.999672796635, 0.0, 0.0, 0.0, 39991.99869118654]",1
1520440559752269160,,207,,1520440559,668442048,"""base_link""",,-1,1,0.0,0.0,0.163,"[9997.999672796635, 0.0, 0.0, 0.0, 9997.999672796635, 0.0, 0.0, 0.0, 39991.99869118654]",1
1520440559950840371,,208,,1520440559,870974248,"""base_link""",,-1,1,0.0,0.0,0.163,"[9997.999672796635, 0.0, 0.0, 0.0, 9997.999672796635, 0.0, 0.0, 0.0, 39991.99869118654]",1
1520440560151465694,,209,,1520440560,63957592,"""base_link""",,-1,1,0.0,0.0,0.163,"[9997.999672796635, 0.0, 0.0, 0.0, 9997.999672796635, 0.0, 0.0, 0.0, 39991.99869118654]",1
1520440560352176187,,210,,1520440560,264077888,"""base_link""",,-1,1,0.0,0.0,0.163,"[9997.999672796635, 0.0, 0.0, 0.0, 9997.999672796635, 0.0, 0.0, 0.0, 39991.99869118654]",1
1520440560551747453,,211,,1520440560,461474904,"""base_link""",,-1,1,0.0,0.0,0.163,"[9997.999672796635, 0.0, 0.0, 0.0, 9997.999672796635, 0.0, 0.0, 0.0, 39991.99869118654]",1
1520440560757493170,,212,,1520440560,666056360,"""base_link""",,-1,1,0.0,0.0,0.163,"[9997.999672796635, 0.0, 0.0, 0.0, 9997.999672796635, 0.0, 0.0, 0.0, 39991.99869118654]",1
1520440560951245688,,213,,1520440560,856927680,"""base_link""",,-1,1,0.0,0.0,0.163,"[9997.999672796635, 0.0, 0.0, 0.0, 9997.999672796635, 0.0, 0.0, 0.0, 39991.99869118654]",1
1520440561152578055,,214,,1520440561,59379728,"""base_link""",,-1,1,0.0,0.0,0.163,"[9997.999672796635, 0.0, 0.0, 0.0, 9997.999672796635, 0.0, 0.0, 0.0, 39991.99869118654]",1
1520440561351344115,,215,,1520440561,256942332,"""base_link""",,-1,1,0.0,0.0,0.163,"[9997.999672796635, 0.0, 0.0, 0.0, 9997.999672796635, 0.0, 0.0, 0.0, 39991.99869118654]",1
1520440561550527381,,216,,1520440561,470849072,"""base_link""",,-1,1,0.0,0.0,0.163,"[9997.999672796635, 0.0, 0.0, 0.0, 9997.999672796635, 0.0, 0.0, 0.0, 39991.99869118654]",1
1520440561777883895,,217,,1520440561,669212305,"""base_link""",,-1,1,0.0,0.0,0.163,"[9997.999672796635, 0.0, 0.0, 0.0, 9997.999672796635, 0.0, 0.0, 0.0, 39991.99869118654]",1
1520440561953348322,,218,,1520440561,870610584,"""base_link""",,-1,1,0.0,0.0,0.163,"[9997.999672796635, 0.0, 0.0, 0.0, 9997.999672796635, 0.0, 0.0, 0.0, 39991.99869118654]",1
1520440562159192132,,219,,1520440562,58668112,"""base_link""",,-1,1,0.0,0.0,0.163,"[9997.999672796635, 0.0, 0.0, 0.0, 9997.999672796635, 0.0, 0.0, 0.0, 39991.99869118654]",1
1520440562356232666,,220,,1520440562,265523232,"""base_link""",,-1,1,0.0,0.0,0.163,"[9997.999672796635, 0.0, 0.0, 0.0, 9997.999672796635, 0.0, 0.0, 0.0, 39991.99869118654]",1
1520440562561573203,,221,,1520440562,463331636,"""base_link""",,-1,1,0.0,0.0,0.163,"[9997.999672796635, 0.0, 0.0, 0.0, 9997.999672796635, 0.0, 0.0, 0.0, 39991.99869118654]",1
1520440562762051560,,222,,1520440562,665696592,"""base_link""",,-1,1,0.0,0.0,0.163,"[9997.999672796635, 0.0, 0.0, 0.0, 9997.999672796635, 0.0, 0.0, 0.0, 39991.99869118654]",1
1520440562952565923,,223,,1520440562,866718840,"""base_link""",,-1,1,0.0,0.0,0.163,"[9997.999672796635, 0.0, 0.0, 0.0, 9997.999672796635, 0.0, 0.0, 0.0, 39991.99869118654]",1
1520440563193049956,,224,,1520440563,56525781,"""base_link""",,-1,1,0.0,0.0,0.163,"[9997.999672796635, 0.0, 0.0, 0.0, 9997.999672796635, 0.0, 0.0, 0.0, 39991.99869118654]",1
1520440563354827773,,225,,1520440563,268670672,"""base_link""",,-1,1,0.0,0.0,0.163,"[9997.999672796635, 0.0, 0.0, 0.0, 9997.999672796635, 0.0, 0.0, 0.0, 39991.99869118654]",1
1520440563552728307,,226,,1520440563,458061896,"""base_link""",,-1,1,0.0,0.0,0.163,"[9997.999672796635, 0.0, 0.0, 0.0, 9997.999672796635, 0.0, 0.0, 0.0, 39991.99869118654]",1
1520440563761665077,,227,,1520440563,659826808,"""base_link""",,-1,1,0.0,0.0,0.163,"[9997.999672796635, 0.0, 0.0, 0.0, 9997.999672796635, 0.0, 0.0, 0.0, 39991.99869118654]",1
1520440563961791749,,228,,1520440563,860815840,"""base_link""",,-1,1,0.0,0.0,0.163,"[9997.999672796635, 0.0, 0.0, 0.0, 9997.999672796635, 0.0, 0.0, 0.0, 39991.99869118654]",1
1520440564166357894,,229,,1520440564,63458032,"""base_link""",,-1,1,0.0,0.0,0.163,"[9997.999672796635, 0.0, 0.0, 0.0, 9997.999672796635, 0.0, 0.0, 0.0, 39991.99869118654]",1
1520440564361755027,,230,,1520440564,264043632,"""base_link""",,-1,1,0.0,0.0,0.163,"[9997.999672796635, 0.0, 0.0, 0.0, 9997.999672796635, 0.0, 0.0, 0.0, 39991.99869118654]",1
1520440564588923372,,231,,1520440564,466912776,"""base_link""",,-1,1,0.0,0.0,0.163,"[9997.999672796635, 0.0, 0.0, 0.0, 9997.999672796635, 0.0, 0.0, 0.0, 39991.99869118654]",1
1520440564763725652,,232,,1520440564,664297464,"""base_link""",,-1,1,0.0,0.0,0.163,"[9997.999672796635, 0.0, 0.0, 0.0, 9997.999672796635, 0.0, 0.0, 0.0, 39991.99869118654]",1
1520440564972564069,,233,,1520440564,856183424,"""base_link""",,-1,1,0.0,0.0,0.163,"[9997.999672796635, 0.0, 0.0, 0.0, 9997.999672796635, 0.0, 0.0, 0.0, 39991.99869118654]",1
1520440565193814043,,234,,1520440565,60506776,"""base_link""",,-1,1,0.0,0.0,0.163,"[9997.999672796635, 0.0, 0.0, 0.0, 9997.999672796635, 0.0, 0.0, 0.0, 39991.99869118654]",1
1520440565362568658,,235,,1520440565,268849223,"""base_link""",,-1,1,0.0,0.0,0.163,"[9997.999672796635, 0.0, 0.0, 0.0, 9997.999672796635, 0.0, 0.0, 0.0, 39991.99869118654]",1
1520440565564720166,,236,,1520440565,464151608,"""base_link""",,-1,1,0.0,0.0,0.163,"[9997.999672796635, 0.0, 0.0, 0.0, 9997.999672796635, 0.0, 0.0, 0.0, 39991.99869118654]",1
1520440565767211145,,237,,1520440565,663690952,"""base_link""",,-1,1,0.0,0.0,0.163,"[9997.999672796635, 0.0, 0.0, 0.0, 9997.999672796635, 0.0, 0.0, 0.0, 39991.99869118654]",1
1520440565977596097,,238,,1520440565,863559880,"""base_link""",,-1,1,0.0,0.0,0.163,"[9997.999672796635, 0.0, 0.0, 0.0, 9997.999672796635, 0.0, 0.0, 0.0, 39991.99869118654]",1
1520440566191126073,,239,,1520440566,66862592,"""base_link""",,-1,1,0.0,0.0,0.163,"[9997.999672796635, 0.0, 0.0, 0.0, 9997.999672796635, 0.0, 0.0, 0.0, 39991.99869118654]",1
1520440566365573830,,240,,1520440566,260551912,"""base_link""",,-1,1,0.0,0.0,0.163,"[9997.999672796635, 0.0, 0.0, 0.0, 9997.999672796635, 0.0, 0.0, 0.0, 39991.99869118654]",1
1520440566577471190,,241,,1520440566,471440658,"""base_link""",,-1,1,0.0,0.0,0.163,"[9997.999672796635, 0.0, 0.0, 0.0, 9997.999672796635, 0.0, 0.0, 0.0, 39991.99869118654]",1
1520440566761870034,,242,,1520440566,670947944,"""base_link""",,-1,1,0.0,0.0,0.163,"[9997.999672796635, 0.0, 0.0, 0.0, 9997.999672796635, 0.0, 0.0, 0.0, 39991.99869118654]",1
1520440566962217522,,243,,1520440566,864575392,"""base_link""",,-1,1,0.0,0.0,0.163,"[9997.999672796635, 0.0, 0.0, 0.0, 9997.999672796635, 0.0, 0.0, 0.0, 39991.99869118654]",1
1520440567163451508,,244,,1520440567,61398496,"""base_link""",,-1,1,0.0,0.0,0.163,"[9997.999672796635, 0.0, 0.0, 0.0, 9997.999672796635, 0.0, 0.0, 0.0, 39991.99869118654]",1
1520440567395190387,,245,,1520440567,263286440,"""base_link""",,-1,1,0.0,0.0,0.163,"[9997.999672796635, 0.0, 0.0, 0.0, 9997.999672796635, 0.0, 0.0, 0.0, 39991.99869118654]",1
1520440567577376751,,246,,1520440567,461546472,"""base_link""",,-1,1,0.0,0.0,0.163,"[9997.999672796635, 0.0, 0.0, 0.0, 9997.999672796635, 0.0, 0.0, 0.0, 39991.99869118654]",1
1520440567776980169,,247,,1520440567,668247440,"""base_link""",,-1,1,0.0,0.0,0.163,"[9997.999672796635, 0.0, 0.0, 0.0, 9997.999672796635, 0.0, 0.0, 0.0, 39991.99869118654]",1
1520440567991750998,,248,,1520440567,872785568,"""base_link""",,-1,1,0.0,0.0,0.163,"[9997.999672796635, 0.0, 0.0, 0.0, 9997.999672796635, 0.0, 0.0, 0.0, 39991.99869118654]",1
1520440568163582851,,249,,1520440568,72914208,"""base_link""",,-1,1,0.0,0.0,0.163,"[9997.999672796635, 0.0, 0.0, 0.0, 9997.999672796635, 0.0, 0.0, 0.0, 39991.99869118654]",1
1520440568359674184,,250,,1520440568,276931568,"""base_link""",,-1,1,0.0,0.0,0.163,"[9997.999672796635, 0.0, 0.0, 0.0, 9997.999672796635, 0.0, 0.0, 0.0, 39991.99869118654]",1
1520440568588690350,,251,,1520440568,466180206,"""base_link""",,-1,1,0.0,0.0,0.163,"[9997.999672796635, 0.0, 0.0, 0.0, 9997.999672796635, 0.0, 0.0, 0.0, 39991.99869118654]",1
1520440568775426651,,252,,1520440568,661906152,"""base_link""",,-1,1,0.0,0.0,0.163,"[9997.999672796635, 0.0, 0.0, 0.0, 9997.999672796635, 0.0, 0.0, 0.0, 39991.99869118654]",1
1520440568979112432,,253,,1520440568,862814944,"""base_link""",,-1,1,0.0,0.0,0.163,"[9997.999672796635, 0.0, 0.0, 0.0, 9997.999672796635, 0.0, 0.0, 0.0, 39991.99869118654]",1
1520440569197817646,,254,,1520440569,70071352,"""base_link""",,-1,1,0.0,0.0,0.163,"[9997.999672796635, 0.0, 0.0, 0.0, 9997.999672796635, 0.0, 0.0, 0.0, 39991.99869118654]",1
1520440569372492395,,255,,1520440569,272892568,"""base_link""",,-1,1,0.0,0.0,0.163,"[9997.999672796635, 0.0, 0.0, 0.0, 9997.999672796635, 0.0, 0.0, 0.0, 39991.99869118654]",1
1520440569562333491,,256,,1520440569,454678468,"""base_link""",,-1,1,0.0,0.0,0.163,"[9997.999672796635, 0.0, 0.0, 0.0, 9997.999672796635, 0.0, 0.0, 0.0, 39991.99869118654]",1
1520440569793514827,,257,,1520440569,655149468,"""base_link""",,-1,1,0.0,0.0,0.163,"[9997.999672796635, 0.0, 0.0, 0.0, 9997.999672796635, 0.0, 0.0, 0.0, 39991.99869118654]",1
1520440569978044262,,258,,1520440569,867595664,"""base_link""",,-1,1,0.0,0.0,0.163,"[9997.999672796635, 0.0, 0.0, 0.0, 9997.999672796635, 0.0, 0.0, 0.0, 39991.99869118654]",1
1520440570191686087,,259,,1520440570,70091168,"""base_link""",,-1,1,0.0,0.0,0.163,"[9997.999672796635, 0.0, 0.0, 0.0, 9997.999672796635, 0.0, 0.0, 0.0, 39991.99869118654]",1
1520440570371498375,,260,,1520440570,253364880,"""base_link""",,-1,1,0.0,0.0,0.163,"[9997.999672796635, 0.0, 0.0, 0.0, 9997.999672796635, 0.0, 0.0, 0.0, 39991.99869118654]",1
1520440570577661145,,261,,1520440570,466252952,"""base_link""",,-1,1,0.0,0.0,0.163,"[9997.999672796635, 0.0, 0.0, 0.0, 9997.999672796635, 0.0, 0.0, 0.0, 39991.99869118654]",1
1520440570762422589,,262,,1520440570,653455533,"""base_link""",,-1,1,0.0,0.0,0.163,"[9997.999672796635, 0.0, 0.0, 0.0, 9997.999672796635, 0.0, 0.0, 0.0, 39991.99869118654]",1
1520440570973276791,,263,,1520440570,865048072,"""base_link""",,-1,1,0.0,0.0,0.163,"[9997.999672796635, 0.0, 0.0, 0.0, 9997.999672796635, 0.0, 0.0, 0.0, 39991.99869118654]",1
1520440571162499253,,264,,1520440571,63998952,"""base_link""",,-1,1,0.0,0.0,0.163,"[9997.999672796635, 0.0, 0.0, 0.0, 9997.999672796635, 0.0, 0.0, 0.0, 39991.99869118654]",1
1520440571365622867,,265,,1520440571,262189584,"""base_link""",,-1,1,0.0,0.0,0.163,"[9997.999672796635, 0.0, 0.0, 0.0, 9997.999672796635, 0.0, 0.0, 0.0, 39991.99869118654]",1
1520440571592557403,,266,,1520440571,466157000,"""base_link""",,-1,1,0.0,0.0,0.163,"[9997.999672796635, 0.0, 0.0, 0.0, 9997.999672796635, 0.0, 0.0, 0.0, 39991.99869118654]",1
1520440571762452209,,267,,1520440571,661584808,"""base_link""",,-1,1,0.0,0.0,0.163,"[9997.999672796635, 0.0, 0.0, 0.0, 9997.999672796635, 0.0, 0.0, 0.0, 39991.99869118654]",1
1520440571965098921,,268,,1520440571,862618592,"""base_link""",,-1,1,0.0,0.0,0.163,"[9997.999672796635, 0.0, 0.0, 0.0, 9997.999672796635, 0.0, 0.0, 0.0, 39991.99869118654]",1
1520440572205602448,,269,,1520440572,66747848,"""base_link""",,-1,1,0.0,0.0,0.163,"[9997.999672796635, 0.0, 0.0, 0.0, 9997.999672796635, 0.0, 0.0, 0.0, 39991.99869118654]",1
1520440572372345008,,270,,1520440572,262361560,"""base_link""",,-1,1,0.0,0.0,0.163,"[9997.999672796635, 0.0, 0.0, 0.0, 9997.999672796635, 0.0, 0.0, 0.0, 39991.99869118654]",1
1520440572570707922,,271,,1520440572,465858248,"""base_link""",,-1,1,0.0,0.0,0.163,"[9997.999672796635, 0.0, 0.0, 0.0, 9997.999672796635, 0.0, 0.0, 0.0, 39991.99869118654]",1
1520440572787340499,,272,,1520440572,668812264,"""base_link""",,-1,1,0.0,0.0,0.163,"[9997.999672796635, 0.0, 0.0, 0.0, 9997.999672796635, 0.0, 0.0, 0.0, 39991.99869118654]",1
1520440572962311987,,273,,1520440572,871024152,"""base_link""",,-1,1,0.0,0.0,0.163,"[9997.999672796635, 0.0, 0.0, 0.0, 9997.999672796635, 0.0, 0.0, 0.0, 39991.99869118654]",1
1520440573177777804,,274,,1520440573,65006640,"""base_link""",,-1,1,0.0,0.0,0.163,"[9997.999672796635, 0.0, 0.0, 0.0, 9997.999672796635, 0.0, 0.0, 0.0, 39991.99869118654]",1
1520440573394217288,,275,,1520440573,262760424,"""base_link""",,-1,1,0.0,0.0,0.163,"[9997.999672796635, 0.0, 0.0, 0.0, 9997.999672796635, 0.0, 0.0, 0.0, 39991.99869118654]",1
1520440573581090634,,276,,1520440573,458139064,"""base_link""",,-1,1,0.0,0.0,0.163,"[9997.999672796635, 0.0, 0.0, 0.0, 9997.999672796635, 0.0, 0.0, 0.0, 39991.99869118654]",1
1520440573759832411,,277,,1520440573,660435992,"""base_link""",,-1,1,0.0,0.0,0.163,"[9997.999672796635, 0.0, 0.0, 0.0, 9997.999672796635, 0.0, 0.0, 0.0, 39991.99869118654]",1
1520440573974778780,,278,,1520440573,864265040,"""base_link""",,-1,1,0.0,0.0,0.163,"[9997.999672796635, 0.0, 0.0, 0.0, 9997.999672796635, 0.0, 0.0, 0.0, 39991.99869118654]",1
1520440574174582255,,279,,1520440574,64429872,"""base_link""",,-1,1,0.0,0.0,0.163,"[9997.999672796635, 0.0, 0.0, 0.0, 9997.999672796635, 0.0, 0.0, 0.0, 39991.99869118654]",1
1520440574371933094,,280,,1520440574,268726752,"""base_link""",,-1,1,0.0,0.0,0.163,"[9997.999672796635, 0.0, 0.0, 0.0, 9997.999672796635, 0.0, 0.0, 0.0, 39991.99869118654]",1
1520440574573601987,,281,,1520440574,459729400,"""base_link""",,-1,1,0.0,0.0,0.163,"[9997.999672796635, 0.0, 0.0, 0.0, 9997.999672796635, 0.0, 0.0, 0.0, 39991.99869118654]",1
1520440574776267250,,282,,1520440574,677060262,"""base_link""",,-1,1,0.0,0.0,0.163,"[9997.999672796635, 0.0, 0.0, 0.0, 9997.999672796635, 0.0, 0.0, 0.0, 39991.99869118654]",1
1520440574965152932,,283,,1520440574,870897200,"""base_link""",,-1,1,0.0,0.0,0.163,"[9997.999672796635, 0.0, 0.0, 0.0, 9997.999672796635, 0.0, 0.0, 0.0, 39991.99869118654]",1
1520440575194130743,,284,,1520440575,72912944,"""base_link""",,-1,1,0.0,0.0,0.163,"[9997.999672796635, 0.0, 0.0, 0.0, 9997.999672796635, 0.0, 0.0, 0.0, 39991.99869118654]",1
1520440575371989164,,285,,1520440575,265750808,"""base_link""",,-1,1,0.0,0.0,0.163,"[9997.999672796635, 0.0, 0.0, 0.0, 9997.999672796635, 0.0, 0.0, 0.0, 39991.99869118654]",1
1520440575572471383,,286,,1520440575,461076488,"""base_link""",,-1,1,0.0,0.0,0.163,"[9997.999672796635, 0.0, 0.0, 0.0, 9997.999672796635, 0.0, 0.0, 0.0, 39991.99869118654]",1
1520440575794986886,,287,,1520440575,662954696,"""base_link""",,-1,1,0.0,0.0,0.163,"[9997.999672796635, 0.0, 0.0, 0.0, 9997.999672796635, 0.0, 0.0, 0.0, 39991.99869118654]",1
1520440575971921006,,288,,1520440575,871587328,"""base_link""",,-1,1,0.0,0.0,0.163,"[9997.999672796635, 0.0, 0.0, 0.0, 9997.999672796635, 0.0, 0.0, 0.0, 39991.99869118654]",1
1520440576172731315,,289,,1520440576,63150232,"""base_link""",,-1,1,0.0,0.0,0.163,"[9997.999672796635, 0.0, 0.0, 0.0, 9997.999672796635, 0.0, 0.0, 0.0, 39991.99869118654]",1
1520440576394074237,,290,,1520440576,263702840,"""base_link""",,-1,1,0.0,0.0,0.163,"[9997.999672796635, 0.0, 0.0, 0.0, 9997.999672796635, 0.0, 0.0, 0.0, 39991.99869118654]",1
1520440576572658376,,291,,1520440576,468640512,"""base_link""",,-1,1,0.0,0.0,0.163,"[9997.999672796635, 0.0, 0.0, 0.0, 9997.999672796635, 0.0, 0.0, 0.0, 39991.99869118654]",1
1520440576772987248,,292,,1520440576,666501608,"""base_link""",,-1,1,0.0,0.0,0.163,"[9997.999672796635, 0.0, 0.0, 0.0, 9997.999672796635, 0.0, 0.0, 0.0, 39991.99869118654]",1
1520440576971604588,,293,,1520440576,864108184,"""base_link""",,-1,1,0.0,0.0,0.163,"[9997.999672796635, 0.0, 0.0, 0.0, 9997.999672796635, 0.0, 0.0, 0.0, 39991.99869118654]",1
1520440577177243514,,294,,1520440577,68777288,"""base_link""",,-1,1,0.0,0.0,0.163,"[9997.999672796635, 0.0, 0.0, 0.0, 9997.999672796635, 0.0, 0.0, 0.0, 39991.99869118654]",1
1520440577381372864,,295,,1520440577,268658728,"""base_link""",,-1,1,0.0,0.0,0.163,"[9997.999672796635, 0.0, 0.0, 0.0, 9997.999672796635, 0.0, 0.0, 0.0, 39991.99869118654]",1
1520440577572886813,,296,,1520440577,460713216,"""base_link""",,-1,1,0.0,0.0,0.163,"[9997.999672796635, 0.0, 0.0, 0.0, 9997.999672796635, 0.0, 0.0, 0.0, 39991.99869118654]",1
1520440577777008304,,297,,1520440577,673142536,"""base_link""",,-1,1,0.0,0.0,0.163,"[9997.999672796635, 0.0, 0.0, 0.0, 9997.999672796635, 0.0, 0.0, 0.0, 39991.99869118654]",1
1520440577978456972,,298,,1520440577,870627432,"""base_link""",,-1,1,0.0,0.0,0.163,"[9997.999672796635, 0.0, 0.0, 0.0, 9997.999672796635, 0.0, 0.0, 0.0, 39991.99869118654]",1
1520440578171138484,,299,,1520440578,64262192,"""base_link""",,-1,1,0.0,0.0,0.163,"[9997.999672796635, 0.0, 0.0, 0.0, 9997.999672796635, 0.0, 0.0, 0.0, 39991.99869118654]",1
1520440578378099765,,300,,1520440578,271890816,"""base_link""",,-1,1,0.0,0.0,0.163,"[9997.999672796635, 0.0, 0.0, 0.0, 9997.999672796635, 0.0, 0.0, 0.0, 39991.99869118654]",1
1520440578581366473,,301,,1520440578,465476736,"""base_link""",,-1,1,0.0,0.0,0.163,"[9997.999672796635, 0.0, 0.0, 0.0, 9997.999672796635, 0.0, 0.0, 0.0, 39991.99869118654]",1
1520440578798134258,,302,,1520440578,664129776,"""base_link""",,-1,1,0.0,0.0,0.163,"[9997.999672796635, 0.0, 0.0, 0.0, 9997.999672796635, 0.0, 0.0, 0.0, 39991.99869118654]",1
1520440578982643766,,303,,1520440578,865021480,"""base_link""",,-1,1,0.0,0.0,0.163,"[9997.999672796635, 0.0, 0.0, 0.0, 9997.999672796635, 0.0, 0.0, 0.0, 39991.99869118654]",1
1520440579183786764,,304,,1520440579,64402696,"""base_link""",,-1,1,0.0,0.0,0.163,"[9997.999672796635, 0.0, 0.0, 0.0, 9997.999672796635, 0.0, 0.0, 0.0, 39991.99869118654]",1
1520440579382455738,,305,,1520440579,263014720,"""base_link""",,-1,1,0.0,0.0,0.163,"[9997.999672796635, 0.0, 0.0, 0.0, 9997.999672796635, 0.0, 0.0, 0.0, 39991.99869118654]",1
1520440579583840141,,306,,1520440579,462126488,"""base_link""",,-1,1,0.0,0.0,0.163,"[9997.999672796635, 0.0, 0.0, 0.0, 9997.999672796635, 0.0, 0.0, 0.0, 39991.99869118654]",1
1520440579777100536,,307,,1520440579,662733632,"""base_link""",,-1,1,0.0,0.0,0.163,"[9997.999672796635, 0.0, 0.0, 0.0, 9997.999672796635, 0.0, 0.0, 0.0, 39991.99869118654]",1
1520440580031132128,,308,,1520440579,862526104,"""base_link""",,-1,1,0.0,0.0,0.163,"[9997.999672796635, 0.0, 0.0, 0.0, 9997.999672796635, 0.0, 0.0, 0.0, 39991.99869118654]",1
1520440580182350352,,309,,1520440580,71413014,"""base_link""",,-1,1,0.0,0.0,0.163,"[9997.999672796635, 0.0, 0.0, 0.0, 9997.999672796635, 0.0, 0.0, 0.0, 39991.99869118654]",1
1520440580376098547,,310,,1520440580,263707038,"""base_link""",,-1,1,0.0,0.0,0.163,"[9997.999672796635, 0.0, 0.0, 0.0, 9997.999672796635, 0.0, 0.0, 0.0, 39991.99869118654]",1
1520440580576819849,,311,,1520440580,462118304,"""base_link""",,-1,1,0.0,0.0,0.163,"[9997.999672796635, 0.0, 0.0, 0.0, 9997.999672796635, 0.0, 0.0, 0.0, 39991.99869118654]",1
1520440580793005635,,312,,1520440580,680157734,"""base_link""",,-1,1,0.0,0.0,0.163,"[9997.999672796635, 0.0, 0.0, 0.0, 9997.999672796635, 0.0, 0.0, 0.0, 39991.99869118654]",1
1520440580981725096,,313,,1520440580,862687912,"""base_link""",,-1,1,0.0,0.0,0.163,"[9997.999672796635, 0.0, 0.0, 0.0, 9997.999672796635, 0.0, 0.0, 0.0, 39991.99869118654]",1
1520440581177132016,,314,,1520440581,62963816,"""base_link""",,-1,1,0.0,0.0,0.163,"[9997.999672796635, 0.0, 0.0, 0.0, 9997.999672796635, 0.0, 0.0, 0.0, 39991.99869118654]",1
1520440581373580376,,315,,1520440581,272228752,"""base_link""",,-1,1,0.0,0.0,0.163,"[9997.999672796635, 0.0, 0.0, 0.0, 9997.999672796635, 0.0, 0.0, 0.0, 39991.99869118654]",1
1520440581575525215,,316,,1520440581,474497384,"""base_link""",,-1,1,0.0,0.0,0.163,"[9997.999672796635, 0.0, 0.0, 0.0, 9997.999672796635, 0.0, 0.0, 0.0, 39991.99869118654]",1
1520440581782731087,,317,,1520440581,681437091,"""base_link""",,-1,1,0.0,0.0,0.163,"[9997.999672796635, 0.0, 0.0, 0.0, 9997.999672796635, 0.0, 0.0, 0.0, 39991.99869118654]",1
1520440581987054949,,318,,1520440581,863459312,"""base_link""",,-1,1,0.0,0.0,0.163,"[9997.999672796635, 0.0, 0.0, 0.0, 9997.999672796635, 0.0, 0.0, 0.0, 39991.99869118654]",1
1520440582220218036,,319,,1520440582,66117624,"""base_link""",,-1,1,0.0,0.0,0.163,"[9997.999672796635, 0.0, 0.0, 0.0, 9997.999672796635, 0.0, 0.0, 0.0, 39991.99869118654]",1
1520440582376699214,,320,,1520440582,259632492,"""base_link""",,-1,1,0.0,0.0,0.163,"[9997.999672796635, 0.0, 0.0, 0.0, 9997.999672796635, 0.0, 0.0, 0.0, 39991.99869118654]",1
1520440582575218707,,321,,1520440582,464575688,"""base_link""",,-1,1,0.0,0.0,0.163,"[9997.999672796635, 0.0, 0.0, 0.0, 9997.999672796635, 0.0, 0.0, 0.0, 39991.99869118654]",1
1520440582774712134,,322,,1520440582,678150560,"""base_link""",,-1,1,0.0,0.0,0.163,"[9997.999672796635, 0.0, 0.0, 0.0, 9997.999672796635, 0.0, 0.0, 0.0, 39991.99869118654]",1
1520440583020196112,,323,,1520440582,866243991,"""base_link""",,-1,1,0.0,0.0,0.163,"[9997.999672796635, 0.0, 0.0, 0.0, 9997.999672796635, 0.0, 0.0, 0.0, 39991.99869118654]",1
1520440583195758885,,324,,1520440583,78640504,"""base_link""",,-1,1,0.0,0.0,0.163,"[9997.999672796635, 0.0, 0.0, 0.0, 9997.999672796635, 0.0, 0.0, 0.0, 39991.99869118654]",1
1520440583382040230,,325,,1520440583,262904280,"""base_link""",,-1,1,0.0,0.0,0.163,"[9997.999672796635, 0.0, 0.0, 0.0, 9997.999672796635, 0.0, 0.0, 0.0, 39991.99869118654]",1
1520440583589816717,,326,,1520440583,473963447,"""base_link""",,-1,1,0.0,0.0,0.163,"[9997.999672796635, 0.0, 0.0, 0.0, 9997.999672796635, 0.0, 0.0, 0.0, 39991.99869118654]",1
1520440583771278597,,327,,1520440583,678499754,"""base_link""",,-1,1,0.0,0.0,0.163,"[9997.999672796635, 0.0, 0.0, 0.0, 9997.999672796635, 0.0, 0.0, 0.0, 39991.99869118654]",1
1520440583981245740,,328,,1520440583,878528128,"""base_link""",,-1,1,0.0,0.0,0.163,"[9997.999672796635, 0.0, 0.0, 0.0, 9997.999672796635, 0.0, 0.0, 0.0, 39991.99869118654]",1
1520440584177830188,,329,,1520440584,76283941,"""base_link""",,-1,1,0.0,0.0,0.163,"[9997.999672796635, 0.0, 0.0, 0.0, 9997.999672796635, 0.0, 0.0, 0.0, 39991.99869118654]",1
1520440584376769351,,330,,1520440584,272749464,"""base_link""",,-1,1,0.0,0.0,0.163,"[9997.999672796635, 0.0, 0.0, 0.0, 9997.999672796635, 0.0, 0.0, 0.0, 39991.99869118654]",1
1520440584575251336,,331,,1520440584,477074608,"""base_link""",,-1,1,0.0,0.0,0.163,"[9997.999672796635, 0.0, 0.0, 0.0, 9997.999672796635, 0.0, 0.0, 0.0, 39991.99869118654]",1
1520440584774173403,,332,,1520440584,678712555,"""base_link""",,-1,1,0.0,0.0,0.163,"[9997.999672796635, 0.0, 0.0, 0.0, 9997.999672796635, 0.0, 0.0, 0.0, 39991.99869118654]",1
1520440584972267277,,333,,1520440584,875938420,"""base_link""",,-1,1,0.0,0.0,0.163,"[9997.999672796635, 0.0, 0.0, 0.0, 9997.999672796635, 0.0, 0.0, 0.0, 39991.99869118654]",1
1520440585222721527,,334,,1520440585,68292217,"""base_link""",,-1,1,0.0,0.0,0.163,"[9997.999672796635, 0.0, 0.0, 0.0, 9997.999672796635, 0.0, 0.0, 0.0, 39991.99869118654]",1
1520440585379241525,,335,,1520440585,277952408,"""base_link""",,-1,1,0.0,0.0,0.163,"[9997.999672796635, 0.0, 0.0, 0.0, 9997.999672796635, 0.0, 0.0, 0.0, 39991.99869118654]",1
1520440585576383527,,336,,1520440585,461617048,"""base_link""",,-1,1,0.0,0.0,0.163,"[9997.999672796635, 0.0, 0.0, 0.0, 9997.999672796635, 0.0, 0.0, 0.0, 39991.99869118654]",1
1520440585776937379,,337,,1520440585,682536996,"""base_link""",,-1,1,0.0,0.0,0.163,"[9997.999672796635, 0.0, 0.0, 0.0, 9997.999672796635, 0.0, 0.0, 0.0, 39991.99869118654]",1
1520440585978368307,,338,,1520440585,864211290,"""base_link""",,-1,1,0.0,0.0,0.163,"[9997.999672796635, 0.0, 0.0, 0.0, 9997.999672796635, 0.0, 0.0, 0.0, 39991.99869118654]",1
1520440586188771831,,339,,1520440586,61454976,"""base_link""",,-1,1,0.0,0.0,0.163,"[9997.999672796635, 0.0, 0.0, 0.0, 9997.999672796635, 0.0, 0.0, 0.0, 39991.99869118654]",1
1520440586375537506,,340,,1520440586,262587728,"""base_link""",,-1,1,0.0,0.0,0.163,"[9997.999672796635, 0.0, 0.0, 0.0, 9997.999672796635, 0.0, 0.0, 0.0, 39991.99869118654]",1
1520440586574653497,,341,,1520440586,482809929,"""base_link""",,-1,1,0.0,0.0,0.163,"[9997.999672796635, 0.0, 0.0, 0.0, 9997.999672796635, 0.0, 0.0, 0.0, 39991.99869118654]",1
1520440586785872617,,342,,1520440586,678535376,"""base_link""",,-1,1,0.0,0.0,0.163,"[9997.999672796635, 0.0, 0.0, 0.0, 9997.999672796635, 0.0, 0.0, 0.0, 39991.99869118654]",1
1520440586974555183,,343,,1520440586,859301354,"""base_link""",,-1,1,0.0,0.0,0.163,"[9997.999672796635, 0.0, 0.0, 0.0, 9997.999672796635, 0.0, 0.0, 0.0, 39991.99869118654]",1
1520440587176722617,,344,,1520440587,61156212,"""base_link""",,-1,1,0.0,0.0,0.163,"[9997.999672796635, 0.0, 0.0, 0.0, 9997.999672796635, 0.0, 0.0, 0.0, 39991.99869118654]",1
1520440587374052561,,345,,1520440587,263000008,"""base_link""",,-1,1,0.0,0.0,0.163,"[9997.999672796635, 0.0, 0.0, 0.0, 9997.999672796635, 0.0, 0.0, 0.0, 39991.99869118654]",1
