rosbagTimestamp,header,seq,stamp,secs,nsecs,frame_id,coordinate_frame,type_mask,position,x,y,z,velocity,x,y,z,acceleration_or_force,x,y,z,yaw,yaw_rate
1520440537701313260,,0,,1520440537,677678144,'',1,0,,0.00803159549832,-0.0189682580531,0.0886498093605,,4.7700759751e-05,0.000114648508315,-9.16570425034e-05,,0.00594675214961,0.014441549778,4.88002538681,-1.40499532223,-0.0
1520440537800586272,,1,,1520440537,781815680,'',1,0,,-6.12323399574e-17,6.12323426293e-17,0.5,,-0.00751077150926,0.0182985365391,0.35131958127,,-0.000588960887399,0.0297489278018,5.57132387161,-1.57079637051,-0.0
1520440537882297973,,2,,1520440537,876718656,'',1,0,,-6.12323399574e-17,6.12323426293e-17,0.5,,-0.00778405368328,0.0176411997527,0.411668598652,,-0.00170113914646,0.0299264248461,5.69919729233,-1.57079637051,-0.0
1520440537982617168,,3,,1520440537,977718656,'',1,0,,-6.12323399574e-17,6.12323426293e-17,0.5,,-0.00776212755591,0.0177026167512,0.411618709564,,-0.00131943530869,0.0293266940862,5.70734024048,-1.57079637051,-0.0
1520440538092354100,,4,,1520440538,74888320,'',1,0,,-6.12323399574e-17,6.12323426293e-17,0.5,,-0.00777260400355,0.0176560040563,0.411653459072,,-0.00105240964331,0.0311679001898,5.7156996727,-1.57079637051,-0.0
1520440538182424424,,5,,1520440538,177734528,'',1,0,,-6.12323399574e-17,6.12323426293e-17,0.5,,-0.00780206453055,0.0176031719893,0.411697208881,,-0.00161713187117,0.0315876677632,5.72315835953,-1.57079637051,-0.0
1520440538292028298,,6,,1520440538,275241600,'',1,0,,-6.12323399574e-17,6.12323426293e-17,0.5,,-0.00768037047237,0.0178905967623,0.41146916151,,-0.00115263520274,0.0331308804452,5.72959947586,-1.57079637051,-0.0
1520440538383649590,,7,,1520440538,375957632,'',1,0,,-6.12323399574e-17,6.12323426293e-17,0.5,,-0.00778871774673,0.0176534764469,0.411646842957,,-0.00267129647546,0.0321581996977,5.73890686035,-1.57079637051,-0.0
1520440538483489012,,8,,1520440538,474945152,'',1,0,,-6.12323399574e-17,6.12323426293e-17,0.5,,-0.00782844144851,0.0175781790167,0.411702573299,,-0.00272540166043,0.0334997437894,5.74658918381,-1.57079637051,-0.0
1520440538593257744,,9,,1520440538,577591680,'',1,0,,-6.12323399574e-17,6.12323426293e-17,0.5,,-0.00776097457856,0.0177928060293,0.411556482315,,-0.00232737860642,0.0356356091797,5.75448560715,-1.57079637051,-0.0
1520440538693236438,,10,,1520440538,679604864,'',1,0,,-6.12323399574e-17,6.12323426293e-17,0.5,,-0.00772632844746,0.017852017656,0.411504745483,,-0.00221489882097,0.0364770554006,5.76198768616,-1.57079637051,-0.0
1520440538782657982,,11,,1520440538,779604864,'',1,0,,-6.12323399574e-17,6.12323426293e-17,0.5,,-0.00771021004766,0.0178930684924,0.411503523588,,-0.0025627873838,0.0368015058339,5.77073144913,-1.57079637051,-0.0
1520440538882919162,,12,,1520440538,876849856,'',1,0,,-6.12323399574e-17,6.12323426293e-17,0.5,,-0.00775308767334,0.0177790094167,0.411585837603,,-0.00284909899347,0.0370577983558,5.77829694748,-1.57079637051,-0.0
1520440538994302819,,13,,1520440538,975849856,'',1,0,,-6.12323399574e-17,6.12323426293e-17,0.5,,-0.00766686908901,0.0180686954409,0.411353588104,,-0.00219446839765,0.0383242703974,5.78472805023,-1.57079637051,-0.0
1520440539103148007,,14,,1520440539,72613568,'',1,0,,-6.12323399574e-17,6.12323426293e-17,0.5,,-0.0076502612792,0.0181155074388,0.411316454411,,-0.00304495869204,0.0382389351726,5.7920255661,-1.57079637051,-0.0
1520440539182159090,,15,,1520440539,176714880,'',1,0,,-6.12323399574e-17,6.12323426293e-17,0.5,,-0.00753818405792,0.0184223391116,0.411019384861,,-0.00199850043282,0.0408763624728,5.79744720459,-1.57079637051,-0.0
1520440539300747201,,16,,1520440539,277123008,'',1,0,,-6.12323399574e-17,6.12323426293e-17,0.5,,-0.00760529376566,0.0182346776128,0.411168396473,,-0.00260275695473,0.0395248942077,5.80582857132,-1.57079637051,-0.0
1520440539393909223,,17,,1520440539,381597952,'',1,0,,-6.12323399574e-17,6.12323426293e-17,0.5,,-0.00715191150084,0.0195280145854,0.410038083792,,-0.00136321748141,0.0432174950838,5.80799007416,-1.57079637051,-0.0
1520440539517308448,,18,,1520440539,479195328,'',1,0,,-6.12323399574e-17,6.12323426293e-17,0.5,,-0.00657893018797,0.0211332757026,0.408596068621,,2.54291644517e-05,0.0473788157105,5.81096363068,-1.57079637051,-0.0
1520440539582190324,,19,,1520440539,575341504,'',1,0,,-6.12323399574e-17,6.12323426293e-17,0.5,,-0.00593856908381,0.0229082945734,0.407042562962,,0.00118380994536,0.0516970455647,5.81220006943,-1.57079637051,-0.0
1520440539694679497,,20,,1520440539,675341504,'',1,0,,-6.12323399574e-17,6.12323426293e-17,0.5,,-0.00521758245304,0.0248508732766,0.405325651169,,0.00257480097935,0.0556860268116,5.81394338608,-1.57079637051,-0.0
1520440539794517612,,21,,1520440539,776408256,'',1,0,,-6.12323399574e-17,6.12323426293e-17,0.5,,-0.00442988518626,0.0269275717437,0.403495848179,,0.00427659554407,0.05875210464,5.81631088257,-1.57079637051,-0.0
1520440539892490308,,22,,1520440539,876408256,'',1,0,,-6.12323399574e-17,6.12323426293e-17,0.5,,-0.00356083246879,0.029115345329,0.401577681303,,0.00565860699862,0.0637115165591,5.81858587265,-1.57079637051,-0.0
1520440539992605964,,23,,1520440539,978904256,'',1,0,,-6.12323399574e-17,6.12323426293e-17,0.5,,-0.00263863569126,0.0314602330327,0.39964646101,,0.0061869546771,0.0682875588536,5.82217073441,-1.57079637051,-0.0
1520440540092319241,,24,,1520440540,77521088,'',1,0,,-6.12323399574e-17,6.12323426293e-17,0.5,,-0.00168366869912,0.0339468382299,0.397675454617,,0.00792517792433,0.0720542371273,5.82434225082,-1.57079637051,-0.0
1520440540201330697,,25,,1520440540,177521088,'',1,0,,-6.12323399574e-17,6.12323426293e-17,0.5,,-0.000690818356816,0.0365568175912,0.395610064268,,0.00943642109632,0.07744512707,5.82595062256,-1.57079637051,-0.0
1520440540319778447,,26,,1520440540,294072385,'',1,0,,-6.12323399574e-17,6.12323426293e-17,0.5,,0.000370191526599,0.0393047183752,0.393438637257,,0.0126390065998,0.0818696692586,5.82592391968,-1.57079637051,-0.0
1520440540384279538,,27,,1520440540,384072385,'',1,0,,-6.12323399574e-17,6.12323426293e-17,0.5,,0.00142637977842,0.0418621152639,0.3913154006,,0.0135038821027,0.0860678553581,5.82482862473,-1.57079637051,-0.0
1520440540484238931,,28,,1520440540,477432832,'',1,0,,-6.12323399574e-17,6.12323426293e-17,0.5,,0.00279161194339,0.0450999699533,0.388538181782,,0.0160215720534,0.0919757559896,5.82441520691,-1.57079637051,-0.0
1520440540607630766,,29,,1520440540,577432832,'',1,0,,-6.12323399574e-17,6.12323426293e-17,0.5,,-0.00703473668545,0.0195514578372,0.410024285316,,-0.00227300985716,0.0468559227884,5.89896965027,-1.57079637051,-0.0
1520440540701584713,,30,,1520440540,672418432,'',1,0,,-6.12323399574e-17,6.12323426293e-17,0.5,,-0.0075934282504,0.0180573631078,0.411255002022,,-0.000427720748122,0.050206515938,5.91026496887,-1.57079637051,-0.0
1520440540802676556,,31,,1520440540,783396096,'',1,0,,-6.12323399574e-17,6.12323426293e-17,0.5,,-0.00759616820142,0.0179782751948,0.411336123943,,1.98260095196e-05,0.0528454370797,5.92092370987,-1.57079637051,-0.0
1520440540891683878,,32,,1520440540,874338432,'',1,0,,-6.12323399574e-17,6.12323426293e-17,0.5,,-0.007704698015,0.0177754685283,0.411522626877,,-0.000880769162905,0.0527573861182,5.92996025085,-1.57079637051,-0.0
1520440540993417704,,33,,1520440540,972899776,'',1,0,,-6.12323399574e-17,6.12323426293e-17,0.5,,-0.00778524810448,0.0176072325557,0.411682903767,,-0.000771440158133,0.0537348873913,5.93917560577,-1.57079637051,-0.0
1520440541092764670,,34,,1520440541,80405248,'',1,0,,-6.12323399574e-17,6.12323426293e-17,0.5,,-0.00781875941902,0.0175512805581,0.411734670401,,-0.00130018778145,0.0541044808924,5.94804000854,-1.57079637051,-0.0
1520440541192218087,,35,,1520440541,179014720,'',1,0,,-6.12323399574e-17,6.12323426293e-17,0.5,,-0.00773986708373,0.0177245028317,0.411608278751,,-0.000676339259372,0.0558116957545,5.95622825623,-1.57079637051,-0.0
1520440541292933940,,36,,1520440541,278330688,'',1,0,,-6.12323399574e-17,6.12323426293e-17,0.5,,-0.00764499465004,0.0179709531367,0.4113920331,,-0.00166737427935,0.0564507655799,5.96248531342,-1.57079637051,-0.0
1520440541400756323,,37,,1520440541,382863104,'',1,0,,-6.12323399574e-17,6.12323426293e-17,0.5,,-0.00781762599945,0.0175689551979,0.411709994078,,-0.00138544279616,0.0557647049427,5.97214365005,-1.57079637051,-0.0
1520440541492171325,,38,,1520440541,483863104,'',1,0,,-6.12323399574e-17,6.12323426293e-17,0.5,,-0.00765614863485,0.017996603623,0.411343604326,,-0.00125681003556,0.0573259815574,5.97753190994,-1.57079637051,-0.0
1520440541592696583,,39,,1520440541,584032320,'',1,0,,-6.12323399574e-17,6.12323426293e-17,0.5,,-0.00779501581565,0.0176337398589,0.41163289547,,-0.00201133219525,0.0558016858995,5.98606729507,-1.57079637051,-0.0
1520440541696267302,,40,,1520440541,683135296,'',1,0,,-6.12323399574e-17,6.12323426293e-17,0.5,,-0.00778909726068,0.0176445338875,0.411613464355,,-0.00189433072228,0.0560221858323,5.99413537979,-1.57079637051,-0.0
1520440541806800156,,41,,1520440541,786806080,'',1,0,,-6.12323399574e-17,6.12323426293e-17,0.5,,-0.00767243700102,0.0179415121675,0.411335587502,,-0.00154221674893,0.0573794096708,6.00120019913,-1.57079637051,-0.0
1520440541900977587,,42,,1520440541,886754624,'',1,0,,-6.12323399574e-17,6.12323426293e-17,0.5,,-0.00769390724599,0.0179010629654,0.411398023367,,-0.00250504049473,0.0577334836125,6.01092338562,-1.57079637051,-0.0
1520440542001085030,,43,,1520440541,985370176,'',1,0,,-6.12323399574e-17,6.12323426293e-17,0.5,,-0.00774705829099,0.017780277878,0.4115203619,,-0.0034883399494,0.0573136694729,6.0205078125,-1.57079637051,-0.0
1520440542105946010,,44,,1520440542,87671616,'',1,0,,-6.12323399574e-17,6.12323426293e-17,0.5,,-0.0076814359054,0.0179849155247,0.411359548569,,-0.00281517812982,0.0582365579903,6.02826881409,-1.57079637051,-0.0
1520440542201966286,,45,,1520440542,188083264,'',1,0,,-6.12323399574e-17,6.12323426293e-17,0.5,,-0.00776760932058,0.0177457369864,0.411529868841,,-0.00323465792462,0.0577190071344,6.03609657288,-1.57079637051,-0.0
1520440542296295652,,46,,1520440542,288083264,'',1,0,,-6.12323399574e-17,6.12323426293e-17,0.5,,-0.00768841663376,0.0179277528077,0.411270320415,,-0.0034526407253,0.0593122243881,6.04074811935,-1.57079637051,-0.0
1520440542401087554,,47,,1520440542,387169572,'',1,0,,-6.12323399574e-17,6.12323426293e-17,0.5,,-0.00772181339562,0.0178643967956,0.411344617605,,-0.00327514694072,0.058810018003,6.04913234711,-1.57079637051,-0.0
1520440542504854590,,48,,1520440542,486169572,'',1,0,,-6.12323399574e-17,6.12323426293e-17,0.5,,-0.00771811418235,0.0178979448974,0.411270618439,,-0.0050013079308,0.0579685531557,6.05564785004,-1.57079637051,-0.0
1520440542592916418,,49,,1520440542,584286848,'',1,0,,-6.12323399574e-17,6.12323426293e-17,0.5,,-0.00766466092318,0.0182058718055,0.410742282867,,-0.00448467675597,0.0599580705166,6.059633255,-1.57079637051,-0.0
1520440542707832272,,50,,1520440542,686825856,'',1,0,,-6.12323399574e-17,6.12323426293e-17,0.5,,-0.00779456458986,0.0177874397486,0.411252707243,,-0.00496526993811,0.0593115314841,6.06967735291,-1.57079637051,-0.0
1520440542801605971,,51,,1520440542,786513024,'',1,0,,-6.12323399574e-17,6.12323426293e-17,0.5,,-0.0078175291419,0.0176969114691,-0.474402785301,,-0.00466918991879,0.0217435881495,3.94729852676,-1.57079637051,-0.0
1520440542892825769,,52,,1520440542,886513024,'',1,0,,-6.12323399574e-17,6.12323426293e-17,0.5,,-0.00788098201156,0.0178760197014,-0.373300820589,,-0.00739389192313,0.0285669788718,4.12914705276,-1.57079637051,-0.0
1520440542993053340,,53,,1520440542,971846004,'',1,0,,-6.12323399574e-17,6.12323426293e-17,0.5,,-0.00784060079604,0.0178506486118,-0.270690321922,,-0.00627326918766,0.0257957410067,4.32480382919,-1.57079637051,-0.0
1520440543100848378,,54,,1520440543,86980426,'',1,0,,-6.12323399574e-17,6.12323426293e-17,0.5,,-0.00792848039418,0.0181433781981,-0.16704942286,,-0.00814876612276,0.0267714392394,4.52716970444,-1.57079637051,-0.0
1520440543223674920,,55,,1520440543,185980426,'',1,0,,-6.12323399574e-17,6.12323426293e-17,0.5,,-0.00804288033396,0.0180191155523,-0.064977362752,,-0.012247226201,0.028445860371,4.74690341949,-1.57079637051,-0.0
1520440543306352995,,56,,1520440543,287124553,'',1,0,,-6.12323399574e-17,6.12323426293e-17,0.5,,-0.00817450508475,0.0177011229098,0.03787188977,,-0.0110876131803,0.023718982935,4.94012403488,-1.57079637051,-0.0
1520440543392556019,,57,,1520440543,387124553,'',1,0,,-6.12323399574e-17,6.12323426293e-17,0.5,,-0.00855253916234,0.0182838831097,0.1409201473,,-0.016008162871,0.0283511243761,5.13353824615,-1.57079637051,-0.0
1520440543501234646,,58,,1520440543,485144192,'',1,0,,-6.12323399574e-17,6.12323426293e-17,0.5,,-0.00910432636738,0.0191790629178,0.243478223681,,-0.0146178128198,0.033514559269,5.34633302689,-1.57079637051,-0.0
1520440543610212077,,59,,1520440543,588882048,'',1,0,,-6.12323399574e-17,6.12323426293e-17,0.5,,-0.00963346194476,0.0203536823392,0.345827281475,,-0.0128417033702,0.0362229049206,5.55524682999,-1.57079637051,-0.0
1520440543692886559,,60,,1520440543,678882048,'',1,0,,-6.12323399574e-17,6.12323426293e-17,0.5,,-0.0100351134315,0.021477079019,0.408419907093,,-0.0138234654441,0.0331011749804,5.66809797287,-1.57079637051,-0.0
1520440543802105911,,61,,1520440543,783262336,'',1,0,,-6.12323399574e-17,6.12323426293e-17,0.5,,-0.0104457968846,0.0227358452976,0.406347513199,,-0.014854493551,0.0357032902539,5.65238761902,-1.57079637051,-0.0
1520440543904116525,,62,,1520440543,883180672,'',1,0,,-6.12323399574e-17,6.12323426293e-17,0.5,,-0.0108881536871,0.0236023105681,0.403552144766,,-0.0170739199966,0.0273912940174,5.63472700119,-1.57079637051,-0.0
1520440544000120438,,63,,1520440543,983180672,'',1,0,,-6.12323399574e-17,6.12323426293e-17,0.5,,-0.0114198410884,0.0243312194943,0.399627685547,,-0.0172944236547,0.0390136577189,5.6121301651,-1.57079637051,-0.0
1520440544100874558,,64,,1520440544,84398464,'',1,0,,-6.12323399574e-17,6.12323426293e-17,0.5,,-0.0120312450454,0.0254370514303,0.394991159439,,-0.0204208344221,0.0465925782919,5.61085605621,-1.57079637051,-0.0
1520440544208327397,,65,,1520440544,187613888,'',1,0,,-6.12323399574e-17,6.12323426293e-17,0.5,,-0.0129590863362,0.0270361956209,0.389379441738,,-0.0381118953228,0.0651588514447,5.54118204117,-1.57079637051,-0.0
1520440544301561547,,66,,1520440544,287646656,'',1,0,,-6.12323399574e-17,6.12323426293e-17,0.5,,-0.014255288057,0.030591154471,0.370593965054,,0.0241248309612,0.0554668530822,5.02719402313,-1.57079637051,-0.0
1520440544403436321,,67,,1520440544,387998144,'',1,0,,-6.12323399574e-17,6.12323426293e-17,0.5,,-0.0123568903655,0.0328980535269,0.332077801228,,0.0496301427484,0.039478674531,4.81422138214,-1.57079637051,-0.0
1520440544494930468,,68,,1520440544,484075200,'',1,0,,-6.12323399574e-17,6.12323426293e-17,0.5,,-0.00632912060246,0.0330342501402,0.293572574854,,0.128139778972,0.0323863551021,4.76435565948,-1.57079637051,-0.0
1520440544621123366,,69,,1520440544,596341842,'',1,0,,-6.12323399574e-17,6.12323426293e-17,0.5,,0.00438707647845,0.0342205613852,0.254774868488,,0.155362874269,0.0474959239364,4.65266942978,-1.57079637051,-0.0
1520440544763198780,,70,,1520440544,686341842,'',1,0,,-6.12323399574e-17,6.12323426293e-17,0.5,,0.0160602517426,0.0345498509705,0.218579351902,,0.175646990538,0.00634994776919,4.55525350571,-1.57079637051,-0.0
1520440544814662336,,71,,1520440544,817584101,'',1,0,,-6.12323399574e-17,6.12323426293e-17,0.5,,0.0329213403165,0.0335667543113,0.178755372763,,0.201331973076,0.074805110693,4.65207433701,-1.57079637051,-0.0
1520440544911414338,,72,,1520440544,890902097,'',1,0,,-6.12323399574e-17,6.12323426293e-17,0.5,,0.0478789769113,0.0350968576968,0.149614036083,,0.15934728086,0.0655962824821,4.69017076492,-1.57079637051,-0.0
1520440545003196194,,73,,1520440544,988028032,'',1,0,,-6.12323399574e-17,6.12323426293e-17,0.5,,0.0628596618772,0.0359346680343,0.126408517361,,0.237035959959,0.0362527705729,4.80943584442,-1.57079637051,-0.0
1520440545092380765,,74,,1520440545,84213696,'',1,0,,-6.12323399574e-17,6.12323426293e-17,0.5,,0.0757325142622,0.0290336702019,0.135116159916,,0.231936320662,0.0418263673782,5.08104610443,-1.57079637051,-0.0
1520440545202184055,,75,,1520440545,185784512,'',1,0,,-6.12323399574e-17,6.12323426293e-17,0.5,,0.0755798593163,0.00716099562123,0.194176316261,,0.188955113292,0.000639468082227,5.31756925583,-1.57079637051,-0.0
1520440545301564802,,76,,1520440545,286784512,'',1,0,,-6.12323399574e-17,6.12323426293e-17,0.5,,0.084189131856,0.00311166304164,0.193752348423,,0.26949724555,0.0315763168037,5.02918720245,-1.57079637051,-0.0
1520440545400921355,,77,,1520440545,382311104,'',1,0,,-6.12323399574e-17,6.12323426293e-17,0.5,,0.0919255688787,-0.0023960925173,0.181509286165,,0.277218222618,-0.0873049944639,4.90733098984,-1.57079637051,-0.0
1520440545498105517,,78,,1520440545,484819456,'',1,0,,-6.12323399574e-17,6.12323426293e-17,0.5,,0.105222381651,-0.00915398541838,0.163823962212,,0.26723331213,-0.0627823323011,4.88566303253,-1.57079637051,-0.0
1520440545610255826,,79,,1520440545,594111947,'',1,0,,-6.12323399574e-17,6.12323426293e-17,0.5,,0.111349247396,-0.0132988188416,0.154815495014,,0.205302461982,-0.0327336639166,4.96258354187,-1.57079637051,-0.0
1520440545701146004,,80,,1520440545,688357888,'',1,0,,-6.12323399574e-17,6.12323426293e-17,0.5,,0.12161604315,-0.0163733866066,0.139237731695,,0.216209769249,0.0214967243373,4.88451480865,-1.57079637051,-0.0
1520440545800494615,,81,,1520440545,784704512,'',1,0,,-6.12323399574e-17,6.12323426293e-17,0.5,,0.130711078644,-0.0181341841817,0.125817239285,,0.234267935157,-0.0346696451306,4.96748638153,-1.57079637051,-0.0
1520440545901630389,,82,,1520440545,885670912,'',1,0,,-6.12323399574e-17,6.12323426293e-17,0.5,,0.139162480831,-0.0206657834351,0.115524411201,,0.241613954306,-0.0113678686321,4.94192790985,-1.57079637051,-0.0
1520440546002258079,,83,,1520440545,985670912,'',1,0,,-6.12323399574e-17,6.12323426293e-17,0.5,,0.146718710661,-0.0218873657286,0.105262845755,,0.26175943017,0.000924602907617,4.93384075165,-1.57079637051,-0.0
1520440546094757473,,84,,1520440546,80713728,'',1,0,,-6.12323399574e-17,6.12323426293e-17,0.5,,0.153750300407,-0.0217554681003,0.0957708358765,,0.246070355177,-0.0196792129427,4.93484258652,-1.57079637051,-0.0
1520440546208030725,,85,,1520440546,193103851,'',1,0,,-6.12323399574e-17,6.12323426293e-17,0.5,,0.15928158164,-0.0222200434655,0.0875763893127,,0.250534683466,-0.0261297840625,4.9430770874,-1.57079637051,-0.0
1520440546301103478,,86,,1520440546,291633152,'',1,0,,-6.12323399574e-17,6.12323426293e-17,0.5,,0.163417577744,-0.0223830603063,0.0820612311363,,0.221763476729,0.0120695400983,4.98749637604,-1.57079637051,-0.0
1520440546392475596,,87,,1520440546,386335488,'',1,0,,-6.12323399574e-17,6.12323426293e-17,0.5,,0.16604219377,-0.0217092502862,0.0779699981213,,0.246844470501,-0.0291886553168,5.01325130463,-1.57079637051,-0.0
1520440546492959351,,88,,1520440546,483800576,'',1,0,,-6.12323399574e-17,6.12323426293e-17,0.5,,0.167679786682,-0.0217819176614,0.0752362012863,,0.234508261085,0.000847552786581,5.0169839859,-1.57079637051,-0.0
1520440546600698699,,89,,1520440546,584948544,'',1,0,,-6.12323399574e-17,6.12323426293e-17,0.5,,0.167289599776,-0.0217326935381,0.0744875669479,,0.164878278971,0.0103690167889,5.10428667068,-1.57079637051,-0.0
1520440546698483371,,90,,1520440546,684948544,'',1,0,,-6.12323399574e-17,6.12323426293e-17,0.5,,0.164270073175,-0.0204525738955,0.0724640488625,,0.195083618164,0.0143598988652,5.00002765656,-1.57079637051,-0.0
1520440546804855349,,91,,1520440546,781845056,'',1,0,,-6.12323399574e-17,6.12323426293e-17,0.5,,0.161308005452,-0.0193537212908,0.0677775144577,,0.218174099922,-0.0235305018723,4.93959665298,-1.57079637051,-0.0
1520440546900687468,,92,,1520440546,882056256,'',1,0,,-6.12323399574e-17,6.12323426293e-17,0.5,,0.159430384636,-0.0200178623199,0.0599662065506,,0.233568847179,-0.0510007441044,4.89019298553,-1.57079637051,-0.0
1520440546993618133,,93,,1520440546,982350144,'',1,0,,-6.12323399574e-17,6.12323426293e-17,0.5,,0.0973631441593,0.0240795277059,0.183200418949,,0.114134982228,0.0663599967957,5.27749681473,-1.57079637051,-0.0
1520440547092489133,,94,,1520440547,83047744,'',1,0,,-6.12323399574e-17,6.12323426293e-17,0.5,,0.0779320374131,0.0412734895945,0.212439328432,,0.0737056061625,0.0792675688863,5.35771465302,-1.57079637051,-0.0
1520440547201328829,,95,,1520440547,187794240,'',1,0,,-6.12323399574e-17,6.12323426293e-17,0.5,,0.0720564872026,0.0510646626353,0.20712351799,,0.135475292802,0.135023027658,5.127866745,-1.57079637051,-0.0
1520440547301361305,,96,,1520440547,281916224,'',1,0,,-6.12323399574e-17,6.12323426293e-17,0.5,,0.0709911510348,0.056198541075,0.190717816353,,0.204645603895,0.0641053169966,4.93791770935,-1.57079637051,-0.0
1520440547413771162,,97,,1520440547,382224192,'',1,0,,-6.12323399574e-17,6.12323426293e-17,0.5,,0.0680740624666,0.0622120462358,0.175499498844,,0.169271051884,0.0979268550873,4.96986198425,-1.57079637051,-0.0
1520440547502334623,,98,,1520440547,484039232,'',1,0,,-6.12323399574e-17,6.12323426293e-17,0.5,,0.0667853280902,0.0649785622954,0.16118350625,,0.175591096282,0.0387752316892,4.98512506485,-1.57079637051,-0.0
1520440547603792299,,99,,1520440547,582746944,'',1,0,,-6.12323399574e-17,6.12323426293e-17,0.5,,0.0642353668809,0.0654274895787,0.148581176996,,0.177507251501,0.0604240894318,4.9638915062,-1.57079637051,-0.0
1520440547697755422,,100,,1520440547,679738944,'',1,0,,-6.12323399574e-17,6.12323426293e-17,0.5,,0.0614637658,0.0657706409693,0.139228105545,,0.159836947918,0.0794607922435,5.0331325531,-1.57079637051,-0.0
1520440547802902985,,101,,1520440547,786207360,'',1,0,,-6.12323399574e-17,6.12323426293e-17,0.5,,0.0577024519444,0.0654612481594,0.130367785692,,0.156939476728,0.0685625076294,5.00409221649,-1.57079637051,-0.0
1520440547910570629,,102,,1520440547,887981440,'',1,0,,-6.12323399574e-17,6.12323426293e-17,0.5,,0.056658077985,0.0654281005263,0.122535198927,,0.165728464723,0.0594820268452,5.02387237549,-1.57079637051,-0.0
1520440548008335898,,103,,1520440547,992320896,'',1,0,,-6.12323399574e-17,6.12323426293e-17,0.5,,0.0510656572878,0.0637243315578,0.120059251785,,0.115276955068,0.0484891235828,5.11974620819,-1.57079637051,-0.0
1520440548166081599,,104,,1520440548,98433280,'',1,0,,-6.12323399574e-17,6.12323426293e-17,0.5,,0.0454954728484,0.061747379601,0.116878032684,,0.0954900979996,0.0494361482561,5.18907499313,-1.57079637051,-0.0
1520440548212727977,,105,,1520440548,192285056,'',1,0,,-6.12323399574e-17,6.12323426293e-17,0.5,,0.0391963236034,0.0576357468963,0.109942525625,,0.0879298001528,0.0572299808264,5.17774915695,-1.57079637051,-0.0
1520440548332720309,,106,,1520440548,302285056,'',1,0,,-6.12323399574e-17,6.12323426293e-17,0.5,,0.0363008752465,0.0529195740819,0.104388177395,,0.11846036464,0.026601947844,5.20823287964,-1.57079637051,-0.0
1520440548407147747,,107,,1520440548,396346624,'',1,0,,-6.12323399574e-17,6.12323426293e-17,0.5,,0.0338380970061,0.0477546304464,0.0917759537697,,0.124281048775,-0.0059826457873,5.15078926086,-1.57079637051,-0.0
1520440548502214688,,108,,1520440548,492726336,'',1,0,,-6.12323399574e-17,6.12323426293e-17,0.5,,0.0322144702077,0.0428340174258,0.0794098973274,,0.147603303194,0.034374859184,5.0481801033,-1.57079637051,-0.0
1520440548620656280,,109,,1520440548,591562752,'',1,0,,-6.12323399574e-17,6.12323426293e-17,0.5,,0.0321227386594,0.0384176895022,0.0680839121342,,0.141413375735,0.00281682237983,5.10861206055,-1.57079637051,-0.0
1520440548735924569,,110,,1520440548,695758912,'',1,0,,-6.12323399574e-17,6.12323426293e-17,0.5,,0.0317014716566,0.0348212271929,0.0599160194397,,0.151642352343,0.0538660995662,5.09300994873,-1.57079637051,-0.0
1520440548846017565,,111,,1520440548,810768320,'',1,0,,-6.12323399574e-17,6.12323426293e-17,0.5,,0.0321124047041,0.0314656943083,0.0544389486313,,0.155970111489,0.010014093481,5.11181974411,-1.57079637051,-0.0
1520440548924143175,,112,,1520440548,900478784,'',1,0,,-6.12323399574e-17,6.12323426293e-17,0.5,,0.033398848027,0.0283373594284,0.050775885582,,0.192643836141,0.02074707672,5.04859209061,-1.57079637051,-0.0
1520440549022628679,,113,,1520440549,8183488,'',1,0,,-6.12323399574e-17,6.12323426293e-17,0.5,,0.0323811583221,0.0265594217926,0.0529779195786,,0.053583368659,0.0245970170945,5.28564023972,-1.57079637051,-0.0
1520440549115280967,,114,,1520440549,93531712,'',1,0,,-6.12323399574e-17,6.12323426293e-17,0.5,,0.0309626739472,0.0192972701043,0.0537934601307,,0.0603190176189,-0.0532731600106,5.42281961441,-1.57079637051,-0.0
1520440549209256590,,115,,1520440549,193550208,'',1,0,,-6.12323399574e-17,6.12323426293e-17,0.5,,0.0315571837127,0.017228834331,0.050171226263,,0.087466172874,0.0523468330503,5.30879020691,-1.57079637051,-0.0
1520440549333733335,,116,,1520440549,297831488,'',1,0,,-6.12323399574e-17,6.12323426293e-17,0.5,,0.0328963063657,0.0166132077575,0.0469175577164,,0.180024877191,0.0709050744772,5.09885215759,-1.57079637051,-0.0
1520440549450680090,,117,,1520440549,400512576,'',1,0,,-6.12323399574e-17,6.12323426293e-17,0.5,,0.0366630963981,0.015865970403,0.0390291213989,,0.159622177482,0.0625517368317,5.0760269165,-1.57079637051,-0.0
1520440549512017023,,118,,1520440549,500512576,'',1,0,,-6.12323399574e-17,6.12323426293e-17,0.5,,0.0372569449246,0.0186720564961,0.0408612787724,,0.151062682271,0.10240149498,5.13902187347,-1.57079637051,-0.0
1520440549612021577,,119,,1520440549,596634176,'',1,0,,-6.12323399574e-17,6.12323426293e-17,0.5,,0.0465146154165,0.00848217308521,0.0309695899487,,0.17288659513,0.00930532068014,5.16571331024,-1.57079637051,-0.0
1520440549745247299,,120,,1520440549,692745344,'',1,0,,-6.12323399574e-17,6.12323426293e-17,0.5,,0.0534338876605,0.00220222189091,0.0277588367462,,0.161908507347,0.0134298112243,5.19875001907,-1.57079637051,-0.0
1520440549819001920,,121,,1520440549,817614920,'',1,0,,-6.12323399574e-17,6.12323426293e-17,0.5,,0.058102440089,0.000488680787384,0.028489023447,,0.221043497324,0.0457791052759,5.13093423843,-1.57079637051,-0.0
1520440549947675794,,122,,1520440549,905162916,'',1,0,,-6.12323399574e-17,6.12323426293e-17,0.5,,0.0609217435122,-0.0023943411652,0.0276205539703,,0.202283024788,0.0255823843181,5.10116481781,-1.57079637051,-0.0
1520440550050664083,,123,,1520440550,9232640,'',1,0,,-6.12323399574e-17,6.12323426293e-17,0.5,,0.0666910111904,-0.00719930091873,0.0344897806644,,0.160857394338,0.0235520806164,5.23970556259,-1.57079637051,-0.0
1520440550112130864,,124,,1520440550,110192192,'',1,0,,-6.12323399574e-17,6.12323426293e-17,0.5,,0.0693511068821,-0.00943848770112,0.0362263917923,,0.192911058664,0.00853736046702,5.17146635056,-1.57079637051,-0.0
1520440550212639688,,125,,1520440550,195485312,'',1,0,,-6.12323399574e-17,6.12323426293e-17,0.5,,0.0746324583888,-0.0126608135179,0.0430650115013,,0.21889282763,0.0314520969987,5.13622951508,-1.57079637051,-0.0
1520440550322108908,,126,,1520440550,305213184,'',1,0,,-6.12323399574e-17,6.12323426293e-17,0.5,,0.078209720552,-0.0142023945227,0.0499761104584,,0.197181344032,0.0897490531206,5.14889383316,-1.57079637051,-0.0
1520440550414574287,,127,,1520440550,405329295,'',1,0,,-6.12323399574e-17,6.12323426293e-17,0.5,,0.0812859460711,-0.0148502737284,0.0552434325218,,0.188513815403,0.0557803362608,5.18051195145,-1.57079637051,-0.0
1520440550522030133,,128,,1520440550,511553088,'',1,0,,-6.12323399574e-17,6.12323426293e-17,0.5,,0.0842268839478,-0.0150680076331,0.0619444847107,,0.212331518531,0.0216508600861,5.19717693329,-1.57079637051,-0.0
1520440550650211239,,129,,1520440550,596861056,'',1,0,,-6.12323399574e-17,6.12323426293e-17,0.5,,0.0857937410474,-0.01608806476,0.0682591199875,,0.14245814085,0.0413004122674,5.28670024872,-1.57079637051,-0.0
1520440550723465664,,130,,1520440550,709120256,'',1,0,,-6.12323399574e-17,6.12323426293e-17,0.5,,0.0859365910292,-0.0150678865612,0.0722585916519,,0.168614879251,0.0835918560624,5.18055200577,-1.57079637051,-0.0
1520440550833068374,,131,,1520440550,799498880,'',1,0,,-6.12323399574e-17,6.12323426293e-17,0.5,,0.0862966775894,-0.0140198729932,0.0726812183857,,0.198986977339,0.0759937390685,5.10280704498,-1.57079637051,-0.0
1520440550950710691,,132,,1520440550,904990272,'',1,0,,-6.12323399574e-17,6.12323426293e-17,0.5,,0.0888454020023,-0.0149428304285,0.0752265751362,,0.219043463469,0.0614129118621,5.17097949982,-1.57079637051,-0.0
1520440551034860259,,133,,1520440551,6421691,'',1,0,,-6.12323399574e-17,6.12323426293e-17,0.5,,0.0909115299582,-0.0129383504391,0.0764446556568,,0.185144498944,0.0722107887268,5.1598815918,-1.57079637051,-0.0
1520440551126667700,,134,,1520440551,112202368,'',1,0,,-6.12323399574e-17,6.12323426293e-17,0.5,,0.091647028923,-0.0131157180294,0.077007651329,,0.209544599056,0.0573089197278,5.12715530396,-1.57079637051,-0.0
1520440551246772694,,135,,1520440551,213596992,'',1,0,,-6.12323399574e-17,6.12323426293e-17,0.5,,0.0930792167783,-0.0151866050437,0.0785704553127,,0.197476893663,0.0859806537628,5.12245225906,-1.57079637051,-0.0
1520440551322750034,,136,,1520440551,312726592,'',1,0,,-6.12323399574e-17,6.12323426293e-17,0.5,,0.0931934565306,-0.0115397879854,0.0745977461338,,0.247793927789,0.0616074725986,5.02771425247,-1.57079637051,-0.0
1520440551421622941,,137,,1520440551,410504000,'',1,0,,-6.12323399574e-17,6.12323426293e-17,0.5,,0.0932791382074,-0.016136046499,0.0785202980042,,0.216058284044,-0.0101434867829,5.09280538559,-1.57079637051,-0.0
1520440551548520156,,138,,1520440551,505956928,'',1,0,,-6.12323399574e-17,6.12323426293e-17,0.5,,0.0918434262276,-0.0180816613138,0.0798520743847,,0.269852280617,-0.00492227030918,5.03386688232,-1.57079637051,-0.0
1520440551650730491,,139,,1520440551,611615808,'',1,0,,-6.12323399574e-17,6.12323426293e-17,0.5,,0.093633249402,-0.0178292673081,0.0728042721748,,0.246807545424,0.0551406554878,4.98928642273,-1.57079637051,-0.0
1520440551745370536,,140,,1520440551,711621440,'',1,0,,-6.12323399574e-17,6.12323426293e-17,0.5,,0.0942234918475,-0.0148902665824,0.066990852356,,0.213440909982,0.0672750249505,5.05654525757,-1.57079637051,-0.0
1520440551821946413,,141,,1520440551,808729984,'',1,0,,-6.12323399574e-17,6.12323426293e-17,0.5,,0.0942004173994,-0.0111063914374,0.0633476674557,,0.243227750063,0.0648012906313,5.05452489853,-1.57079637051,-0.0
1520440552016317602,,142,,1520440552,10525760,'',1,0,,-6.12323399574e-17,6.12323426293e-17,0.5,,0.0941635817289,-0.00527467345819,0.0546528100967,,0.230007335544,0.0316160358489,5.02040719986,-1.57079637051,-0.0
1520440552122367369,,143,,1520440552,111822976,'',1,0,,-6.12323399574e-17,6.12323426293e-17,0.5,,0.0942925140262,-0.00346371880732,0.0491875112057,,0.236448645592,0.0438677854836,4.98617696762,-1.57079637051,-0.0
1520440552252781220,,144,,1520440552,215028608,'',1,0,,-6.12323399574e-17,6.12323426293e-17,0.5,,0.0944376587868,-0.00107121956535,0.0421043634415,,0.239107370377,0.0692461356521,4.94274997711,-1.57079637051,-0.0
1520440552326516743,,145,,1520440552,312025216,'',1,0,,-6.12323399574e-17,6.12323426293e-17,0.5,,0.0940781310201,0.00160171999596,0.0365948677063,,0.208524346352,0.063841290772,5.00446796417,-1.57079637051,-0.0
1520440552453235143,,146,,1520440552,411474816,'',1,0,,-6.12323399574e-17,6.12323426293e-17,0.5,,0.093650251627,0.00450756028295,0.0314284563065,,0.233974769711,0.0382093936205,4.95764017105,-1.57079637051,-0.0
1520440552544999705,,147,,1520440552,509366912,'',1,0,,-6.12323399574e-17,6.12323426293e-17,0.5,,0.0920468941331,0.00600376259536,0.0243247747421,,0.206057190895,0.0519726760685,4.88504457474,-1.57079637051,-0.0
1520440552629087520,,148,,1520440552,612877248,'',1,0,,-6.12323399574e-17,6.12323426293e-17,0.5,,0.0873924642801,0.00785543583333,0.0192540585995,,0.128940403461,0.0680506974459,5.00616168976,-1.57079637051,-0.0
1520440552747874134,,149,,1520440552,715372224,'',1,0,,-6.12323399574e-17,6.12323426293e-17,0.5,,0.0801193714142,0.00939627829939,0.0176853239536,,0.152827054262,0.0514453984797,5.01269483566,-1.57079637051,-0.0
1520440552851730937,,150,,1520440552,820755392,'',1,0,,-6.12323399574e-17,6.12323426293e-17,0.5,,0.0726883783937,0.0109844757244,0.0135377347469,,0.155106052756,0.0477346330881,4.90745592117,-1.57079637051,-0.0
1520440552931664539,,151,,1520440552,906035563,'',1,0,,-6.12323399574e-17,6.12323426293e-17,0.5,,0.0657244622707,0.0123026622459,0.00539192557335,,0.171833887696,0.0861043035984,4.81084632874,-1.57079637051,-0.0
1520440553059775921,,152,,1520440553,6187456,'',1,0,,-6.12323399574e-17,6.12323426293e-17,0.5,,0.0590239651501,0.0149013120681,-0.00470691919327,,0.15787628293,0.0747550278902,4.79878139496,-1.57079637051,-0.0
1520440553223757614,,153,,1520440553,215523869,'',1,0,,-6.12323399574e-17,6.12323426293e-17,0.5,,-0.0941743850708,0.00440091453493,0.23805591464,,-0.017760515213,0.0287718903273,5.39055776596,-1.57079637051,-0.0
1520440553320216906,,154,,1520440553,308080130,'',1,0,,-6.12323399574e-17,6.12323426293e-17,0.5,,-0.110186606646,0.00222512381151,0.248411238194,,-0.0154459001496,0.0270149428397,5.34978818893,-1.57079637051,-0.0
1520440553448826799,,155,,1520440553,413892544,'',1,0,,-6.12323399574e-17,6.12323426293e-17,0.5,,-0.118497535586,-0.00342416809872,0.236160188913,,0.0549172647297,-0.0852889791131,5.2326002121,-1.57079637051,-0.0
1520440553537062371,,156,,1520440553,500443661,'',1,0,,-6.12323399574e-17,6.12323426293e-17,0.5,,-0.120668940246,-0.00992435868829,0.220082581043,,0.108776800334,-0.0443514809012,5.09906625748,-1.57079637051,-0.0
1520440553623059690,,157,,1520440553,604363200,'',1,0,,-6.12323399574e-17,6.12323426293e-17,0.5,,-0.113014221191,-0.014144429937,0.179954081774,,0.105626456439,-0.00264515099116,5.02103090286,-1.57079637051,-0.0
1520440553723779837,,158,,1520440553,710310656,'',1,0,,-6.12323399574e-17,6.12323426293e-17,0.5,,-0.103935167193,-0.0192787833512,0.146948575974,,0.128075927496,-0.0200231280178,4.96334218979,-1.57079637051,-0.0
1520440553825942762,,159,,1520440553,806897600,'',1,0,,-6.12323399574e-17,6.12323426293e-17,0.5,,-0.0920798331499,-0.0243324693292,0.116691201925,,0.151255965233,-0.00649524154142,4.91766929626,-1.57079637051,-0.0
1520440553926089135,,160,,1520440553,906890240,'',1,0,,-6.12323399574e-17,6.12323426293e-17,0.5,,-0.0794524922967,-0.0287104509771,0.0909855365753,,0.148869007826,0.0087932664901,4.92312860489,-1.57079637051,-0.0
1520440554022043929,,161,,1520440554,10809792,'',1,0,,-6.12323399574e-17,6.12323426293e-17,0.5,,-0.0653311908245,-0.0328428670764,0.0713359117508,,0.175894826651,-0.0187362544239,5.05016613007,-1.57079637051,-0.0
1520440554139111374,,162,,1520440554,117920064,'',1,0,,-6.12323399574e-17,6.12323426293e-17,0.5,,-0.0525464117527,-0.0360492281616,0.0628810226917,,0.171231642365,0.0102666886523,5.15515565872,-1.57079637051,-0.0
1520440554245717228,,163,,1520440554,220222592,'',1,0,,-6.12323399574e-17,6.12323426293e-17,0.5,,-0.0381926521659,-0.0376555286348,0.0472917556763,,0.154343336821,0.0464196130633,5.16873025894,-1.57079637051,-0.0
1520440554332653577,,164,,1520440554,318172544,'',1,0,,-6.12323399574e-17,6.12323426293e-17,0.5,,-0.0199257489294,-0.0397907420993,0.0315796732903,,0.189103484154,0.00991009362042,5.12902069092,-1.57079637051,-0.0
1520440554444228524,,165,,1520440554,416744832,'',1,0,,-6.12323399574e-17,6.12323426293e-17,0.5,,-0.00581813137978,-0.0416114889085,0.0220514535904,,0.233502164483,-0.0110435960814,5.12417602539,-1.57079637051,-0.0
1520440554552372479,,166,,1520440554,528318087,'',1,0,,-6.12323399574e-17,6.12323426293e-17,0.5,,0.00315842567943,-0.0402099601924,0.0252469778061,,0.23844756186,0.00025194947375,5.19966840744,-1.57079637051,-0.0
1520440554635485087,,167,,1520440554,631163008,'',1,0,,-6.12323399574e-17,6.12323426293e-17,0.5,,0.0137045271695,-0.0437519140542,0.0135760307312,,0.248854756355,-0.00437565566972,5.21376991272,-1.57079637051,-0.0
1520440554748954591,,168,,1520440554,727170780,'',1,0,,-6.12323399574e-17,6.12323426293e-17,0.5,,0.0404277071357,-0.0467037595809,-0.00206410884857,,0.265283554792,-0.00513341277838,5.16189336777,-1.57079637051,-0.0
1520440554853470280,,169,,1520440554,827316480,'',1,0,,-6.12323399574e-17,6.12323426293e-17,0.5,,0.0543276071548,-0.0464296340942,-0.00935560464859,,0.316385954618,-0.0178224034607,5.08517026901,-1.57079637051,-0.0
1520440554972124578,,170,,1520440554,928672256,'',1,0,,-6.12323399574e-17,6.12323426293e-17,0.5,,0.0647821128368,-0.0468036234379,-0.0107802152634,,0.276872009039,-0.0313173085451,5.10102653503,-1.57079637051,-0.0
1520440555043610054,,171,,1520440555,25407808,'',1,0,,-6.12323399574e-17,6.12323426293e-17,0.5,,0.0747224763036,-0.0450700260699,-0.0141494274139,,0.260456889868,-0.0264144334942,5.18661594391,-1.57079637051,-0.0
1520440555146480985,,172,,1520440555,126131520,'',1,0,,-6.12323399574e-17,6.12323426293e-17,0.5,,0.0842702016234,-0.0419650971889,-0.0163617134094,,0.256687611341,-0.0409084782004,5.17447328568,-1.57079637051,-0.0
1520440555242694909,,173,,1520440555,227277056,'',1,0,,-6.12323399574e-17,6.12323426293e-17,0.5,,0.0919782593846,-0.0367648005486,-0.0173017978668,,0.300014406443,0.00564548373222,5.13345479965,-1.57079637051,-0.0
1520440555343794375,,174,,1520440555,327159104,'',1,0,,-6.12323399574e-17,6.12323426293e-17,0.5,,0.0983556285501,-0.0311040189117,-0.0150640010834,,0.293781757355,0.00826547667384,5.18409252167,-1.57079637051,-0.0
1520440555546114272,,175,,1520440555,532794944,'',1,0,,-6.12323399574e-17,6.12323426293e-17,0.5,,0.104462057352,-0.0201908946037,-0.00537043809891,,0.271174997091,-0.0179814919829,5.19066858292,-1.57079637051,-0.0
1520440555645736076,,176,,1520440555,644308928,'',1,0,,-6.12323399574e-17,6.12323426293e-17,0.5,,0.10533811897,-0.0125456284732,-0.00504529476166,,0.269436836243,0.0673038512468,5.11699819565,-1.57079637051,-0.0
1520440555750549695,,177,,1520440555,744681152,'',1,0,,-6.12323399574e-17,6.12323426293e-17,0.5,,0.105630904436,6.04290871706e-05,-0.00245690345764,,0.25452658534,0.0413421206176,5.06914329529,-1.57079637051,-0.0
1520440555851923415,,178,,1520440555,840613824,'',1,0,,-6.12323399574e-17,6.12323426293e-17,0.5,,0.104588590562,0.0106121087447,0.00272390246391,,0.256386369467,0.0406756289303,5.16321325302,-1.57079637051,-0.0
1520440555953230359,,179,,1520440555,939839680,'',1,0,,-6.12323399574e-17,6.12323426293e-17,0.5,,0.101705245674,0.0221086554229,0.00939944386482,,0.255040615797,0.114950358868,5.13741636276,-1.57079637051,-0.0
1520440556055150441,,180,,1520440556,39435968,'',1,0,,-6.12323399574e-17,6.12323426293e-17,0.5,,0.0975100398064,0.0308517683297,0.016812980175,,0.18997824192,0.0868362337351,5.26502799988,-1.57079637051,-0.0
1520440556169170142,,181,,1520440556,139643584,'',1,0,,-6.12323399574e-17,6.12323426293e-17,0.5,,0.0923675075173,0.0399657338858,0.0234096944332,,0.20162512362,0.100913055241,5.23874521255,-1.57079637051,-0.0
1520440556251703992,,182,,1520440556,242157312,'',1,0,,-6.12323399574e-17,6.12323426293e-17,0.5,,0.0863738059998,0.0500041879714,0.0281660556793,,0.206492692232,0.146213293076,5.14920377731,-1.57079637051,-0.0
1520440556377680400,,183,,1520440556,338208960,'',1,0,,-6.12323399574e-17,6.12323426293e-17,0.5,,0.0819062665105,0.0567418299615,0.030693590641,,0.157228514552,0.130288183689,5.21325206757,-1.57079637051,-0.0
1520440556476493388,,184,,1520440556,451718777,'',1,0,,-6.12323399574e-17,6.12323426293e-17,0.5,,0.0772728696465,0.0610695146024,0.0328668057919,,0.192038804293,0.111698314548,5.16382789612,-1.57079637051,-0.0
1520440556550225827,,185,,1520440556,548990720,'',1,0,,-6.12323399574e-17,6.12323426293e-17,0.5,,0.0731304585934,0.061847306788,0.0377905666828,,0.119624480605,0.0899289101362,5.30933856964,-1.57079637051,-0.0
1520440556651655532,,186,,1520440556,631824997,'',1,0,,-6.12323399574e-17,6.12323426293e-17,0.5,,0.0616564750671,0.0662537291646,0.0425328016281,,0.115842744708,0.0847413390875,5.34431838989,-1.57079637051,-0.0
1520440556779842363,,187,,1520440556,747057382,'',1,0,,-6.12323399574e-17,6.12323426293e-17,0.5,,0.0498135462403,0.0685889199376,0.0474723279476,,0.144034579396,0.0550127066672,5.28338289261,-1.57079637051,-0.0
1520440556898490608,,188,,1520440556,846844928,'',1,0,,-6.12323399574e-17,6.12323426293e-17,0.5,,0.0500150769949,0.066585496068,0.0399582386017,,0.191858097911,0.0797515586019,5.21750831604,-1.57079637051,-0.0
1520440556976366192,,189,,1520440556,948532288,'',1,0,,-6.12323399574e-17,6.12323426293e-17,0.5,,0.0447804145515,0.0651746615767,0.043143004179,,0.195456907153,0.0626112893224,5.23701238632,-1.57079637051,-0.0
1520440557078650097,,190,,1520440557,64411840,'',1,0,,-6.12323399574e-17,6.12323426293e-17,0.5,,0.0396694615483,0.0628987625241,0.0475932359695,,0.185096427798,0.0807095021009,5.20062875748,-1.57079637051,-0.0
1520440557176675717,,191,,1520440557,150604544,'',1,0,,-6.12323399574e-17,6.12323426293e-17,0.5,,0.0365145616233,0.0608778744936,0.0496701300144,,0.182314395905,0.0912476480007,5.21929931641,-1.57079637051,-0.0
1520440557262613963,,192,,1520440557,250700800,'',1,0,,-6.12323399574e-17,6.12323426293e-17,0.5,,0.0339087285101,0.0577086061239,0.0548516511917,,0.202205464244,0.0194184277207,5.31399393082,-1.57079637051,-0.0
1520440557377757971,,193,,1520440557,350623552,'',1,0,,-6.12323399574e-17,6.12323426293e-17,0.5,,0.0313926152885,0.0530031919479,0.0620431303978,,0.212382823229,0.0155988074839,5.2641620636,-1.57079637051,-0.0
1520440557451916063,,194,,1520440557,447533120,'',1,0,,-6.12323399574e-17,6.12323426293e-17,0.5,,0.0297539830208,0.046130862087,0.0667815506458,,0.164087623358,0.0415620431304,5.2828207016,-1.57079637051,-0.0
1520440557562864889,,195,,1520440557,553629696,'',1,0,,-6.12323399574e-17,6.12323426293e-17,0.5,,0.0265455264598,0.0395102836192,0.0720291733742,,0.175958305597,0.0149092087522,5.283639431,-1.57079637051,-0.0
1520440557689507551,,196,,1520440557,656416719,'',1,0,,-6.12323399574e-17,6.12323426293e-17,0.5,,0.023142023012,0.0351658128202,0.0753194689751,,0.148861989379,0.077042542398,5.2578587532,-1.57079637051,-0.0
1520440557763127558,,197,,1520440557,744504106,'',1,0,,-6.12323399574e-17,6.12323426293e-17,0.5,,0.0191270001233,0.031156392768,0.0776494443417,,0.12288081646,0.024484757334,5.33726406097,-1.57079637051,-0.0
1520440557891909840,,198,,1520440557,857983680,'',1,0,,-6.12323399574e-17,6.12323426293e-17,0.5,,0.014249204658,0.0254825912416,0.0825204253197,,0.173045352101,-0.0335817411542,5.32435750961,-1.57079637051,-0.0
1520440557978786452,,199,,1520440557,945914231,'',1,0,,-6.12323399574e-17,6.12323426293e-17,0.5,,0.00991476792842,0.0184907242656,0.0875526964664,,0.176412507892,-0.00301819248125,5.29235839844,-1.57079637051,-0.0
1520440558064903363,,200,,1520440558,61867616,'',1,0,,-6.12323399574e-17,6.12323426293e-17,0.5,,0.00709749246016,0.01015320234,0.0891982316971,,0.17323589325,-0.0509550757706,5.2817029953,-1.57079637051,-0.0
1520440558172837916,,201,,1520440558,150710471,'',1,0,,-6.12323399574e-17,6.12323426293e-17,0.5,,0.00523879751563,0.00280926143751,0.0908903479576,,0.182200461626,0.00976080074906,5.28745317459,-1.57079637051,-0.0
1520440558282466744,,202,,1520440558,251250432,'',1,0,,-6.12323399574e-17,6.12323426293e-17,0.5,,0.00483124237508,-0.00419839518145,0.0926457941532,,0.172906905413,-0.0141188595444,5.32442998886,-1.57079637051,-0.0
1520440558370789279,,203,,1520440558,349825792,'',1,0,,-6.12323399574e-17,6.12323426293e-17,0.5,,0.00423703808337,-0.00897029135376,0.094360679388,,0.180216223001,-0.0124863013625,5.30282020569,-1.57079637051,-0.0
1520440558463410801,,204,,1520440558,451629807,'',1,0,,-6.12323399574e-17,6.12323426293e-17,0.5,,0.00351178878918,-0.011581630446,0.0953515470028,,0.166196107864,0.0473871827126,5.29701852798,-1.57079637051,-0.0
1520440558571959616,,205,,1520440558,551533296,'',1,0,,-6.12323399574e-17,6.12323426293e-17,0.5,,0.0204351656139,-0.0562469102442,-0.222162723541,,0.191064044833,-0.101863265038,4.50208711624,-1.57079637051,-0.0
1520440558664193487,,206,,1520440558,643446400,'',1,0,,-6.12323399574e-17,6.12323426293e-17,0.5,,0.0235654003918,-0.0652235746384,-0.246348500252,,0.197062686086,-0.104631133378,4.70116853714,-1.57079637051,-0.0
1520440558765908606,,207,,1520440558,741707904,'',1,0,,-6.12323399574e-17,6.12323426293e-17,0.5,,0.0261556841433,-0.0721364989877,-0.244485020638,,0.238559827209,-0.0694490820169,4.92405939102,-1.57079637051,-0.0
1520440558863446625,,208,,1520440558,851084288,'',1,0,,-6.12323399574e-17,6.12323426293e-17,0.5,,0.0279670357704,-0.0764779523015,-0.22628235817,,0.189901143312,-0.00857518520206,5.0718755722,-1.57079637051,-0.0
1520440558977520810,,209,,1520440558,936651136,'',1,0,,-6.12323399574e-17,6.12323426293e-17,0.5,,0.0286247152835,-0.0794650539756,-0.209038972855,,0.195908010006,0.00421297829598,5.12036514282,-1.57079637051,-0.0
1520440559077106690,,210,,1520440559,63266171,'',1,0,,-6.12323399574e-17,6.12323426293e-17,0.5,,0.0286533106118,-0.0796230360866,-0.184853494167,,0.214314118028,-0.000371159985662,5.20488834381,-1.57079637051,-0.0
1520440559191910111,,211,,1520440559,162282048,'',1,0,,-6.12323399574e-17,6.12323426293e-17,0.5,,0.0295004211366,-0.0795302018523,-0.163804888725,,0.205147400498,0.0139853190631,5.24623346329,-1.57079637051,-0.0
1520440559269612526,,212,,1520440559,254013056,'',1,0,,-6.12323399574e-17,6.12323426293e-17,0.5,,0.0307159963995,-0.0843151211739,-0.134354412556,,0.23504717648,-0.0425691492856,5.27549648285,-1.57079637051,-0.0
1520440559357329622,,213,,1520440559,349333376,'',1,0,,-6.12323399574e-17,6.12323426293e-17,0.5,,0.0321358665824,-0.088262476027,-0.108189284801,,0.188368171453,-0.0233546290547,5.381336689,-1.57079637051,-0.0
1520440559465956655,,214,,1520440559,446712960,'',1,0,,-6.12323399574e-17,6.12323426293e-17,0.5,,0.0345477610826,-0.0918451622128,-0.0857557058334,,0.256845355034,-0.0722404122353,5.26514053345,-1.57079637051,-0.0
1520440559571201488,,215,,1520440559,554046784,'',1,0,,-6.12323399574e-17,6.12323426293e-17,0.5,,0.0365782752633,-0.09473349154,-0.0650932788849,,0.231994301081,-0.0187595076859,5.19152259827,-1.57079637051,-0.0
1520440559679944669,,216,,1520440559,657184576,'',1,0,,-6.12323399574e-17,6.12323426293e-17,0.5,,0.0370398573577,-0.097811460495,-0.0471419692039,,0.219534382224,-0.0558665804565,5.27444171906,-1.57079637051,-0.0
1520440559773974868,,217,,1520440559,750490048,'',1,0,,-6.12323399574e-17,6.12323426293e-17,0.5,,0.0385063327849,-0.0966862216592,-0.0356960296631,,0.254784226418,-0.00463755661622,5.21675634384,-1.57079637051,-0.0
1520440559876960740,,218,,1520440559,850725056,'',1,0,,-6.12323399574e-17,6.12323426293e-17,0.5,,0.0391020141542,-0.0980347171426,-0.0272796154022,,0.212005764246,-0.0652435868979,5.28744459152,-1.57079637051,-0.0
1520440559962281721,,219,,1520440559,952589248,'',1,0,,-6.12323399574e-17,6.12323426293e-17,0.5,,0.0393441580236,-0.0953125357628,-0.0163348913193,,0.223648712039,-0.0597907491028,5.26321983337,-1.57079637051,-0.0
1520440560062397674,,220,,1520440560,57797184,'',1,0,,-6.12323399574e-17,6.12323426293e-17,0.5,,0.0416567400098,-0.0929760560393,0.00348520278931,,0.235826477408,-0.00870098453015,5.24036836624,-1.57079637051,-0.0
1520440560181319452,,221,,1520440560,145638592,'',1,0,,-6.12323399574e-17,6.12323426293e-17,0.5,,0.0424910001457,-0.0899685993791,0.0104506611824,,0.213118985295,-0.0199201218784,5.25751304626,-1.57079637051,-0.0
1520440560270475404,,222,,1520440560,254933888,'',1,0,,-6.12323399574e-17,6.12323426293e-17,0.5,,0.0432451665401,-0.0846724063158,0.0158473849297,,0.231311127543,-0.017365494743,5.25417518616,-1.57079637051,-0.0
1520440560383684315,,223,,1520440560,355789888,'',1,0,,-6.12323399574e-17,6.12323426293e-17,0.5,,0.042755972594,-0.0791731998324,0.0208409428596,,0.239033073187,0.0314979888499,5.21628856659,-1.57079637051,-0.0
1520440560462385259,,224,,1520440560,445422784,'',1,0,,-6.12323399574e-17,6.12323426293e-17,0.5,,0.0442454777658,-0.0746647194028,0.0185068845749,,0.166251674294,0.0190825629979,5.25355386734,-1.57079637051,-0.0
1520440560566585417,,225,,1520440560,542867904,'',1,0,,-6.12323399574e-17,6.12323426293e-17,0.5,,0.0432993881404,-0.0658034682274,0.0191983580589,,0.213900312781,0.0281375087798,5.18804168701,-1.57079637051,-0.0
1520440560676607363,,226,,1520440560,654672256,'',1,0,,-6.12323399574e-17,6.12323426293e-17,0.5,,0.0464351922274,-0.0601544678211,0.0132123827934,,0.220245435834,0.016497399658,5.14650297165,-1.57079637051,-0.0
1520440560776594425,,227,,1520440560,760191360,'',1,0,,-6.12323399574e-17,6.12323426293e-17,0.5,,0.0454790778458,-0.053594622761,0.0123472213745,,0.223015502095,0.0397024340928,5.14611339569,-1.57079637051,-0.0
1520440560897834144,,228,,1520440560,845798656,'',1,0,,-6.12323399574e-17,6.12323426293e-17,0.5,,0.0472775921226,-0.0497080720961,0.0100789070129,,0.212160512805,0.00960289407521,5.22153806686,-1.57079637051,-0.0
1520440560961863631,,229,,1520440560,940039680,'',1,0,,-6.12323399574e-17,6.12323426293e-17,0.5,,0.0487998314202,-0.04415762797,0.00886011123657,,0.202356204391,0.0384586490691,5.29030132294,-1.57079637051,-0.0
1520440561094981707,,230,,1520440561,41379328,'',1,0,,-6.12323399574e-17,6.12323426293e-17,0.5,,0.0506275445223,-0.0398205704987,0.00596162676811,,0.207656607032,0.0080404188484,5.29575443268,-1.57079637051,-0.0
1520440561174510879,,231,,1520440561,143497728,'',1,0,,-6.12323399574e-17,6.12323426293e-17,0.5,,0.0495856516063,-0.0362461730838,0.0074422955513,,0.227085143328,0.0602300055325,5.24572753906,-1.57079637051,-0.0
1520440561291753246,,232,,1520440561,258552192,'',1,0,,-6.12323399574e-17,6.12323426293e-17,0.5,,0.0535510629416,-0.0327310599387,-0.000219583511353,,0.218876838684,0.0261655524373,5.26207399368,-1.57079637051,-0.0
1520440561377282169,,233,,1520440561,348495332,'',1,0,,-6.12323399574e-17,6.12323426293e-17,0.5,,0.0548054240644,-0.0313222445548,-0.0037853717804,,0.258997946978,0.0321722142398,5.21782016754,-1.57079637051,-0.0
1520440561477755468,,234,,1520440561,465018212,'',1,0,,-6.12323399574e-17,6.12323426293e-17,0.5,,0.0568713657558,-0.0299010612071,-0.00627082586288,,0.241861596704,-0.00891826674342,5.22667455673,-1.57079637051,-0.0
1520440561595076704,,235,,1520440561,563987072,'',1,0,,-6.12323399574e-17,6.12323426293e-17,0.5,,0.0563967712224,-0.0263368040323,-0.00022828578949,,0.272988468409,0.0172372180969,5.20672035217,-1.57079637051,-0.0
1520440561679506169,,236,,1520440561,634006375,'',1,0,,-6.12323399574e-17,6.12323426293e-17,0.5,,0.0575730092824,-0.0249065756798,0.0035200715065,,0.261961996555,-0.0366220697761,5.2242398262,-1.57079637051,-0.0
1520440561777748635,,237,,1520440561,762326305,'',1,0,,-6.12323399574e-17,6.12323426293e-17,0.5,,0.0577367767692,-0.0243245530874,0.0108255147934,,0.276730656624,-0.0319185182452,5.2670006752,-1.57079637051,-0.0
1520440561877000970,,238,,1520440561,863291072,'',1,0,,-6.12323399574e-17,6.12323426293e-17,0.5,,0.058307133615,-0.0256857387722,0.0175860822201,,0.24617575109,-0.0184366833419,5.26684379578,-1.57079637051,-0.0
1520440561971541323,,239,,1520440561,964731584,'',1,0,,-6.12323399574e-17,6.12323426293e-17,0.5,,0.0574606098235,-0.0265616197139,0.0245572924614,,0.259090602398,-0.0115962531418,5.2356338501,-1.57079637051,-0.0
1520440562084521268,,240,,1520440562,53860669,'',1,0,,-6.12323399574e-17,6.12323426293e-17,0.5,,0.0576146952808,-0.0283734202385,0.0276261270046,,0.237428709865,-0.0412330031395,5.26271772385,-1.57079637051,-0.0
1520440562173052450,,241,,1520440562,152786112,'',1,0,,-6.12323399574e-17,6.12323426293e-17,0.5,,0.0566920302808,-0.0280992444605,0.0308773517609,,0.260787039995,0.0275929477066,5.22799968719,-1.57079637051,-0.0
1520440562266878021,,242,,1520440562,255017408,'',1,0,,-6.12323399574e-17,6.12323426293e-17,0.5,,0.055893316865,-0.0273492801934,0.0337410569191,,0.229988634586,0.000214880303247,5.25302457809,-1.57079637051,-0.0
1520440562368564120,,243,,1520440562,359639232,'',1,0,,-6.12323399574e-17,6.12323426293e-17,0.5,,0.0540125742555,-0.0255838204175,0.0369799733162,,0.257639855146,0.012872970663,5.20746994019,-1.57079637051,-0.0
1520440562471406598,,244,,1520440562,438060690,'',1,0,,-6.12323399574e-17,6.12323426293e-17,0.5,,0.0529652051628,-0.0247723069042,0.0381446480751,,0.203601643443,-0.00936250388622,5.26116943359,-1.57079637051,-0.0
1520440562572753162,,245,,1520440562,556453636,'',1,0,,-6.12323399574e-17,6.12323426293e-17,0.5,,0.0502982474864,-0.0229485761374,0.0403630435467,,0.234196573496,0.00172858941369,5.25569343567,-1.57079637051,-0.0
1520440562676164239,,246,,1520440562,658264000,'',1,0,,-6.12323399574e-17,6.12323426293e-17,0.5,,0.0468579642475,-0.0206925515085,0.0434681773186,,0.214056164026,0.0366098843515,5.23650741577,-1.57079637051,-0.0
1520440562777190527,,247,,1520440562,759822592,'',1,0,,-6.12323399574e-17,6.12323426293e-17,0.5,,0.0435088276863,-0.0182095076889,0.0436801314354,,0.21679148078,-0.00793641991913,5.21456623077,-1.57079637051,-0.0
1520440562878149994,,248,,1520440562,856645056,'',1,0,,-6.12323399574e-17,6.12323426293e-17,0.5,,0.0737627446651,-0.0426495708525,-0.111667513847,,0.288675814867,-0.00430052867159,4.7357711792,-1.57079637051,-0.0
1520440563001087136,,249,,1520440562,960827840,'',1,0,,-6.12323399574e-17,6.12323426293e-17,0.5,,0.0732882842422,-0.0431809611619,-0.122169971466,,0.206369638443,-0.00101538759191,5.02331113815,-1.57079637051,-0.0
1520440563092694800,,250,,1520440563,61462464,'',1,0,,-6.12323399574e-17,6.12323426293e-17,0.5,,0.0727979615331,-0.0468778572977,-0.113414287567,,0.230980038643,-0.0177291799337,5.17273950577,-1.57079637051,-0.0
1520440563193839125,,251,,1520440563,149643781,'',1,0,,-6.12323399574e-17,6.12323426293e-17,0.5,,0.0694241523743,-0.0473277717829,-0.100310206413,,0.241935446858,-0.0430376380682,5.19964885712,-1.57079637051,-0.0
1520440563282355050,,252,,1520440563,248025280,'',1,0,,-6.12323399574e-17,6.12323426293e-17,0.5,,0.0657603144646,-0.0474980250001,-0.0852513313293,,0.227952823043,-0.0481839030981,5.29116773605,-1.57079637051,-0.0
1520440563391664087,,253,,1520440563,361791672,'',1,0,,-6.12323399574e-17,6.12323426293e-17,0.5,,0.0609566606581,-0.0469647943974,-0.0688596963882,,0.217586115003,0.0148057322949,5.26837110519,-1.57079637051,-0.0
1520440563475452297,,254,,1520440563,450255771,'',1,0,,-6.12323399574e-17,6.12323426293e-17,0.5,,0.0563702955842,-0.0447757877409,-0.0565305948257,,0.21165664494,0.0195617545396,5.23684263229,-1.57079637051,-0.0
1520440563572308514,,255,,1520440563,551920896,'',1,0,,-6.12323399574e-17,6.12323426293e-17,0.5,,0.0509484149516,-0.0411261953413,-0.0448532104492,,0.225930482149,0.00111025024671,5.25513648987,-1.57079637051,-0.0
1520440563671795507,,256,,1520440563,650646528,'',1,0,,-6.12323399574e-17,6.12323426293e-17,0.5,,0.0454748719931,-0.0372194722295,-0.0344108343124,,0.187433481216,0.0335947088897,5.25162553787,-1.57079637051,-0.0
1520440563776344214,,257,,1520440563,753847808,'',1,0,,-6.12323399574e-17,6.12323426293e-17,0.5,,0.0402963347733,-0.0320427082479,-0.0289409160614,,0.239698767662,-0.00295491633005,5.09045648575,-1.57079637051,-0.0
1520440563870769359,,258,,1520440563,857480960,'',1,0,,-6.12323399574e-17,6.12323426293e-17,0.5,,0.0367482155561,-0.0272649489343,-0.0280047655106,,0.235407292843,0.0465415343642,5.07735776901,-1.57079637051,-0.0
1520440563971971100,,259,,1520440563,956931840,'',1,0,,-6.12323399574e-17,6.12323426293e-17,0.5,,0.0335367918015,-0.0223315823823,-0.0255255699158,,0.172665700316,0.027866140008,5.22491979599,-1.57079637051,-0.0
1520440564067067327,,260,,1520440564,62069760,'',1,0,,-6.12323399574e-17,6.12323426293e-17,0.5,,0.0675505772233,-0.0500254519284,-3.35574150085e-05,,0.299062788486,-0.0587360858917,5.29585123062,-1.57079637051,-0.0
1520440564174046820,,261,,1520440564,157580032,'',1,0,,-6.12323399574e-17,6.12323426293e-17,0.5,,0.0817258134484,-0.0608428604901,0.0202380716801,,0.284625917673,-0.00460243178532,5.35896587372,-1.57079637051,-0.0
1520440564276708392,,262,,1520440564,266602112,'',1,0,,-6.12323399574e-17,6.12323426293e-17,0.5,,0.0857054591179,-0.0624703727663,0.0312724709511,,0.275253593922,-0.0119986273348,5.27710103989,-1.57079637051,-0.0
1520440564372034564,,263,,1520440564,358437632,'',1,0,,-6.12323399574e-17,6.12323426293e-17,0.5,,0.0864480659366,-0.0611611306667,0.0374800562859,,0.248192623258,0.0589017756283,5.22533369064,-1.57079637051,-0.0
1520440564477565564,,264,,1520440564,458046976,'',1,0,,-6.12323399574e-17,6.12323426293e-17,0.5,,0.0888437181711,-0.0608544237912,0.0426807701588,,0.22951425612,0.0909120813012,5.15390014648,-1.57079637051,-0.0
1520440564588626485,,265,,1520440564,562027776,'',1,0,,-6.12323399574e-17,6.12323426293e-17,0.5,,0.0882916226983,-0.0570825189352,0.0419756770134,,0.260065972805,0.0570971816778,5.06225967407,-1.57079637051,-0.0
1520440564683977729,,266,,1520440564,657802048,'',1,0,,-6.12323399574e-17,6.12323426293e-17,0.5,,0.0892325863242,-0.0579790435731,0.045862942934,,0.243163213134,0.0816987529397,5.12238168716,-1.57079637051,-0.0
1520440564816855367,,267,,1520440564,771414464,'',1,0,,-6.12323399574e-17,6.12323426293e-17,0.5,,0.0834669992328,-0.0495000779629,0.0455222427845,,0.184178397059,0.058061607182,5.23527860641,-1.57079637051,-0.0
1520440564898020253,,268,,1520440564,860496578,'',1,0,,-6.12323399574e-17,6.12323426293e-17,0.5,,0.0898469910026,-0.058389544487,0.0566479563713,,0.29413023591,0.00359647651203,5.17364597321,-1.57079637051,-0.0
1520440564973137225,,269,,1520440564,952303424,'',1,0,,-6.12323399574e-17,6.12323426293e-17,0.5,,0.0902170389891,-0.0594697743654,0.0621691942215,,0.24627289176,0.0661493167281,5.16868495941,-1.57079637051,-0.0
1520440565076241278,,270,,1520440565,57839680,'',1,0,,-6.12323399574e-17,6.12323426293e-17,0.5,,0.0879199951887,-0.055149000138,0.0593889951706,,0.244500085711,0.0897227525711,5.07976865768,-1.57079637051,-0.0
1520440565194030007,,271,,1520440565,156627776,'',1,0,,-6.12323399574e-17,6.12323426293e-17,0.5,,0.0888369306922,-0.0589463673532,0.0648631155491,,0.245190382004,0.0606286115944,5.06333732605,-1.57079637051,-0.0
1520440565280988518,,272,,1520440565,252126784,'',1,0,,-6.12323399574e-17,6.12323426293e-17,0.5,,0.0872819125652,-0.0569368600845,0.0640580058098,,0.251465767622,0.0502390377223,5.07769393921,-1.57079637051,-0.0
1520440565376367343,,273,,1520440565,363971223,'',1,0,,-6.12323399574e-17,6.12323426293e-17,0.5,,0.0832645967603,-0.0628911480308,0.0775684416294,,0.199071407318,0.0576354041696,5.13927555084,-1.57079637051,-0.0
1520440565477034007,,274,,1520440565,459904576,'',1,0,,-6.12323399574e-17,6.12323426293e-17,0.5,,0.0787068083882,-0.0649243742228,0.0845234692097,,0.199453160167,-0.000446459423984,5.19362926483,-1.57079637051,-0.0
1520440565576359740,,275,,1520440565,560268608,'',1,0,,-6.12323399574e-17,6.12323426293e-17,0.5,,0.074878975749,-0.0685457065701,0.092443048954,,0.22423556447,0.0233274102211,5.17254495621,-1.57079637051,-0.0
1520440565676505562,,276,,1520440565,661381696,'',1,0,,-6.12323399574e-17,6.12323426293e-17,0.5,,0.0720007717609,-0.0739494040608,0.100206315517,,0.227861851454,0.0413719117641,5.13474607468,-1.57079637051,-0.0
1520440565785515967,,277,,1520440565,770813952,'',1,0,,-6.12323399574e-17,6.12323426293e-17,0.5,,0.0674718022346,-0.0759939178824,0.103260010481,,0.186936676502,-0.0359063185751,5.19139146805,-1.57079637051,-0.0
1520440565872512006,,278,,1520440565,856301184,'',1,0,,-6.12323399574e-17,6.12323426293e-17,0.5,,0.0639530867338,-0.0827725231647,0.111328303814,,0.191562950611,-0.0171764921397,5.27442932129,-1.57079637051,-0.0
1520440566001259726,,279,,1520440565,960682880,'',1,0,,-6.12323399574e-17,6.12323426293e-17,0.5,,0.0605961345136,-0.0889284908772,0.114764630795,,0.22123350203,-0.120664261281,5.35469388962,-1.57079637051,-0.0
1520440566076582663,,280,,1520440566,64945280,'',1,0,,-6.12323399574e-17,6.12323426293e-17,0.5,,0.0538640059531,-0.0916810780764,0.113758385181,,0.145831868052,-0.0479924716055,5.30877542496,-1.57079637051,-0.0
1520440566190811048,,281,,1520440566,164830592,'',1,0,,-6.12323399574e-17,6.12323426293e-17,0.5,,0.0555815175176,-0.096033513546,0.105486541986,,0.23017385602,-0.0701917111874,5.17348003387,-1.57079637051,-0.0
1520440566271245553,,282,,1520440566,263559296,'',1,0,,-6.12323399574e-17,6.12323426293e-17,0.5,,0.0514390319586,-0.097061753273,0.0936053395271,,0.19661064446,-0.0409659221768,5.16438436508,-1.57079637051,-0.0
1520440566375787811,,283,,1520440566,358550912,'',1,0,,-6.12323399574e-17,6.12323426293e-17,0.5,,0.0534524656832,-0.0977499708533,0.0796122550964,,0.216917023063,-0.0186287593096,5.10250091553,-1.57079637051,-0.0
1520440566477583401,,284,,1520440566,467896320,'',1,0,,-6.12323399574e-17,6.12323426293e-17,0.5,,0.0549165867269,-0.0973364040256,0.0672607421875,,0.275802761316,0.00254019349813,5.09929609299,-1.57079637051,-0.0
1520440566577705774,,285,,1520440566,569563658,'',1,0,,-6.12323399574e-17,6.12323426293e-17,0.5,,0.0545026808977,-0.092582911253,0.0591605007648,,0.258482426405,0.0016246906016,5.12286043167,-1.57079637051,-0.0
1520440566677211922,,286,,1520440566,678631232,'',1,0,,-6.12323399574e-17,6.12323426293e-17,0.5,,0.0554425157607,-0.0925313457847,0.0498700141907,,0.307667165995,-0.0144673744217,5.05465698242,-1.57079637051,-0.0
1520440566772331477,,287,,1520440566,768034944,'',1,0,,-6.12323399574e-17,6.12323426293e-17,0.5,,0.0554070882499,-0.0940231531858,0.0456854999065,,0.228539586067,-0.0140477735549,5.1781744957,-1.57079637051,-0.0
1520440566873867441,,288,,1520440566,863720128,'',1,0,,-6.12323399574e-17,6.12323426293e-17,0.5,,0.0534024946392,-0.0944694653153,0.042631983757,,0.238442733884,-0.036565028131,5.14984369278,-1.57079637051,-0.0
1520440566977219390,,289,,1520440566,962323392,'',1,0,,-6.12323399574e-17,6.12323426293e-17,0.5,,0.0507761575282,-0.0930596366525,0.0401509404182,,0.225627735257,0.00408202689141,5.08487462997,-1.57079637051,-0.0
1520440567076156662,,290,,1520440567,70882688,'',1,0,,-6.12323399574e-17,6.12323426293e-17,0.5,,0.0468705371022,-0.0913751870394,0.0399272739887,,0.199074015021,-0.0222467780113,5.13013267517,-1.57079637051,-0.0
1520440567172475139,,291,,1520440567,158530496,'',1,0,,-6.12323399574e-17,6.12323426293e-17,0.5,,0.0438267476857,-0.088181629777,0.039671510458,,0.273228853941,0.0807938203216,4.99399328232,-1.57079637051,-0.0
1520440567280170850,,292,,1520440567,258248640,'',1,0,,-6.12323399574e-17,6.12323426293e-17,0.5,,0.0406683571637,-0.0859602615237,0.0430766046047,,0.19328674674,-0.0169090311974,5.20763874054,-1.57079637051,-0.0
1520440567395299915,,293,,1520440567,360405440,'',1,0,,-6.12323399574e-17,6.12323426293e-17,0.5,,0.0371251106262,-0.0824614092708,0.0487059354782,,0.255573391914,0.0615311898291,5.15350961685,-1.57079637051,-0.0
1520440567494576534,,294,,1520440567,464780992,'',1,0,,-6.12323399574e-17,6.12323426293e-17,0.5,,0.0344127006829,-0.0729492008686,0.0500686168671,,0.18537914753,0.0201691966504,5.34135293961,-1.57079637051,-0.0
1520440567577315637,,295,,1520440567,560545472,'',1,0,,-6.12323399574e-17,6.12323426293e-17,0.5,,0.0312115568668,-0.0760852918029,0.0590083599091,,0.208774790168,0.0194210149348,5.35306835175,-1.57079637051,-0.0
1520440567682278484,,296,,1520440567,675527552,'',1,0,,-6.12323399574e-17,6.12323426293e-17,0.5,,0.0295181702822,-0.0767175331712,0.0632605850697,,0.270096898079,-0.0664090365171,5.29069375992,-1.57079637051,-0.0
1520440567776848863,,297,,1520440567,764373440,'',1,0,,-6.12323399574e-17,6.12323426293e-17,0.5,,0.0251641832292,-0.0799967646599,0.064400434494,,0.235448539257,-0.0618480853736,5.29225444794,-1.57079637051,-0.0
1520440567894336645,,298,,1520440567,867650048,'',1,0,,-6.12323399574e-17,6.12323426293e-17,0.5,,0.0222554951906,-0.0761919170618,0.0632936954498,,0.205851316452,0.0405225791037,5.21668624878,-1.57079637051,-0.0
1520440567992128467,,299,,1520440567,969669568,'',1,0,,-6.12323399574e-17,6.12323426293e-17,0.5,,0.0222595743835,-0.0774686560035,0.0575411915779,,0.280982613564,-0.0787578076124,5.18052816391,-1.57079637051,-0.0
1520440568077515323,,300,,1520440568,66633984,'',1,0,,-6.12323399574e-17,6.12323426293e-17,0.5,,0.0233502946794,-0.0770900249481,0.0551334619522,,0.232505127788,-0.0432647168636,5.25829696655,-1.57079637051,-0.0
1520440568176370499,,301,,1520440568,181006208,'',1,0,,-6.12323399574e-17,6.12323426293e-17,0.5,,0.0249553434551,-0.0748195201159,0.0532885789871,,0.312296390533,-0.0518718995154,5.17734956741,-1.57079637051,-0.0
1520440568294871775,,302,,1520440568,279762816,'',1,0,,-6.12323399574e-17,6.12323426293e-17,0.5,,0.0292861238122,-0.074760004878,0.0500483512878,,0.294877678156,-0.099264241755,5.21417427063,-1.57079637051,-0.0
1520440568412085429,,303,,1520440568,374733568,'',1,0,,-6.12323399574e-17,6.12323426293e-17,0.5,,0.032516553998,-0.0744872316718,0.0496673882008,,0.28268417716,-0.0351903736591,5.26309108734,-1.57079637051,-0.0
1520440568485535568,,304,,1520440568,450360583,'',1,0,,-6.12323399574e-17,6.12323426293e-17,0.5,,0.0365617312491,-0.0730147585273,0.0481248795986,,0.295721888542,-0.0396572798491,5.1840634346,-1.57079637051,-0.0
1520440568589456281,,305,,1520440568,563787206,'',1,0,,-6.12323399574e-17,6.12323426293e-17,0.5,,0.0397565290332,-0.0712725818157,0.0452257096767,,0.265678614378,-0.0131278065965,5.17499494553,-1.57079637051,-0.0
1520440568674876974,,306,,1520440568,664503296,'',1,0,,-6.12323399574e-17,6.12323426293e-17,0.5,,0.0421197861433,-0.0672886222601,0.0406121313572,,0.307742893696,-0.0198850836605,5.13524913788,-1.57079637051,-0.0
1520440568777533879,,307,,1520440568,759377152,'',1,0,,-6.12323399574e-17,6.12323426293e-17,0.5,,0.0436994172633,-0.0622041746974,0.0387350916862,,0.239534497261,0.0480967536569,5.20735549927,-1.57079637051,-0.0
1520440568879857902,,308,,1520440568,862357760,'',1,0,,-6.12323399574e-17,6.12323426293e-17,0.5,,0.0443961136043,-0.0556596405804,0.0358768999577,,0.297557353973,-0.00673759914935,5.14828634262,-1.57079637051,-0.0
1520440569001278002,,309,,1520440568,961874944,'',1,0,,-6.12323399574e-17,6.12323426293e-17,0.5,,0.0444269888103,-0.0488561950624,0.0329475402832,,0.246200621128,0.051695279777,5.18390512466,-1.57079637051,-0.0
1520440569078144285,,310,,1520440569,66585664,'',1,0,,-6.12323399574e-17,6.12323426293e-17,0.5,,0.0448681861162,-0.0410688444972,0.0304152369499,,0.304998219013,0.00202448572963,5.16763353348,-1.57079637051,-0.0
1520440569198684070,,311,,1520440569,169068352,'',1,0,,-6.12323399574e-17,6.12323426293e-17,0.5,,0.0446888282895,-0.033962611109,0.0286751687527,,0.238924890757,0.084504917264,5.15441417694,-1.57079637051,-0.0
1520440569276904814,,312,,1520440569,268678208,'',1,0,,-6.12323399574e-17,6.12323426293e-17,0.5,,0.0433023571968,-0.0256160050631,0.0263895988464,,0.291090577841,0.0132663585246,5.16937828064,-1.57079637051,-0.0
1520440569400160060,,313,,1520440569,372405568,'',1,0,,-6.12323399574e-17,6.12323426293e-17,0.5,,0.04250690341,-0.0181896816939,0.0246460139751,,0.222449496388,0.0992517918348,5.16726255417,-1.57079637051,-0.0
1520440569492205860,,314,,1520440569,470107200,'',1,0,,-6.12323399574e-17,6.12323426293e-17,0.5,,0.0406239181757,-0.00891847908497,0.0226792693138,,0.286559641361,0.0439187251031,5.15754652023,-1.57079637051,-0.0
1520440569582894428,,315,,1520440569,562256468,'',1,0,,-6.12323399574e-17,6.12323426293e-17,0.5,,-0.0254150703549,0.00488245487213,-0.0227939486504,,0.0749891400337,0.11490201205,5.05339622498,-1.57079637051,-0.0
1520440569693624143,,316,,1520440569,666704695,'',1,0,,-6.12323399574e-17,6.12323426293e-17,0.5,,-0.0774674862623,0.0133755868301,-0.0540179610252,,0.0704266875982,0.112920001149,4.98142385483,-1.57079637051,-0.0
1520440569807617226,,317,,1520440569,754294468,'',1,0,,-6.12323399574e-17,6.12323426293e-17,0.5,,-0.0920498147607,0.0172219220549,-0.0517172813416,,0.0648889616132,0.0895653888583,5.09854888916,-1.57079637051,-0.0
1520440569882155245,,318,,1520440569,869955395,'',1,0,,-6.12323399574e-17,6.12323426293e-17,0.5,,-0.0996947661042,0.0222529508173,-0.047207057476,,0.116456583142,0.0600270479918,5.15991687775,-1.57079637051,-0.0
1520440570003787030,,319,,1520440569,967129664,'',1,0,,-6.12323399574e-17,6.12323426293e-17,0.5,,-0.110754460096,0.0172262191772,-0.0306455492973,,0.100440897048,0.0730246007442,5.21162414551,-1.57079637051,-0.0
1520440570100839810,,320,,1520440570,67808576,'',1,0,,-6.12323399574e-17,6.12323426293e-17,0.5,,-0.114836148918,0.0157228130847,-0.0220160484314,,0.146496281028,0.0400688201189,5.22406053543,-1.57079637051,-0.0
1520440570191850640,,321,,1520440570,169071168,'',1,0,,-6.12323399574e-17,6.12323426293e-17,0.5,,-0.117671787739,0.0156023046002,-0.0146096944809,,0.081257134676,0.129376649857,5.23385286331,-1.57079637051,-0.0
1520440570293764854,,322,,1520440570,254963398,'',1,0,,-6.12323399574e-17,6.12323426293e-17,0.5,,-0.118499979377,0.0219553019851,-0.0104874372482,,0.160751566291,0.0482316613197,5.19896936417,-1.57079637051,-0.0
1520440570397182146,,323,,1520440570,355402880,'',1,0,,-6.12323399574e-17,6.12323426293e-17,0.5,,-0.116434767842,0.0257315970957,-0.00726515054703,,0.148541539907,0.0746097937226,5.1934223175,-1.57079637051,-0.0
1520440570475534025,,324,,1520440570,480689399,'',1,0,,-6.12323399574e-17,6.12323426293e-17,0.5,,-0.111600749195,0.0283898152411,-0.0046933889389,,0.21730850637,0.0119875427336,5.18360805511,-1.57079637051,-0.0
1520440570601141668,,325,,1520440570,564813952,'',1,0,,-6.12323399574e-17,6.12323426293e-17,0.5,,-0.10518142581,0.0273948386312,-0.00168412923813,,0.186764121056,0.0128435697407,5.25656270981,-1.57079637051,-0.0
1520440570705019827,,326,,1520440570,669020032,'',1,0,,-6.12323399574e-17,6.12323426293e-17,0.5,,-0.0969987735152,0.0253194011748,0.0015232861042,,0.220341235399,-0.0179382879287,5.21408319473,-1.57079637051,-0.0
1520440570778040099,,327,,1520440570,753060533,'',1,0,,-6.12323399574e-17,6.12323426293e-17,0.5,,-0.0877652168274,0.0209676623344,0.0035588145256,,0.240181058645,-0.00490634422749,5.14657926559,-1.57079637051,-0.0
1520440570877381310,,328,,1520440570,864302643,'',1,0,,-6.12323399574e-17,6.12323426293e-17,0.5,,-0.0778361111879,0.0150106763467,0.00382077693939,,0.236906975508,-0.0691234320402,5.20504760742,-1.57079637051,-0.0
1520440570990841776,,329,,1520440570,964179072,'',1,0,,-6.12323399574e-17,6.12323426293e-17,0.5,,-0.0680131912231,0.0076650721021,0.00537952780724,,0.253112375736,-0.0640556812286,5.1733956337,-1.57079637051,-0.0
1520440571081683726,,330,,1520440571,60532096,'',1,0,,-6.12323399574e-17,6.12323426293e-17,0.5,,-0.0589379668236,-0.000930505106226,0.00556963682175,,0.217778772116,-0.0394552014768,5.16137170792,-1.57079637051,-0.0
1520440571185607247,,331,,1520440571,164365952,'',1,0,,-6.12323399574e-17,6.12323426293e-17,0.5,,-0.0507013350725,-0.00771655375138,0.00349974632263,,0.266194075346,-0.0431359298527,5.08662652969,-1.57079637051,-0.0
1520440571275868911,,332,,1520440571,264911808,'',1,0,,-6.12323399574e-17,6.12323426293e-17,0.5,,-0.0431217215955,-0.0119101600721,0.00030255317688,,0.248352155089,0.00981073547155,5.08606004715,-1.57079637051,-0.0
1520440571378390730,,333,,1520440571,363899584,'',1,0,,-6.12323399574e-17,6.12323426293e-17,0.5,,-0.0957124009728,-0.0840526223183,0.0232278108597,,0.134756267071,-0.0742495208979,5.11707782745,-1.57079637051,-0.0
1520440571477863250,,334,,1520440571,463560128,'',1,0,,-6.12323399574e-17,6.12323426293e-17,0.5,,-0.104036800563,-0.0949542596936,0.0273780226707,,0.0930675938725,-0.0772609561682,5.29353952408,-1.57079637051,-0.0
1520440571592708659,,335,,1520440571,566768000,'',1,0,,-6.12323399574e-17,6.12323426293e-17,0.5,,-0.106043182313,-0.0976485535502,0.0306361913681,,0.12863779068,-0.0979207158089,5.37307786942,-1.57079637051,-0.0
1520440571676044834,,336,,1520440571,666604992,'',1,0,,-6.12323399574e-17,6.12323426293e-17,0.5,,-0.10747153312,-0.0992516279221,0.0300551652908,,0.113589674234,-0.00654959538952,5.28510713577,-1.57079637051,-0.0
1520440571776330865,,337,,1520440571,764719808,'',1,0,,-6.12323399574e-17,6.12323426293e-17,0.5,,-0.107595995069,-0.10221670568,0.0179093182087,,0.127291604877,-0.0226594749838,5.19908571243,-1.57079637051,-0.0
1520440571872330449,,338,,1520440571,863287232,'',1,0,,-6.12323399574e-17,6.12323426293e-17,0.5,,-0.105699926615,-0.101096890867,0.00732427835464,,0.130661249161,-0.0290151536465,5.10763311386,-1.57079637051,-0.0
1520440571983025476,,339,,1520440571,965734592,'',1,0,,-6.12323399574e-17,6.12323426293e-17,0.5,,-0.104155562818,-0.0968084186316,0.000110536813736,,0.142085194588,-0.0149395344779,5.08397579193,-1.57079637051,-0.0
1520440572101206977,,340,,1520440572,64549824,'',1,0,,-6.12323399574e-17,6.12323426293e-17,0.5,,-0.0978683084249,-0.099718362093,-0.011999130249,,0.168590441346,-0.00439432403073,5.07741212845,-1.57079637051,-0.0
1520440572205851967,,341,,1520440572,168870848,'',1,0,,-6.12323399574e-17,6.12323426293e-17,0.5,,-0.0926092639565,-0.0971721708775,-0.0161821842194,,0.140369996428,0.015756778419,5.17055702209,-1.57079637051,-0.0
1520440572284834152,,342,,1520440572,268748544,'',1,0,,-6.12323399574e-17,6.12323426293e-17,0.5,,-0.0878818929195,-0.0961087867618,-0.0174079537392,,0.168501198292,-0.0264896098524,5.26424789429,-1.57079637051,-0.0
1520440572372189471,,343,,1520440572,365410560,'',1,0,,-6.12323399574e-17,6.12323426293e-17,0.5,,-0.0772045403719,-0.0947735533118,-0.0222814083099,,0.242852091789,-0.0246001929045,5.18239164352,-1.57079637051,-0.0
1520440572482603898,,344,,1520440572,465931264,'',1,0,,-6.12323399574e-17,6.12323426293e-17,0.5,,-0.0653985738754,-0.0934536904097,-0.0276190042496,,0.236212790012,0.00765435770154,5.15441513062,-1.57079637051,-0.0
1520440572576102896,,345,,1520440572,567981248,'',1,0,,-6.12323399574e-17,6.12323426293e-17,0.5,,-0.0578093118966,-0.090016067028,-0.0292919874191,,0.236011683941,0.0075935269706,5.13862752914,-1.57079637051,-0.0
1520440572693756107,,346,,1520440572,670867712,'',1,0,,-6.12323399574e-17,6.12323426293e-17,0.5,,-0.0524346642196,-0.0903756022453,-0.0327258110046,,0.258163362741,-0.055958122015,5.15179491043,-1.57079637051,-0.0
1520440572787551486,,347,,1520440572,771947264,'',1,0,,-6.12323399574e-17,6.12323426293e-17,0.5,,-0.0388244427741,-0.0856533795595,-0.036524772644,,0.231434479356,0.0468653552234,5.12453985214,-1.57079637051,-0.0
1520440572911412073,,348,,1520440572,869742592,'',1,0,,-6.12323399574e-17,6.12323426293e-17,0.5,,-0.0311539620161,-0.0839129015803,-0.0400319695473,,0.2484818995,0.0124433683231,5.1230764389,-1.57079637051,-0.0
1520440572977286897,,349,,1520440572,974161152,'',1,0,,-6.12323399574e-17,6.12323426293e-17,0.5,,-0.0227256342769,-0.0752391219139,-0.039950966835,,0.269723445177,0.0603680275381,5.07756996155,-1.57079637051,-0.0
1520440573077585963,,350,,1520440573,72957440,'',1,0,,-6.12323399574e-17,6.12323426293e-17,0.5,,-0.00811196491122,-0.0696609392762,-0.0448793768883,,0.265119880438,0.0190542731434,5.09970617294,-1.57079637051,-0.0
1520440573181988600,,351,,1520440573,169144640,'',1,0,,-6.12323399574e-17,6.12323426293e-17,0.5,,-0.00425094878301,-0.067749209702,-0.0445264577866,,0.27315223217,-0.000786526536103,5.10888004303,-1.57079637051,-0.0
1520440573286353951,,352,,1520440573,266787392,'',1,0,,-6.12323399574e-17,6.12323426293e-17,0.5,,0.00407405709848,-0.0625696629286,-0.0441194176674,,0.242520004511,-0.00292730284855,5.14886188507,-1.57079637051,-0.0
1520440573394334671,,353,,1520440573,365895424,'',1,0,,-6.12323399574e-17,6.12323426293e-17,0.5,,0.0133748687804,-0.0526925697923,-0.0416859388351,,0.269698828459,-0.000898602069356,5.08696222305,-1.57079637051,-0.0
1520440573480732540,,354,,1520440573,462809920,'',1,0,,-6.12323399574e-17,6.12323426293e-17,0.5,,0.0174853354692,-0.0466629713774,-0.0402528047562,,0.278693407774,0.0898679420352,5.02190303802,-1.57079637051,-0.0
1520440573581189133,,355,,1520440573,562272064,'',1,0,,-6.12323399574e-17,6.12323426293e-17,0.5,,0.0235618632287,-0.0335531756282,-0.0301498174667,,0.247565671802,0.08766682446,5.13612985611,-1.57079637051,-0.0
1520440573676894412,,356,,1520440573,664277056,'',1,0,,-6.12323399574e-17,6.12323426293e-17,0.5,,0.0266519896686,-0.0240743421018,-0.0204694271088,,0.240570142865,0.0361147634685,5.23956775665,-1.57079637051,-0.0
1520440573783445388,,357,,1520440573,762548992,'',1,0,,-6.12323399574e-17,6.12323426293e-17,0.5,,0.0280297771096,-0.013846097514,-0.00913035869598,,0.224787548184,0.133020684123,5.2807393074,-1.57079637051,-0.0
1520440573876471126,,358,,1520440573,864558592,'',1,0,,-6.12323399574e-17,6.12323426293e-17,0.5,,0.028514733538,-0.00303691532463,-0.00323355197906,,0.267399221659,0.0917584225535,5.24139928818,-1.57079637051,-0.0
1520440573975109726,,359,,1520440573,967391040,'',1,0,,-6.12323399574e-17,6.12323426293e-17,0.5,,0.0285052247345,0.00720399431884,0.00370770692825,,0.226076334715,0.157320857048,5.26796579361,-1.57079637051,-0.0
1520440574076083367,,360,,1520440574,72680256,'',1,0,,-6.12323399574e-17,6.12323426293e-17,0.5,,0.02858225815,0.0176481418312,0.00614243745804,,0.258785486221,0.131649300456,5.14145231247,-1.57079637051,-0.0
1520440574175971460,,361,,1520440574,168535872,'',1,0,,-6.12323399574e-17,6.12323426293e-17,0.5,,0.0272213667631,0.0274830646813,0.00626736879349,,0.230630874634,0.134360209107,5.13745450974,-1.57079637051,-0.0
1520440574277196436,,362,,1520440574,271986496,'',1,0,,-6.12323399574e-17,6.12323426293e-17,0.5,,0.0265179071575,0.036406699568,0.0044419169426,,0.255641698837,0.0687457174063,5.14079713821,-1.57079637051,-0.0
1520440574381831483,,363,,1520440574,373842752,'',1,0,,-6.12323399574e-17,6.12323426293e-17,0.5,,0.0259228795767,0.0413485281169,0.00367137789726,,0.227528780699,0.114968389273,5.11434268951,-1.57079637051,-0.0
1520440574482018012,,364,,1520440574,468168768,'',1,0,,-6.12323399574e-17,6.12323426293e-17,0.5,,0.0243952199817,0.0465438738465,0.000665754079819,,0.208149269223,0.0448569692671,5.10780620575,-1.57079637051,-0.0
1520440574590973200,,365,,1520440574,564846400,'',1,0,,-6.12323399574e-17,6.12323426293e-17,0.5,,0.0215379297733,0.0486587956548,0.000115096569061,,0.206699565053,0.109586715698,5.16345071793,-1.57079637051,-0.0
1520440574721876826,,366,,1520440574,667618880,'',1,0,,-6.12323399574e-17,6.12323426293e-17,0.5,,0.0189454853535,0.0526374019682,-0.00180095434189,,0.193693235517,0.0710033029318,5.13559341431,-1.57079637051,-0.0
1520440574778679156,,367,,1520440574,783174262,'',1,0,,-6.12323399574e-17,6.12323426293e-17,0.5,,0.0152611322701,0.0533637963235,-0.00353598594666,,0.180069252849,0.0504235699773,5.09495162964,-1.57079637051,-0.0
1520440574900381737,,368,,1520440574,876669504,'',1,0,,-6.12323399574e-17,6.12323426293e-17,0.5,,0.0105181410909,0.0507471039891,-0.00461238622665,,0.226551041007,-0.0493159405887,5.09938764572,-1.57079637051,-0.0
1520440575016553485,,369,,1520440574,975331200,'',1,0,,-6.12323399574e-17,6.12323426293e-17,0.5,,0.00731644453481,0.0450990274549,-0.00595986843109,,0.146315023303,0.0456625409424,5.17071914673,-1.57079637051,-0.0
1520440575101261013,,370,,1520440575,77960256,'',1,0,,-6.12323399574e-17,6.12323426293e-17,0.5,,0.00223490572535,0.0411609187722,-0.00779366493225,,0.195569738746,-0.00929340254515,5.07048273087,-1.57079637051,-0.0
1520440575203965200,,371,,1520440575,177090944,'',1,0,,-6.12323399574e-17,6.12323426293e-17,0.5,,0.0122186010703,0.0256255194545,0.024692773819,,0.269694268703,-0.00292349536903,5.14135742188,-1.57079637051,-0.0
1520440575283128236,,372,,1520440575,274980736,'',1,0,,-6.12323399574e-17,6.12323426293e-17,0.5,,0.0165683683008,0.0178937334567,0.0430232286453,,0.188781633973,0.0714903250337,5.22343635559,-1.57079637051,-0.0
1520440575387463179,,373,,1520440575,380151808,'',1,0,,-6.12323399574e-17,6.12323426293e-17,0.5,,0.0162742137909,0.0164513252676,0.0526599884033,,0.207297816873,0.0102234007791,5.25752258301,-1.57079637051,-0.0
1520440575483354000,,374,,1520440575,468340864,'',1,0,,-6.12323399574e-17,6.12323426293e-17,0.5,,0.0134554766119,0.0139671871439,0.0595866441727,,0.144360378385,0.0548880770802,5.32229852676,-1.57079637051,-0.0
1520440575582911229,,375,,1520440575,566191488,'',1,0,,-6.12323399574e-17,6.12323426293e-17,0.5,,0.00944782514125,0.0137056559324,0.0631541013718,,0.143135815859,0.154726430774,5.21294403076,-1.57079637051,-0.0
1520440575692281407,,376,,1520440575,675722752,'',1,0,,-6.12323399574e-17,6.12323426293e-17,0.5,,0.00827913824469,0.0120905665681,0.0592200756073,,0.256092578173,0.0137635366991,5.13708496094,-1.57079637051,-0.0
1520440575805019595,,377,,1520440575,769077696,'',1,0,,-6.12323399574e-17,6.12323426293e-17,0.5,,0.0105646122247,0.00645215855911,0.0553196370602,,0.237534105778,-0.0474033132195,5.15868902206,-1.57079637051,-0.0
1520440575906599810,,378,,1520440575,883139840,'',1,0,,-6.12323399574e-17,6.12323426293e-17,0.5,,0.0104609373957,0.00243709492497,0.051711499691,,0.178303331137,0.036872535944,5.20304727554,-1.57079637051,-0.0
1520440575993288354,,379,,1520440575,975995328,'',1,0,,-6.12323399574e-17,6.12323426293e-17,0.5,,0.0103820506483,-0.00288960337639,0.0457097887993,,0.220412135124,-0.0587926097214,5.17466783524,-1.57079637051,-0.0
1520440576082606489,,380,,1520440576,78271232,'',1,0,,-6.12323399574e-17,6.12323426293e-17,0.5,,0.0115389591083,-0.0112707121298,0.0383777618408,,0.211786001921,-0.0908390805125,5.21169376373,-1.57079637051,-0.0
1520440576192730243,,381,,1520440576,169271232,'',1,0,,-6.12323399574e-17,6.12323426293e-17,0.5,,0.0114739974961,-0.0161319337785,0.032367169857,,0.165532469749,-0.0236321594566,5.24932813644,-1.57079637051,-0.0
1520440576293687311,,382,,1520440576,280534336,'',1,0,,-6.12323399574e-17,6.12323426293e-17,0.5,,0.0116420909762,-0.0211175195873,0.024364978075,,0.205078452826,-0.0725666880608,5.25245904922,-1.57079637051,-0.0
1520440576397488942,,383,,1520440576,369819840,'',1,0,,-6.12323399574e-17,6.12323426293e-17,0.5,,0.0132846608758,-0.0257703047246,0.0174403190613,,0.305338919163,-0.127961933613,5.22236394882,-1.57079637051,-0.0
1520440576511366369,,384,,1520440576,482738496,'',1,0,,-6.12323399574e-17,6.12323426293e-17,0.5,,0.0162309929729,-0.0319136045873,0.00827807188034,,0.283006459475,-0.18009339273,5.21843862534,-1.57079637051,-0.0
1520440576592486913,,385,,1520440576,583131200,'',1,0,,-6.12323399574e-17,6.12323426293e-17,0.5,,0.0177007634193,-0.0326748490334,-0.00463783740997,,0.227142214775,-0.0448527261615,5.17128229141,-1.57079637051,-0.0
1520440576692862775,,386,,1520440576,674131200,'',1,0,,-6.12323399574e-17,6.12323426293e-17,0.5,,0.0186735447496,-0.0332405306399,-0.0117226839066,,0.223644673824,-0.0245721992105,5.16736984253,-1.57079637051,-0.0
1520440576792631730,,387,,1520440576,772636608,'',1,0,,-6.12323399574e-17,6.12323426293e-17,0.5,,0.0215366538614,-0.0343431308866,-0.0199009180069,,0.344839066267,-0.145121693611,5.09164905548,-1.57079637051,-0.0
1520440576893443628,,388,,1520440576,871344832,'',1,0,,-6.12323399574e-17,6.12323426293e-17,0.5,,0.0221924278885,-0.0343685299158,-0.0246126651764,,0.284687489271,-0.136881202459,5.14570665359,-1.57079637051,-0.0
1520440577001027126,,389,,1520440576,980229184,'',1,0,,-6.12323399574e-17,6.12323426293e-17,0.5,,0.0215441808105,-0.0332521609962,-0.0251071453094,,0.245721757412,-0.0312663726509,5.21429872513,-1.57079637051,-0.0
1520440577110310490,,390,,1520440577,85908288,'',1,0,,-6.12323399574e-17,6.12323426293e-17,0.5,,0.0211211312562,-0.0319084487855,-0.0248872637749,,0.311020880938,-0.100739829242,5.20164585114,-1.57079637051,-0.0
1520440577202304415,,391,,1520440577,176908288,'',1,0,,-6.12323399574e-17,6.12323426293e-17,0.5,,0.0211412403733,-0.031769361347,-0.0239850282669,,0.343002259731,-0.201447322965,5.24832725525,-1.57079637051,-0.0
1520440577293826752,,392,,1520440577,284793728,'',1,0,,-6.12323399574e-17,6.12323426293e-17,0.5,,0.0214071068913,-0.0323578454554,-0.0224715471268,,0.276758819818,-0.106021739542,5.24702978134,-1.57079637051,-0.0
1520440577387485698,,393,,1520440577,384793728,'',1,0,,-6.12323399574e-17,6.12323426293e-17,0.5,,0.0153258023784,-0.0233846660703,-0.0255103707314,,0.241537988186,0.0136621398851,5.1647605896,-1.57079637051,-0.0
1520440577493569962,,394,,1520440577,480505984,'',1,0,,-6.12323399574e-17,6.12323426293e-17,0.5,,0.0132305948064,-0.0206827577204,-0.0239758491516,,0.273342430592,-0.0914027392864,5.23186922073,-1.57079637051,-0.0
1520440577606725108,,395,,1520440577,589414495,'',1,0,,-6.12323399574e-17,6.12323426293e-17,0.5,,0.00681583955884,-0.0125911142677,-0.028143286705,,0.287353903055,-0.0981438755989,5.17426538467,-1.57079637051,-0.0
1520440577710114607,,396,,1520440577,690257536,'',1,0,,-6.12323399574e-17,6.12323426293e-17,0.5,,0.00380645669065,-0.00966154411435,-0.0292575955391,,0.220047727227,-0.0645666345954,5.18956232071,-1.57079637051,-0.0
1520440577801858088,,397,,1520440577,789110400,'',1,0,,-6.12323399574e-17,6.12323426293e-17,0.5,,-0.00249523599632,-0.00324637908489,-0.0310882925987,,0.232011988759,0.00884513184428,5.09366083145,-1.57079637051,-0.0
1520440577901311676,,398,,1520440577,886754432,'',1,0,,-6.12323399574e-17,6.12323426293e-17,0.5,,-0.00217355741188,-0.00419454276562,-0.0331562161446,,0.283444792032,-0.102893278003,5.08969688416,-1.57079637051,-0.0
1520440577994206409,,399,,1520440577,982604160,'',1,0,,-6.12323399574e-17,6.12323426293e-17,0.5,,0.000727138947695,-0.00873303599656,-0.0331885814667,,0.226502105594,-0.0379102528095,5.11713600159,-1.57079637051,-0.0
1520440578086157469,,400,,1520440578,81376192,'',1,0,,-6.12323399574e-17,6.12323426293e-17,0.5,,0.00298237381503,-0.011888586916,-0.0322914123535,,0.281465262175,-0.0879735797644,5.12422418594,-1.57079637051,-0.0
1520440578198662030,,401,,1520440578,184087744,'',1,0,,-6.12323399574e-17,6.12323426293e-17,0.5,,0.00631303386763,-0.016658525914,-0.0300161838531,,0.23692509532,-0.0633391514421,5.18308877945,-1.57079637051,-0.0
1520440578311082095,,402,,1520440578,289018816,'',1,0,,-6.12323399574e-17,6.12323426293e-17,0.5,,0.00822325516492,-0.0194853525609,-0.0270331501961,,0.280247658491,-0.0471052415669,5.1305847168,-1.57079637051,-0.0
1520440578393564035,,403,,1520440578,384081024,'',1,0,,-6.12323399574e-17,6.12323426293e-17,0.5,,0.0122283939272,-0.0226794350892,-0.0262649059296,,0.285598784685,-0.088194206357,5.13698720932,-1.57079637051,-0.0
1520440578494261546,,404,,1520440578,482636736,'',1,0,,-6.12323399574e-17,6.12323426293e-17,0.5,,0.0152149088681,-0.0256104897708,-0.0237390398979,,0.266457885504,-0.0593975819647,5.15421199799,-1.57079637051,-0.0
1520440578593231599,,405,,1520440578,580483008,'',1,0,,-6.12323399574e-17,6.12323426293e-17,0.5,,0.0186677277088,-0.0289278198034,-0.0221700072289,,0.280950754881,-0.0849207788706,5.16338062286,-1.57079637051,-0.0
1520440578691683566,,406,,1520440578,681315776,'',1,0,,-6.12323399574e-17,6.12323426293e-17,0.5,,0.0211127605289,-0.0315378308296,-0.0192474722862,,0.264967858791,-0.057881899178,5.16310167313,-1.57079637051,-0.0
1520440578800561176,,407,,1520440578,782354368,'',1,0,,-6.12323399574e-17,6.12323426293e-17,0.5,,0.0243676006794,-0.0345063209534,-0.0189769864082,,0.309902191162,-0.11963249743,5.10388755798,-1.57079637051,-0.0
1520440578906008421,,408,,1520440578,882412480,'',1,0,,-6.12323399574e-17,6.12323426293e-17,0.5,,0.0272566601634,-0.0388823971152,-0.0195935368538,,0.260111778975,-0.107719294727,5.11744117737,-1.57079637051,-0.0
1520440578992680557,,409,,1520440578,980687808,'',1,0,,-0.321554005146,0.0907867774367,-3.93790083155e-17,,4.49776532103e-17,-9.05391462942e-33,-0.367270410061,,-5.44724934505e-16,1.0965207612e-31,4.44801664352,-1.57079637051,-0.0
1520440579094703400,,410,,1520440579,82517696,'',1,0,,-0.321554005146,0.0907867774367,-3.93790083155e-17,,6.12323399574e-17,-1.23259516441e-32,-0.5,,-5.53509225965e-16,1.11420337007e-31,4.51974582672,-1.57079637051,-0.0
1520440579193610404,,411,,1520440579,180883136,'',1,0,,-0.321554005146,0.0907867774367,-3.93790083155e-17,,-0.0144626572728,0.0215394087136,-0.488522946835,,-5.85878493552e-16,1.17936207988e-31,4.78406095505,-1.57079637051,-0.0
1520440579302899158,,412,,1520440579,279926720,'',1,0,,-0.321554005146,0.0907867774367,-3.93790083155e-17,,5.15350972667e-17,-1.03739154395e-32,-0.420816004276,,-6.21344135264e-16,1.25075373094e-31,5.07365989685,-1.57079637051,-0.0
1520440579429473680,,413,,1520440579,381028352,'',1,0,,-0.321554005146,0.0907867774367,-3.93790083155e-17,,4.03643227792e-17,-8.12526013328e-33,-0.329599708319,,-6.53926488797e-16,1.31634137864e-31,5.33971500397,-1.57079637051,-0.0
1520440579493283116,,414,,1520440579,478551488,'',1,0,,-0.321554005146,0.0907867774367,-3.93790083155e-17,,3.44624216633e-17,-6.93721884963e-33,-0.281407028437,,-6.39990119034e-16,1.28828773576e-31,5.22591590881,-1.57079637051,-0.0
1520440579602014104,,415,,1520440579,579518208,'',1,0,,-0.321554005146,0.0907867774367,-3.93790083155e-17,,-0.025300744921,0.0138725079596,-0.243988752365,,-6.35454933012e-16,1.27915849398e-31,5.1888833046,-1.57079637051,-0.0
1520440579692933611,,416,,1520440579,680197632,'',1,0,,0.151379585266,-0.100915975869,1.85386524552e-17,,-0.0709930881858,0.0213360432535,-0.5,,-5.50646317889e-16,1.10844039147e-31,4.4963684082,-1.60810506344,-0.0
1520440579793157137,,417,,1520440579,781055232,'',1,0,,0.151379585266,-0.100915975869,1.85386524552e-17,,-0.132799997926,0.0400485806167,-0.5,,-5.5785258208e-16,1.12294646196e-31,4.55521202087,-1.60810506344,-0.0
1520440579902349408,,418,,1520440579,880655104,'',1,0,,0.151379585266,-0.100915975869,1.85386524552e-17,,-0.166405230761,0.0337778739631,-0.5,,-5.82514667076e-16,1.17259076223e-31,4.75659322739,-1.60810506344,-0.0
1520440580030915678,,419,,1520440580,2974637,'',1,0,,0.151379585266,-0.100915975869,1.85386524552e-17,,-0.193250089884,0.0335753448308,-0.5,,-5.8722597456e-16,1.1820745331e-31,4.79506397247,-1.60810506344,-0.0
1520440580103358088,,420,,1520440580,89536014,'',1,0,,0.151379585266,-0.100915975869,1.85386524552e-17,,-0.181566238403,0.0283418726176,-0.5,,-5.53618367547e-16,1.11442306997e-31,4.52063703537,-1.60810506344,-0.0
1520440580223433448,,421,,1520440580,195499840,'',1,0,,0.151379585266,-0.100915975869,1.85386524552e-17,,-0.0702445283532,0.0117879109457,-0.5,,-5.20325046246e-16,1.0474042579e-31,4.24877643585,-1.60810506344,-0.0
1520440580293422669,,422,,1520440580,280483038,'',1,0,,0.151379585266,-0.100915975869,1.85386524552e-17,,-0.0594152398407,-0.00164744153153,-0.5,,-5.20143318797e-16,1.04703844405e-31,4.24729251862,-1.60810506344,-0.0
1520440580402775001,,423,,1520440580,384518464,'',1,0,,0.151379585266,-0.100915975869,1.85386524552e-17,,-0.0585344731808,0.000641016347799,-0.5,,-5.18762318652e-16,1.04425851746e-31,4.23601579666,-1.60810506344,-0.0
1520440580491054294,,424,,1520440580,482058304,'',1,0,,0.151379585266,-0.100915975869,1.85386524552e-17,,-0.0467474646866,0.00512666627765,-0.5,,-5.07612358585e-16,1.02181386343e-31,4.14496946335,-1.60810506344,-0.0
1520440580592080860,,425,,1520440580,580733248,'',1,0,,0.151379585266,-0.100915975869,1.85386524552e-17,,-0.0274072922766,0.00442673545331,-0.5,,-5.01743881714e-16,1.01000073295e-31,4.09704971313,-1.60810506344,-0.0
1520440580720367241,,426,,1520440580,698285734,'',1,0,,0.151379585266,-0.100915975869,1.85386524552e-17,,-0.00313391606323,0.000920101767406,-0.5,,-4.98684764052e-16,1.00384278824e-31,4.07207012177,-1.60810506344,-0.0
1520440580793672454,,427,,1520440580,783481541,'',1,0,,0.151379585266,-0.100915975869,1.85386524552e-17,,6.12323399574e-17,-1.23259516441e-32,-0.5,,-4.99346854612e-16,1.00517556374e-31,4.07747650146,-1.60810506344,-0.0
1520440580918485748,,428,,1520440580,881806912,'',1,0,,0.151379585266,-0.100915975869,1.85386524552e-17,,6.12323399574e-17,-1.23259516441e-32,-0.5,,-4.94160848402e-16,9.94736233508e-32,4.03512954712,-1.60810506344,-0.0
1520440580994019610,,429,,1520440580,982498624,'',1,0,,0.151379585266,-0.100915975869,1.85386524552e-17,,6.12323399574e-17,-1.23259516441e-32,-0.5,,-4.91552136852e-16,9.89484947594e-32,4.01382780075,-1.60810506344,-0.0
1520440581102534367,,430,,1520440581,81098816,'',1,0,,0.151379585266,-0.100915975869,1.85386524552e-17,,6.12323399574e-17,-1.23259516441e-32,-0.5,,-4.88938928832e-16,9.84224610374e-32,3.99248933792,-1.60810506344,-0.0
1520440581219660526,,431,,1520440581,199083378,'',1,0,,0.151379585266,-0.100915975869,1.85386524552e-17,,6.12323399574e-17,-1.23259516441e-32,-0.5,,-4.87501985597e-16,9.81332071425e-32,3.98075580597,-1.60810506344,-0.0
1520440581303208421,,432,,1520440581,293362752,'',1,0,,0.151379585266,-0.100915975869,1.85386524552e-17,,6.12323399574e-17,-1.23259516441e-32,-0.5,,-4.88324605963e-16,9.82987990317e-32,3.98747301102,-1.60810506344,-0.0
1520440581401933588,,433,,1520440581,387742528,'',1,0,,0.151379585266,-0.100915975869,1.85386524552e-17,,6.12323399574e-17,-1.23259516441e-32,-0.5,,-4.72181141145e-16,9.50491507763e-32,3.85565161705,-1.60810506344,-0.0
1520440581520584865,,434,,1520440581,492632384,'',1,0,,0.151379585266,-0.100915975869,1.85386524552e-17,,6.12323399574e-17,-1.23259516441e-32,-0.5,,-4.75120605997e-16,9.56408593677e-32,3.87965416908,-1.60810506344,-0.0
1520440581628555239,,435,,1520440581,580302487,'',1,0,,0.151379585266,-0.100915975869,1.85386524552e-17,,6.12323399574e-17,-1.23259516441e-32,-0.5,,-4.70347749435e-16,9.468009257e-32,3.84068083763,-1.60810506344,-0.0
1520440581721520803,,436,,1520440581,700554091,'',1,0,,0.151379585266,-0.100915975869,1.85386524552e-17,,6.12323399574e-17,-1.23259516441e-32,-0.5,,-4.74580971241e-16,9.55322319348e-32,3.8752477169,-1.60810506344,-0.0
1520440581792513350,,437,,1520440581,782362629,'',1,0,,0.151379585266,-0.100915975869,1.85386524552e-17,,6.12323399574e-17,-1.23259516441e-32,-0.5,,-4.75865209694e-16,9.57907466524e-32,3.88573431969,-1.60810506344,-0.0
1520440581902004620,,438,,1520440581,882397312,'',1,0,,0.151379585266,-0.100915975869,1.85386524552e-17,,6.12323399574e-17,-1.23259516441e-32,-0.5,,-4.78324399029e-16,9.62857767109e-32,3.90581512451,-1.60810506344,-0.0
1520440581993200525,,439,,1520440581,983406976,'',1,0,,0.151379585266,-0.100915975869,1.85386524552e-17,,6.12323399574e-17,-1.23259516441e-32,-0.5,,-4.74155762879e-16,9.54466383136e-32,3.87177562714,-1.60810506344,-0.0
1520440582092164971,,440,,1520440582,84714624,'',1,0,,-0.0717222690582,-0.108311399817,0.105554267764,,-0.000369481364032,0.000893009419087,-0.5,,-0.0356809310615,0.0918590351939,3.96144247055,-1.79820597172,-0.0
1520440582220137722,,441,,1520440582,201220027,'',1,0,,-0.0717222690582,-0.108311399817,0.0996678397059,,-0.00369089958258,0.0096441777423,-0.5,,-0.0518380999565,0.117063105106,4.16869163513,-1.79820597172,-0.0
1520440582293298085,,442,,1520440582,281744492,'',1,0,,-0.0717222690582,-0.108311399817,0.0870264917612,,-0.00669944658875,0.0186348818243,-0.5,,-0.0025017533917,0.0770893320441,4.14521694183,-1.79820597172,-0.0
1520440582395863718,,443,,1520440582,295085312,'',1,0,,-0.0717222690582,-0.108311399817,0.0859137475491,,-0.00687651103362,0.0194190163165,-0.5,,-0.00710505852476,0.0686182081699,4.14295959473,-1.79820597172,-0.0
