rosbagTimestamp,header,seq,stamp,secs,nsecs,frame_id,coordinate_frame,type_mask,latitude,longitude,altitude,velocity,x,y,z,acceleration_or_force,x,y,z,yaw,yaw_rate
1520440529302149005,,130,,1520440529,266544652,'',0,0,0.0,0.0,0.0,,0.0,0.0,0.0,,0.0,0.0,0.0,-0.0,-0.0
1520440529392070111,,131,,1520440529,382618510,'',0,0,0.0,0.0,0.0,,0.0,0.0,0.0,,0.0,0.0,0.0,-0.0,-0.0
1520440529480039703,,132,,1520440529,464396830,'',0,0,0.0,0.0,0.0,,0.0,0.0,0.0,,0.0,0.0,0.0,-0.0,-0.0
1520440529583701938,,133,,1520440529,581765879,'',0,0,0.0,0.0,0.0,,0.0,0.0,0.0,,0.0,0.0,0.0,-0.0,-0.0
1520440529684770585,,134,,1520440529,672857536,'',0,0,0.0,0.0,0.0,,0.0,0.0,0.0,,0.0,0.0,0.0,-0.0,-0.0
1520440529779368021,,135,,1520440529,770902592,'',0,0,0.0,0.0,0.0,,0.0,0.0,0.0,,0.0,0.0,0.0,-0.0,-0.0
1520440529901125906,,136,,1520440529,876526464,'',0,0,0.0,0.0,0.0,,0.0,0.0,0.0,,0.0,0.0,0.0,-0.0,-0.0
1520440529976921810,,137,,1520440529,977527872,'',0,0,0.0,0.0,0.0,,0.0,0.0,0.0,,0.0,0.0,0.0,-0.0,-0.0
1520440530081443203,,138,,1520440530,72096930,'',0,0,0.0,0.0,0.0,,0.0,0.0,0.0,,0.0,0.0,0.0,-0.0,-0.0
1520440530177672871,,139,,1520440530,168190208,'',0,0,0.0,0.0,0.0,,0.0,0.0,0.0,,0.0,0.0,0.0,-0.0,-0.0
1520440530277990571,,140,,1520440530,270807424,'',0,0,0.0,0.0,0.0,,0.0,0.0,0.0,,0.0,0.0,0.0,-0.0,-0.0
1520440530376518969,,141,,1520440530,373800448,'',0,0,0.0,0.0,0.0,,0.0,0.0,0.0,,0.0,0.0,0.0,-0.0,-0.0
1520440530502455924,,142,,1520440530,478001216,'',0,0,0.0,0.0,0.0,,0.0,0.0,0.0,,0.0,0.0,0.0,-0.0,-0.0
1520440530591857392,,143,,1520440530,576934016,'',0,0,0.0,0.0,0.0,,0.0,0.0,0.0,,0.0,0.0,0.0,-0.0,-0.0
1520440530701509582,,144,,1520440530,663053098,'',0,0,0.0,0.0,0.0,,0.0,0.0,0.0,,0.0,0.0,0.0,-0.0,-0.0
1520440530803644315,,145,,1520440530,777686575,'',0,0,0.0,0.0,0.0,,0.0,0.0,0.0,,0.0,0.0,0.0,-0.0,-0.0
1520440530893274991,,146,,1520440530,882986624,'',0,0,0.0,0.0,0.0,,0.0,0.0,0.0,,0.0,0.0,0.0,-0.0,-0.0
1520440530983242752,,147,,1520440530,981874112,'',0,0,0.0,0.0,0.0,,0.0,0.0,0.0,,0.0,0.0,0.0,-0.0,-0.0
1520440531091155593,,148,,1520440531,76747392,'',0,0,0.0,0.0,0.0,,0.0,0.0,0.0,,0.0,0.0,0.0,-0.0,-0.0
1520440531184689670,,149,,1520440531,173458048,'',0,0,0.0,0.0,0.0,,0.0,0.0,0.0,,0.0,0.0,0.0,-0.0,-0.0
1520440531295144196,,150,,1520440531,276077952,'',0,0,0.0,0.0,0.0,,0.0,0.0,0.0,,0.0,0.0,0.0,-0.0,-0.0
1520440531401995892,,151,,1520440531,371628736,'',0,0,0.0,0.0,0.0,,0.0,0.0,0.0,,0.0,0.0,0.0,-0.0,-0.0
1520440531501024918,,152,,1520440531,478498496,'',0,0,0.0,0.0,0.0,,0.0,0.0,0.0,,0.0,0.0,0.0,-0.0,-0.0
1520440531577105967,,153,,1520440531,577273536,'',0,0,0.0,0.0,0.0,,0.0,0.0,0.0,,0.0,0.0,0.0,-0.0,-0.0
1520440531701374504,,154,,1520440531,678037120,'',0,0,0.0,0.0,0.0,,0.0,0.0,0.0,,0.0,0.0,0.0,-0.0,-0.0
1520440531776523599,,155,,1520440531,757071245,'',0,0,0.0,0.0,0.0,,0.0,0.0,0.0,,0.0,0.0,0.0,-0.0,-0.0
1520440531881553835,,156,,1520440531,873491477,'',0,0,0.0,0.0,0.0,,0.0,0.0,0.0,,0.0,0.0,0.0,-0.0,-0.0
1520440531977213101,,157,,1520440531,969379712,'',0,0,0.0,0.0,0.0,,0.0,0.0,0.0,,0.0,0.0,0.0,-0.0,-0.0
1520440532076681314,,158,,1520440532,70081472,'',0,0,0.0,0.0,0.0,,0.0,0.0,0.0,,0.0,0.0,0.0,-0.0,-0.0
1520440532176605601,,159,,1520440532,170087616,'',0,0,0.0,0.0,0.0,,0.0,0.0,0.0,,0.0,0.0,0.0,-0.0,-0.0
1520440532282399485,,160,,1520440532,270990656,'',0,0,0.0,0.0,0.0,,0.0,0.0,0.0,,0.0,0.0,0.0,-0.0,-0.0
1520440532378729135,,161,,1520440532,368153344,'',0,0,0.0,0.0,0.0,,0.0,0.0,0.0,,0.0,0.0,0.0,-0.0,-0.0
1520440532502335304,,162,,1520440532,476185088,'',0,0,0.0,0.0,0.0,,0.0,0.0,0.0,,0.0,0.0,0.0,-0.0,-0.0
1520440532578005627,,163,,1520440532,578081984,'',0,0,0.0,0.0,0.0,,0.0,0.0,0.0,,0.0,0.0,0.0,-0.0,-0.0
1520440532694513561,,164,,1520440532,679402304,'',0,0,0.0,0.0,0.0,,0.0,0.0,0.0,,0.0,0.0,0.0,-0.0,-0.0
1520440532802032887,,165,,1520440532,763367355,'',0,0,0.0,0.0,0.0,,0.0,0.0,0.0,,0.0,0.0,0.0,-0.0,-0.0
1520440532900694862,,166,,1520440532,878765421,'',0,0,0.0,0.0,0.0,,0.0,0.0,0.0,,0.0,0.0,0.0,-0.0,-0.0
1520440532981713597,,167,,1520440532,978329216,'',0,0,0.0,0.0,0.0,,0.0,0.0,0.0,,0.0,0.0,0.0,-0.0,-0.0
1520440533091313485,,168,,1520440533,74607296,'',0,0,0.0,0.0,0.0,,0.0,0.0,0.0,,0.0,0.0,0.0,-0.0,-0.0
1520440533177528753,,169,,1520440533,161092020,'',0,0,0.0,0.0,0.0,,0.0,0.0,0.0,,0.0,0.0,0.0,-0.0,-0.0
1520440533301110586,,170,,1520440533,277672545,'',0,0,0.0,0.0,0.0,,0.0,0.0,0.0,,0.0,0.0,0.0,-0.0,-0.0
1520440533400343352,,171,,1520440533,376082944,'',0,0,0.0,0.0,0.0,,0.0,0.0,0.0,,0.0,0.0,0.0,-0.0,-0.0
1520440533501287574,,172,,1520440533,481912320,'',0,0,0.0,0.0,0.0,,0.0,0.0,0.0,,0.0,0.0,0.0,-0.0,-0.0
1520440533577857923,,173,,1520440533,577947136,'',0,0,0.0,0.0,0.0,,0.0,0.0,0.0,,0.0,0.0,0.0,-0.0,-0.0
1520440533700191078,,174,,1520440533,678980544,'',0,0,0.0,0.0,0.0,,0.0,0.0,0.0,,0.0,0.0,0.0,-0.0,-0.0
1520440533783057388,,175,,1520440533,776964608,'',0,0,0.0,0.0,0.0,,0.0,0.0,0.0,,0.0,0.0,0.0,-0.0,-0.0
1520440533877248088,,176,,1520440533,875234432,'',0,0,0.0,0.0,0.0,,0.0,0.0,0.0,,0.0,0.0,0.0,-0.0,-0.0
1520440533978724541,,177,,1520440533,979857152,'',0,0,0.0,0.0,0.0,,0.0,0.0,0.0,,0.0,0.0,0.0,-0.0,-0.0
1520440534077441371,,178,,1520440534,71864960,'',0,0,0.0,0.0,0.0,,0.0,0.0,0.0,,0.0,0.0,0.0,-0.0,-0.0
1520440534174593662,,179,,1520440534,174659200,'',0,0,0.0,0.0,0.0,,0.0,0.0,0.0,,0.0,0.0,0.0,-0.0,-0.0
1520440534300985298,,180,,1520440534,279812608,'',0,0,0.0,0.0,0.0,,0.0,0.0,0.0,,0.0,0.0,0.0,-0.0,-0.0
1520440534394488967,,181,,1520440534,375194112,'',0,0,0.0,0.0,0.0,,0.0,0.0,0.0,,0.0,0.0,0.0,-0.0,-0.0
1520440534478951582,,182,,1520440534,477417600,'',0,0,0.0,0.0,0.0,,0.0,0.0,0.0,,0.0,0.0,0.0,-0.0,-0.0
1520440534575871128,,183,,1520440534,573831104,'',0,0,0.0,0.0,0.0,,0.0,0.0,0.0,,0.0,0.0,0.0,-0.0,-0.0
1520440534676313900,,184,,1520440534,669791552,'',0,0,0.0,0.0,0.0,,0.0,0.0,0.0,,0.0,0.0,0.0,-0.0,-0.0
1520440534779612911,,185,,1520440534,774350720,'',0,0,0.0,0.0,0.0,,0.0,0.0,0.0,,0.0,0.0,0.0,-0.0,-0.0
1520440534883612765,,186,,1520440534,869145792,'',0,0,0.0,0.0,0.0,,0.0,0.0,0.0,,0.0,0.0,0.0,-0.0,-0.0
1520440534977759157,,187,,1520440534,969173440,'',0,0,0.0,0.0,0.0,,0.0,0.0,0.0,,0.0,0.0,0.0,-0.0,-0.0
1520440535094014857,,188,,1520440535,79414285,'',0,0,0.0,0.0,0.0,,0.0,0.0,0.0,,0.0,0.0,0.0,-0.0,-0.0
1520440535201317706,,189,,1520440535,179488512,'',0,0,0.0,0.0,0.0,,0.0,0.0,0.0,,0.0,0.0,0.0,-0.0,-0.0
1520440535301119618,,190,,1520440535,279457472,'',0,0,0.0,0.0,0.0,,0.0,0.0,0.0,,0.0,0.0,0.0,-0.0,-0.0
1520440535400829685,,191,,1520440535,378909184,'',0,0,0.0,0.0,0.0,,0.0,0.0,0.0,,0.0,0.0,0.0,-0.0,-0.0
1520440535496758547,,192,,1520440535,478996928,'',0,0,0.0,0.0,0.0,,0.0,0.0,0.0,,0.0,0.0,0.0,-0.0,-0.0
1520440535576932255,,193,,1520440535,564577848,'',0,0,0.0,0.0,0.0,,0.0,0.0,0.0,,0.0,0.0,0.0,-0.0,-0.0
1520440535676983587,,194,,1520440535,668418304,'',0,0,0.0,0.0,0.0,,0.0,0.0,0.0,,0.0,0.0,0.0,-0.0,-0.0
1520440535793452519,,195,,1520440535,781863040,'',0,0,0.0,0.0,0.0,,0.0,0.0,0.0,,0.0,0.0,0.0,-0.0,-0.0
1520440535877093121,,196,,1520440535,875863040,'',0,0,0.0,0.0,0.0,,0.0,0.0,0.0,,0.0,0.0,0.0,-0.0,-0.0
1520440535983292796,,197,,1520440535,982154112,'',0,0,0.0,0.0,0.0,,0.0,0.0,0.0,,0.0,0.0,0.0,-0.0,-0.0
1520440536092702897,,198,,1520440536,78516736,'',0,0,0.0,0.0,0.0,,0.0,0.0,0.0,,0.0,0.0,0.0,-0.0,-0.0
1520440536181721513,,199,,1520440536,178301056,'',0,0,0.0,0.0,0.0,,0.0,0.0,0.0,,0.0,0.0,0.0,-0.0,-0.0
1520440536281261059,,200,,1520440536,276731840,'',0,0,0.0,0.0,0.0,,0.0,0.0,0.0,,0.0,0.0,0.0,-0.0,-0.0
1520440536382337316,,201,,1520440536,376915968,'',0,0,0.0,0.0,0.0,,0.0,0.0,0.0,,0.0,0.0,0.0,-0.0,-0.0
1520440536482289375,,202,,1520440536,474386304,'',0,0,0.0,0.0,0.0,,0.0,0.0,0.0,,0.0,0.0,0.0,-0.0,-0.0
1520440536582211075,,203,,1520440536,577768896,'',0,0,0.0,0.0,0.0,,0.0,0.0,0.0,,0.0,0.0,0.0,-0.0,-0.0
1520440536693167590,,204,,1520440536,676164544,'',0,0,0.0,0.0,0.0,,0.0,0.0,0.0,,0.0,0.0,0.0,-0.0,-0.0
1520440536782563903,,205,,1520440536,775644480,'',0,0,0.0,0.0,0.0,,0.0,0.0,0.0,,0.0,0.0,0.0,-0.0,-0.0
1520440536882340934,,206,,1520440536,877688960,'',0,0,0.0,0.0,0.0,,0.0,0.0,0.0,,0.0,0.0,0.0,-0.0,-0.0
1520440536981929064,,207,,1520440536,976415936,'',0,0,0.0,0.0,0.0,,0.0,0.0,0.0,,0.0,0.0,0.0,-0.0,-0.0
1520440537104248779,,208,,1520440537,77617856,'',0,0,0.0,0.0,0.0,,0.0,0.0,0.0,,0.0,0.0,0.0,-0.0,-0.0
1520440537201325056,,209,,1520440537,184125440,'',0,0,0.0,0.0,0.0,,0.0,0.0,0.0,,0.0,0.0,0.0,-0.0,-0.0
1520440537302124610,,210,,1520440537,282055808,'',0,0,0.0,0.0,0.0,,0.0,0.0,0.0,,0.0,0.0,0.0,-0.0,-0.0
1520440537383104368,,211,,1520440537,382634880,'',0,0,0.0,0.0,0.0,,0.0,0.0,0.0,,0.0,0.0,0.0,-0.0,-0.0
1520440537492179772,,212,,1520440537,481324032,'',0,0,0.0,0.0,0.0,,0.0,0.0,0.0,,0.0,0.0,0.0,-0.0,-0.0
1520440537592877255,,213,,1520440537,580830144,'',0,0,0.0,0.0,0.0,,0.0,0.0,0.0,,0.0,0.0,0.0,-0.0,-0.0
1520440537701300875,,214,,1520440537,680678144,'',0,0,0.0,0.0,0.0,,0.0,0.0,0.0,,0.0,0.0,0.0,-0.0,-0.0
1520440537800580022,,215,,1520440537,783815680,'',0,0,0.0,0.0,0.0,,0.0,0.0,0.0,,0.0,0.0,0.0,-0.0,-0.0
1520440537882284419,,216,,1520440537,883698432,'',0,0,0.0,0.0,0.0,,0.0,0.0,0.0,,0.0,0.0,0.0,-0.0,-0.0
1520440537981608072,,217,,1520440537,980718656,'',0,0,0.0,0.0,0.0,,0.0,0.0,0.0,,0.0,0.0,0.0,-0.0,-0.0
1520440538082858947,,218,,1520440538,76888320,'',0,0,0.0,0.0,0.0,,0.0,0.0,0.0,,0.0,0.0,0.0,-0.0,-0.0
1520440538182417680,,219,,1520440538,180734528,'',0,0,0.0,0.0,0.0,,0.0,0.0,0.0,,0.0,0.0,0.0,-0.0,-0.0
1520440538292025165,,220,,1520440538,278241600,'',0,0,0.0,0.0,0.0,,0.0,0.0,0.0,,0.0,0.0,0.0,-0.0,-0.0
1520440538383281622,,221,,1520440538,375957632,'',0,0,0.0,0.0,0.0,,0.0,0.0,0.0,,0.0,0.0,0.0,-0.0,-0.0
1520440538483475061,,222,,1520440538,476945152,'',0,0,0.0,0.0,0.0,,0.0,0.0,0.0,,0.0,0.0,0.0,-0.0,-0.0
1520440538593286361,,223,,1520440538,574810816,'',0,0,0.0,0.0,0.0,,0.0,0.0,0.0,,0.0,0.0,0.0,-0.0,-0.0
1520440538693223791,,224,,1520440538,678591680,'',0,0,0.0,0.0,0.0,,0.0,0.0,0.0,,0.0,0.0,0.0,-0.0,-0.0
1520440538782638159,,225,,1520440538,780604864,'',0,0,0.0,0.0,0.0,,0.0,0.0,0.0,,0.0,0.0,0.0,-0.0,-0.0
1520440538882876653,,226,,1520440538,878849856,'',0,0,0.0,0.0,0.0,,0.0,0.0,0.0,,0.0,0.0,0.0,-0.0,-0.0
1520440538994250211,,227,,1520440538,975849856,'',0,0,0.0,0.0,0.0,,0.0,0.0,0.0,,0.0,0.0,0.0,-0.0,-0.0
1520440539103139905,,228,,1520440539,74613568,'',0,0,0.0,0.0,0.0,,0.0,0.0,0.0,,0.0,0.0,0.0,-0.0,-0.0
1520440539182146244,,229,,1520440539,176714880,'',0,0,0.0,0.0,0.0,,0.0,0.0,0.0,,0.0,0.0,0.0,-0.0,-0.0
1520440539300743731,,230,,1520440539,277123008,'',0,0,0.0,0.0,0.0,,0.0,0.0,0.0,,0.0,0.0,0.0,-0.0,-0.0
1520440539381515673,,231,,1520440539,383597952,'',0,0,0.0,0.0,0.0,,0.0,0.0,0.0,,0.0,0.0,0.0,-0.0,-0.0
1520440539517304858,,232,,1520440539,476195328,'',0,0,0.0,0.0,0.0,,0.0,0.0,0.0,,0.0,0.0,0.0,-0.0,-0.0
1520440539582178533,,233,,1520440539,576112640,'',0,0,0.0,0.0,0.0,,0.0,0.0,0.0,,0.0,0.0,0.0,-0.0,-0.0
1520440539694671660,,234,,1520440539,678341504,'',0,0,0.0,0.0,0.0,,0.0,0.0,0.0,,0.0,0.0,0.0,-0.0,-0.0
1520440539782606348,,235,,1520440539,778992128,'',0,0,0.0,0.0,0.0,,0.0,0.0,0.0,,0.0,0.0,0.0,-0.0,-0.0
1520440539892484315,,236,,1520440539,877408256,'',0,0,0.0,0.0,0.0,,0.0,0.0,0.0,,0.0,0.0,0.0,-0.0,-0.0
1520440539992582084,,237,,1520440539,977904256,'',0,0,0.0,0.0,0.0,,0.0,0.0,0.0,,0.0,0.0,0.0,-0.0,-0.0
1520440540083405210,,238,,1520440540,76824320,'',0,0,0.0,0.0,0.0,,0.0,0.0,0.0,,0.0,0.0,0.0,-0.0,-0.0
1520440540201287501,,239,,1520440540,178521088,'',0,0,0.0,0.0,0.0,,0.0,0.0,0.0,,0.0,0.0,0.0,-0.0,-0.0
1520440540319647482,,240,,1520440540,297072385,'',0,0,0.0,0.0,0.0,,0.0,0.0,0.0,,0.0,0.0,0.0,-0.0,-0.0
1520440540382416849,,241,,1520440540,390072385,'',0,0,0.0,0.0,0.0,,0.0,0.0,0.0,,0.0,0.0,0.0,-0.0,-0.0
1520440540484196682,,242,,1520440540,472360360,'',0,0,0.0,0.0,0.0,,0.0,0.0,0.0,,0.0,0.0,0.0,-0.0,-0.0
1520440540606960961,,243,,1520440540,575432832,'',0,0,0.0,0.0,0.0,,0.0,0.0,0.0,,0.0,0.0,0.0,-0.0,-0.0
1520440540701567096,,244,,1520440540,678418432,'',0,0,0.0,0.0,0.0,,0.0,0.0,0.0,,0.0,0.0,0.0,-0.0,-0.0
1520440540801294372,,245,,1520440540,779396096,'',0,0,0.0,0.0,0.0,,0.0,0.0,0.0,,0.0,0.0,0.0,-0.0,-0.0
1520440540891673906,,246,,1520440540,880338432,'',0,0,0.0,0.0,0.0,,0.0,0.0,0.0,,0.0,0.0,0.0,-0.0,-0.0
1520440540982444542,,247,,1520440540,978899776,'',0,0,0.0,0.0,0.0,,0.0,0.0,0.0,,0.0,0.0,0.0,-0.0,-0.0
1520440541092356346,,248,,1520440541,82369152,'',0,0,0.0,0.0,0.0,,0.0,0.0,0.0,,0.0,0.0,0.0,-0.0,-0.0
1520440541182027710,,249,,1520440541,177405248,'',0,0,0.0,0.0,0.0,,0.0,0.0,0.0,,0.0,0.0,0.0,-0.0,-0.0
1520440541278413761,,250,,1520440541,275014720,'',0,0,0.0,0.0,0.0,,0.0,0.0,0.0,,0.0,0.0,0.0,-0.0,-0.0
1520440541400755910,,251,,1520440541,384863104,'',0,0,0.0,0.0,0.0,,0.0,0.0,0.0,,0.0,0.0,0.0,-0.0,-0.0
1520440541492162148,,252,,1520440541,483863104,'',0,0,0.0,0.0,0.0,,0.0,0.0,0.0,,0.0,0.0,0.0,-0.0,-0.0
1520440541592688691,,253,,1520440541,586032320,'',0,0,0.0,0.0,0.0,,0.0,0.0,0.0,,0.0,0.0,0.0,-0.0,-0.0
1520440541695910250,,254,,1520440541,686135296,'',0,0,0.0,0.0,0.0,,0.0,0.0,0.0,,0.0,0.0,0.0,-0.0,-0.0
1520440541806319484,,255,,1520440541,787806080,'',0,0,0.0,0.0,0.0,,0.0,0.0,0.0,,0.0,0.0,0.0,-0.0,-0.0
1520440541900971916,,256,,1520440541,887754624,'',0,0,0.0,0.0,0.0,,0.0,0.0,0.0,,0.0,0.0,0.0,-0.0,-0.0
1520440542000606616,,257,,1520440541,988370176,'',0,0,0.0,0.0,0.0,,0.0,0.0,0.0,,0.0,0.0,0.0,-0.0,-0.0
1520440542105923472,,258,,1520440542,90671616,'',0,0,0.0,0.0,0.0,,0.0,0.0,0.0,,0.0,0.0,0.0,-0.0,-0.0
1520440542201945063,,259,,1520440542,189083264,'',0,0,0.0,0.0,0.0,,0.0,0.0,0.0,,0.0,0.0,0.0,-0.0,-0.0
1520440542296285483,,260,,1520440542,289083264,'',0,0,0.0,0.0,0.0,,0.0,0.0,0.0,,0.0,0.0,0.0,-0.0,-0.0
1520440542400712476,,261,,1520440542,390169572,'',0,0,0.0,0.0,0.0,,0.0,0.0,0.0,,0.0,0.0,0.0,-0.0,-0.0
1520440542504417397,,262,,1520440542,487169572,'',0,0,0.0,0.0,0.0,,0.0,0.0,0.0,,0.0,0.0,0.0,-0.0,-0.0
1520440542592583370,,263,,1520440542,587286848,'',0,0,0.0,0.0,0.0,,0.0,0.0,0.0,,0.0,0.0,0.0,-0.0,-0.0
1520440542706958519,,264,,1520440542,684286848,'',0,0,0.0,0.0,0.0,,0.0,0.0,0.0,,0.0,0.0,0.0,-0.0,-0.0
1520440542801599191,,265,,1520440542,789513024,'',0,0,0.0,0.0,0.0,,0.0,0.0,0.0,,0.0,0.0,0.0,-0.0,-0.0
1520440542892817303,,266,,1520440542,887513024,'',0,0,0.0,0.0,0.0,,0.0,0.0,0.0,,0.0,0.0,0.0,-0.0,-0.0
1520440542993017282,,267,,1520440542,972846004,'',0,0,0.0,0.0,0.0,,0.0,0.0,0.0,,0.0,0.0,0.0,-0.0,-0.0
1520440543100839887,,268,,1520440543,89980426,'',0,0,0.0,0.0,0.0,,0.0,0.0,0.0,,0.0,0.0,0.0,-0.0,-0.0
1520440543223597756,,269,,1520440543,185980426,'',0,0,0.0,0.0,0.0,,0.0,0.0,0.0,,0.0,0.0,0.0,-0.0,-0.0
1520440543306339243,,270,,1520440543,268616259,'',0,0,0.0,0.0,0.0,,0.0,0.0,0.0,,0.0,0.0,0.0,-0.0,-0.0
1520440543392555894,,271,,1520440543,390124553,'',0,0,0.0,0.0,0.0,,0.0,0.0,0.0,,0.0,0.0,0.0,-0.0,-0.0
1520440543501219245,,272,,1520440543,486144192,'',0,0,0.0,0.0,0.0,,0.0,0.0,0.0,,0.0,0.0,0.0,-0.0,-0.0
1520440543610217370,,273,,1520440543,590882048,'',0,0,0.0,0.0,0.0,,0.0,0.0,0.0,,0.0,0.0,0.0,-0.0,-0.0
1520440543692876760,,274,,1520440543,685882048,'',0,0,0.0,0.0,0.0,,0.0,0.0,0.0,,0.0,0.0,0.0,-0.0,-0.0
1520440543801378219,,275,,1520440543,784262336,'',0,0,0.0,0.0,0.0,,0.0,0.0,0.0,,0.0,0.0,0.0,-0.0,-0.0
1520440543893141857,,276,,1520440543,887180672,'',0,0,0.0,0.0,0.0,,0.0,0.0,0.0,,0.0,0.0,0.0,-0.0,-0.0
1520440543999662136,,277,,1520440543,981180672,'',0,0,0.0,0.0,0.0,,0.0,0.0,0.0,,0.0,0.0,0.0,-0.0,-0.0
1520440544100861918,,278,,1520440544,82398464,'',0,0,0.0,0.0,0.0,,0.0,0.0,0.0,,0.0,0.0,0.0,-0.0,-0.0
1520440544208318794,,279,,1520440544,190613888,'',0,0,0.0,0.0,0.0,,0.0,0.0,0.0,,0.0,0.0,0.0,-0.0,-0.0
1520440544301519190,,280,,1520440544,288646656,'',0,0,0.0,0.0,0.0,,0.0,0.0,0.0,,0.0,0.0,0.0,-0.0,-0.0
1520440544403430676,,281,,1520440544,383646656,'',0,0,0.0,0.0,0.0,,0.0,0.0,0.0,,0.0,0.0,0.0,-0.0,-0.0
1520440544493950967,,282,,1520440544,484998144,'',0,0,0.0,0.0,0.0,,0.0,0.0,0.0,,0.0,0.0,0.0,-0.0,-0.0
1520440544621106162,,283,,1520440544,581075200,'',0,0,0.0,0.0,0.0,,0.0,0.0,0.0,,0.0,0.0,0.0,-0.0,-0.0
1520440544762880514,,284,,1520440544,693341842,'',0,0,0.0,0.0,0.0,,0.0,0.0,0.0,,0.0,0.0,0.0,-0.0,-0.0
1520440544814655821,,285,,1520440544,818584101,'',0,0,0.0,0.0,0.0,,0.0,0.0,0.0,,0.0,0.0,0.0,-0.0,-0.0
1520440544911397960,,286,,1520440544,886902097,'',0,0,0.0,0.0,0.0,,0.0,0.0,0.0,,0.0,0.0,0.0,-0.0,-0.0
1520440545003184913,,287,,1520440544,989028032,'',0,0,0.0,0.0,0.0,,0.0,0.0,0.0,,0.0,0.0,0.0,-0.0,-0.0
1520440545092101030,,288,,1520440545,89028032,'',0,0,0.0,0.0,0.0,,0.0,0.0,0.0,,0.0,0.0,0.0,-0.0,-0.0
1520440545202168128,,289,,1520440545,186784512,'',0,0,0.0,0.0,0.0,,0.0,0.0,0.0,,0.0,0.0,0.0,-0.0,-0.0
1520440545301559406,,290,,1520440545,287784512,'',0,0,0.0,0.0,0.0,,0.0,0.0,0.0,,0.0,0.0,0.0,-0.0,-0.0
1520440545400904809,,291,,1520440545,383311104,'',0,0,0.0,0.0,0.0,,0.0,0.0,0.0,,0.0,0.0,0.0,-0.0,-0.0
1520440545497549210,,292,,1520440545,485819456,'',0,0,0.0,0.0,0.0,,0.0,0.0,0.0,,0.0,0.0,0.0,-0.0,-0.0
1520440545610245069,,293,,1520440545,598111947,'',0,0,0.0,0.0,0.0,,0.0,0.0,0.0,,0.0,0.0,0.0,-0.0,-0.0
1520440545700732266,,294,,1520440545,690357888,'',0,0,0.0,0.0,0.0,,0.0,0.0,0.0,,0.0,0.0,0.0,-0.0,-0.0
1520440545800482457,,295,,1520440545,789704512,'',0,0,0.0,0.0,0.0,,0.0,0.0,0.0,,0.0,0.0,0.0,-0.0,-0.0
1520440545901596299,,296,,1520440545,887670912,'',0,0,0.0,0.0,0.0,,0.0,0.0,0.0,,0.0,0.0,0.0,-0.0,-0.0
1520440545989235583,,297,,1520440545,986670912,'',0,0,0.0,0.0,0.0,,0.0,0.0,0.0,,0.0,0.0,0.0,-0.0,-0.0
1520440546094747037,,298,,1520440546,84267648,'',0,0,0.0,0.0,0.0,,0.0,0.0,0.0,,0.0,0.0,0.0,-0.0,-0.0
1520440546208016564,,299,,1520440546,198103851,'',0,0,0.0,0.0,0.0,,0.0,0.0,0.0,,0.0,0.0,0.0,-0.0,-0.0
1520440546301104222,,300,,1520440546,292633152,'',0,0,0.0,0.0,0.0,,0.0,0.0,0.0,,0.0,0.0,0.0,-0.0,-0.0
1520440546392402477,,301,,1520440546,388335488,'',0,0,0.0,0.0,0.0,,0.0,0.0,0.0,,0.0,0.0,0.0,-0.0,-0.0
1520440546492860995,,302,,1520440546,488800576,'',0,0,0.0,0.0,0.0,,0.0,0.0,0.0,,0.0,0.0,0.0,-0.0,-0.0
1520440546592197930,,303,,1520440546,587948544,'',0,0,0.0,0.0,0.0,,0.0,0.0,0.0,,0.0,0.0,0.0,-0.0,-0.0
1520440546698244455,,304,,1520440546,687948544,'',0,0,0.0,0.0,0.0,,0.0,0.0,0.0,,0.0,0.0,0.0,-0.0,-0.0
1520440546804790607,,305,,1520440546,782845056,'',0,0,0.0,0.0,0.0,,0.0,0.0,0.0,,0.0,0.0,0.0,-0.0,-0.0
1520440546900676591,,306,,1520440546,886056256,'',0,0,0.0,0.0,0.0,,0.0,0.0,0.0,,0.0,0.0,0.0,-0.0,-0.0
1520440546993525609,,307,,1520440546,984350144,'',0,0,0.0,0.0,0.0,,0.0,0.0,0.0,,0.0,0.0,0.0,-0.0,-0.0
1520440547092246390,,308,,1520440547,85047744,'',0,0,0.0,0.0,0.0,,0.0,0.0,0.0,,0.0,0.0,0.0,-0.0,-0.0
1520440547201288759,,309,,1520440547,191794240,'',0,0,0.0,0.0,0.0,,0.0,0.0,0.0,,0.0,0.0,0.0,-0.0,-0.0
1520440547301351806,,310,,1520440547,286916224,'',0,0,0.0,0.0,0.0,,0.0,0.0,0.0,,0.0,0.0,0.0,-0.0,-0.0
1520440547406068972,,311,,1520440547,384224192,'',0,0,0.0,0.0,0.0,,0.0,0.0,0.0,,0.0,0.0,0.0,-0.0,-0.0
1520440547502306689,,312,,1520440547,488039232,'',0,0,0.0,0.0,0.0,,0.0,0.0,0.0,,0.0,0.0,0.0,-0.0,-0.0
1520440547602980815,,313,,1520440547,588746944,'',0,0,0.0,0.0,0.0,,0.0,0.0,0.0,,0.0,0.0,0.0,-0.0,-0.0
1520440547697726432,,314,,1520440547,682738944,'',0,0,0.0,0.0,0.0,,0.0,0.0,0.0,,0.0,0.0,0.0,-0.0,-0.0
1520440547802106373,,315,,1520440547,790207360,'',0,0,0.0,0.0,0.0,,0.0,0.0,0.0,,0.0,0.0,0.0,-0.0,-0.0
1520440547910361803,,316,,1520440547,893981440,'',0,0,0.0,0.0,0.0,,0.0,0.0,0.0,,0.0,0.0,0.0,-0.0,-0.0
1520440548007897340,,317,,1520440547,996320896,'',0,0,0.0,0.0,0.0,,0.0,0.0,0.0,,0.0,0.0,0.0,-0.0,-0.0
1520440548100843954,,318,,1520440548,100433280,'',0,0,0.0,0.0,0.0,,0.0,0.0,0.0,,0.0,0.0,0.0,-0.0,-0.0
1520440548212406552,,319,,1520440548,200285056,'',0,0,0.0,0.0,0.0,,0.0,0.0,0.0,,0.0,0.0,0.0,-0.0,-0.0
1520440548332654624,,320,,1520440548,304285056,'',0,0,0.0,0.0,0.0,,0.0,0.0,0.0,,0.0,0.0,0.0,-0.0,-0.0
1520440548407151017,,321,,1520440548,399346624,'',0,0,0.0,0.0,0.0,,0.0,0.0,0.0,,0.0,0.0,0.0,-0.0,-0.0
1520440548502060762,,322,,1520440548,495726336,'',0,0,0.0,0.0,0.0,,0.0,0.0,0.0,,0.0,0.0,0.0,-0.0,-0.0
1520440548620342503,,323,,1520440548,599562752,'',0,0,0.0,0.0,0.0,,0.0,0.0,0.0,,0.0,0.0,0.0,-0.0,-0.0
1520440548735910172,,324,,1520440548,702758912,'',0,0,0.0,0.0,0.0,,0.0,0.0,0.0,,0.0,0.0,0.0,-0.0,-0.0
1520440548845994760,,325,,1520440548,813768320,'',0,0,0.0,0.0,0.0,,0.0,0.0,0.0,,0.0,0.0,0.0,-0.0,-0.0
1520440548923635986,,326,,1520440548,907478784,'',0,0,0.0,0.0,0.0,,0.0,0.0,0.0,,0.0,0.0,0.0,-0.0,-0.0
1520440549012624514,,327,,1520440549,12183488,'',0,0,0.0,0.0,0.0,,0.0,0.0,0.0,,0.0,0.0,0.0,-0.0,-0.0
1520440549115269515,,328,,1520440549,100531712,'',0,0,0.0,0.0,0.0,,0.0,0.0,0.0,,0.0,0.0,0.0,-0.0,-0.0
1520440549209248545,,329,,1520440549,199550208,'',0,0,0.0,0.0,0.0,,0.0,0.0,0.0,,0.0,0.0,0.0,-0.0,-0.0
1520440549333726228,,330,,1520440549,305831488,'',0,0,0.0,0.0,0.0,,0.0,0.0,0.0,,0.0,0.0,0.0,-0.0,-0.0
1520440549450669371,,331,,1520440549,407512576,'',0,0,0.0,0.0,0.0,,0.0,0.0,0.0,,0.0,0.0,0.0,-0.0,-0.0
1520440549511846335,,332,,1520440549,508512576,'',0,0,0.0,0.0,0.0,,0.0,0.0,0.0,,0.0,0.0,0.0,-0.0,-0.0
1520440549611848180,,333,,1520440549,603634176,'',0,0,0.0,0.0,0.0,,0.0,0.0,0.0,,0.0,0.0,0.0,-0.0,-0.0
1520440549744483927,,334,,1520440549,698745344,'',0,0,0.0,0.0,0.0,,0.0,0.0,0.0,,0.0,0.0,0.0,-0.0,-0.0
1520440549818994538,,335,,1520440549,819614920,'',0,0,0.0,0.0,0.0,,0.0,0.0,0.0,,0.0,0.0,0.0,-0.0,-0.0
1520440549947664759,,336,,1520440549,908162916,'',0,0,0.0,0.0,0.0,,0.0,0.0,0.0,,0.0,0.0,0.0,-0.0,-0.0
1520440550050644720,,337,,1520440550,7232640,'',0,0,0.0,0.0,0.0,,0.0,0.0,0.0,,0.0,0.0,0.0,-0.0,-0.0
1520440550112125111,,338,,1520440550,111192192,'',0,0,0.0,0.0,0.0,,0.0,0.0,0.0,,0.0,0.0,0.0,-0.0,-0.0
1520440550212638569,,339,,1520440550,202485312,'',0,0,0.0,0.0,0.0,,0.0,0.0,0.0,,0.0,0.0,0.0,-0.0,-0.0
1520440550321995415,,340,,1520440550,307213184,'',0,0,0.0,0.0,0.0,,0.0,0.0,0.0,,0.0,0.0,0.0,-0.0,-0.0
1520440550413971046,,341,,1520440550,412329295,'',0,0,0.0,0.0,0.0,,0.0,0.0,0.0,,0.0,0.0,0.0,-0.0,-0.0
1520440550521752414,,342,,1520440550,512553088,'',0,0,0.0,0.0,0.0,,0.0,0.0,0.0,,0.0,0.0,0.0,-0.0,-0.0
1520440550649602087,,343,,1520440550,603861056,'',0,0,0.0,0.0,0.0,,0.0,0.0,0.0,,0.0,0.0,0.0,-0.0,-0.0
1520440550723210615,,344,,1520440550,711120256,'',0,0,0.0,0.0,0.0,,0.0,0.0,0.0,,0.0,0.0,0.0,-0.0,-0.0
1520440550833054854,,345,,1520440550,806498880,'',0,0,0.0,0.0,0.0,,0.0,0.0,0.0,,0.0,0.0,0.0,-0.0,-0.0
1520440550950703542,,346,,1520440550,905990272,'',0,0,0.0,0.0,0.0,,0.0,0.0,0.0,,0.0,0.0,0.0,-0.0,-0.0
1520440551034704038,,347,,1520440551,14421691,'',0,0,0.0,0.0,0.0,,0.0,0.0,0.0,,0.0,0.0,0.0,-0.0,-0.0
1520440551126615733,,348,,1520440551,108202368,'',0,0,0.0,0.0,0.0,,0.0,0.0,0.0,,0.0,0.0,0.0,-0.0,-0.0
1520440551245991600,,349,,1520440551,215596992,'',0,0,0.0,0.0,0.0,,0.0,0.0,0.0,,0.0,0.0,0.0,-0.0,-0.0
1520440551322724494,,350,,1520440551,316726592,'',0,0,0.0,0.0,0.0,,0.0,0.0,0.0,,0.0,0.0,0.0,-0.0,-0.0
1520440551421616214,,351,,1520440551,412504000,'',0,0,0.0,0.0,0.0,,0.0,0.0,0.0,,0.0,0.0,0.0,-0.0,-0.0
1520440551548500728,,352,,1520440551,507956928,'',0,0,0.0,0.0,0.0,,0.0,0.0,0.0,,0.0,0.0,0.0,-0.0,-0.0
1520440551650317685,,353,,1520440551,615615808,'',0,0,0.0,0.0,0.0,,0.0,0.0,0.0,,0.0,0.0,0.0,-0.0,-0.0
1520440551745356649,,354,,1520440551,712621440,'',0,0,0.0,0.0,0.0,,0.0,0.0,0.0,,0.0,0.0,0.0,-0.0,-0.0
1520440551821907711,,355,,1520440551,812729984,'',0,0,0.0,0.0,0.0,,0.0,0.0,0.0,,0.0,0.0,0.0,-0.0,-0.0
1520440551972278747,,356,,1520440551,912233344,'',0,0,0.0,0.0,0.0,,0.0,0.0,0.0,,0.0,0.0,0.0,-0.0,-0.0
1520440552016285827,,357,,1520440552,12525760,'',0,0,0.0,0.0,0.0,,0.0,0.0,0.0,,0.0,0.0,0.0,-0.0,-0.0
1520440552122341708,,358,,1520440552,113822976,'',0,0,0.0,0.0,0.0,,0.0,0.0,0.0,,0.0,0.0,0.0,-0.0,-0.0
1520440552251669886,,359,,1520440552,217028608,'',0,0,0.0,0.0,0.0,,0.0,0.0,0.0,,0.0,0.0,0.0,-0.0,-0.0
1520440552326478348,,360,,1520440552,315025216,'',0,0,0.0,0.0,0.0,,0.0,0.0,0.0,,0.0,0.0,0.0,-0.0,-0.0
1520440552453209711,,361,,1520440552,412474816,'',0,0,0.0,0.0,0.0,,0.0,0.0,0.0,,0.0,0.0,0.0,-0.0,-0.0
1520440552544101406,,362,,1520440552,514366912,'',0,0,0.0,0.0,0.0,,0.0,0.0,0.0,,0.0,0.0,0.0,-0.0,-0.0
1520440552628755974,,363,,1520440552,617877248,'',0,0,0.0,0.0,0.0,,0.0,0.0,0.0,,0.0,0.0,0.0,-0.0,-0.0
1520440552851730932,,364,,1520440552,822755392,'',0,0,0.0,0.0,0.0,,0.0,0.0,0.0,,0.0,0.0,0.0,-0.0,-0.0
1520440552927392831,,365,,1520440552,910035563,'',0,0,0.0,0.0,0.0,,0.0,0.0,0.0,,0.0,0.0,0.0,-0.0,-0.0
1520440553012677880,,366,,1520440553,4187456,'',0,0,0.0,0.0,0.0,,0.0,0.0,0.0,,0.0,0.0,0.0,-0.0,-0.0
1520440553223684294,,367,,1520440553,216523869,'',0,0,0.0,0.0,0.0,,0.0,0.0,0.0,,0.0,0.0,0.0,-0.0,-0.0
1520440553320201256,,368,,1520440553,312080130,'',0,0,0.0,0.0,0.0,,0.0,0.0,0.0,,0.0,0.0,0.0,-0.0,-0.0
1520440553448788487,,369,,1520440553,416892544,'',0,0,0.0,0.0,0.0,,0.0,0.0,0.0,,0.0,0.0,0.0,-0.0,-0.0
1520440553537054975,,370,,1520440553,502443661,'',0,0,0.0,0.0,0.0,,0.0,0.0,0.0,,0.0,0.0,0.0,-0.0,-0.0
1520440553622707090,,371,,1520440553,607363200,'',0,0,0.0,0.0,0.0,,0.0,0.0,0.0,,0.0,0.0,0.0,-0.0,-0.0
1520440553723343090,,372,,1520440553,714310656,'',0,0,0.0,0.0,0.0,,0.0,0.0,0.0,,0.0,0.0,0.0,-0.0,-0.0
1520440553825151012,,373,,1520440553,808897600,'',0,0,0.0,0.0,0.0,,0.0,0.0,0.0,,0.0,0.0,0.0,-0.0,-0.0
1520440553926082666,,374,,1520440553,909890240,'',0,0,0.0,0.0,0.0,,0.0,0.0,0.0,,0.0,0.0,0.0,-0.0,-0.0
1520440554021744161,,375,,1520440554,15809792,'',0,0,0.0,0.0,0.0,,0.0,0.0,0.0,,0.0,0.0,0.0,-0.0,-0.0
1520440554139089813,,376,,1520440554,118920064,'',0,0,0.0,0.0,0.0,,0.0,0.0,0.0,,0.0,0.0,0.0,-0.0,-0.0
1520440554223110123,,377,,1520440554,220222592,'',0,0,0.0,0.0,0.0,,0.0,0.0,0.0,,0.0,0.0,0.0,-0.0,-0.0
1520440554332636936,,378,,1520440554,321172544,'',0,0,0.0,0.0,0.0,,0.0,0.0,0.0,,0.0,0.0,0.0,-0.0,-0.0
1520440554444221182,,379,,1520440554,418744832,'',0,0,0.0,0.0,0.0,,0.0,0.0,0.0,,0.0,0.0,0.0,-0.0,-0.0
1520440554552324338,,380,,1520440554,531318087,'',0,0,0.0,0.0,0.0,,0.0,0.0,0.0,,0.0,0.0,0.0,-0.0,-0.0
1520440554635444860,,381,,1520440554,638163008,'',0,0,0.0,0.0,0.0,,0.0,0.0,0.0,,0.0,0.0,0.0,-0.0,-0.0
1520440554748728470,,382,,1520440554,730170780,'',0,0,0.0,0.0,0.0,,0.0,0.0,0.0,,0.0,0.0,0.0,-0.0,-0.0
1520440554853116954,,383,,1520440554,828316480,'',0,0,0.0,0.0,0.0,,0.0,0.0,0.0,,0.0,0.0,0.0,-0.0,-0.0
1520440554972112292,,384,,1520440554,934672256,'',0,0,0.0,0.0,0.0,,0.0,0.0,0.0,,0.0,0.0,0.0,-0.0,-0.0
1520440555043590866,,385,,1520440555,27407808,'',0,0,0.0,0.0,0.0,,0.0,0.0,0.0,,0.0,0.0,0.0,-0.0,-0.0
1520440555145450394,,386,,1520440555,128131520,'',0,0,0.0,0.0,0.0,,0.0,0.0,0.0,,0.0,0.0,0.0,-0.0,-0.0
1520440555242671063,,387,,1520440555,233277056,'',0,0,0.0,0.0,0.0,,0.0,0.0,0.0,,0.0,0.0,0.0,-0.0,-0.0
1520440555343714630,,388,,1520440555,332159104,'',0,0,0.0,0.0,0.0,,0.0,0.0,0.0,,0.0,0.0,0.0,-0.0,-0.0
1520440555451857226,,389,,1520440555,437500288,'',0,0,0.0,0.0,0.0,,0.0,0.0,0.0,,0.0,0.0,0.0,-0.0,-0.0
1520440555546105636,,390,,1520440555,537794944,'',0,0,0.0,0.0,0.0,,0.0,0.0,0.0,,0.0,0.0,0.0,-0.0,-0.0
1520440555645727157,,391,,1520440555,639308928,'',0,0,0.0,0.0,0.0,,0.0,0.0,0.0,,0.0,0.0,0.0,-0.0,-0.0
1520440555750550443,,392,,1520440555,745681152,'',0,0,0.0,0.0,0.0,,0.0,0.0,0.0,,0.0,0.0,0.0,-0.0,-0.0
1520440555851900093,,393,,1520440555,839613824,'',0,0,0.0,0.0,0.0,,0.0,0.0,0.0,,0.0,0.0,0.0,-0.0,-0.0
1520440555952143778,,394,,1520440555,940839680,'',0,0,0.0,0.0,0.0,,0.0,0.0,0.0,,0.0,0.0,0.0,-0.0,-0.0
1520440556055128348,,395,,1520440556,42435968,'',0,0,0.0,0.0,0.0,,0.0,0.0,0.0,,0.0,0.0,0.0,-0.0,-0.0
1520440556168725535,,396,,1520440556,142643584,'',0,0,0.0,0.0,0.0,,0.0,0.0,0.0,,0.0,0.0,0.0,-0.0,-0.0
1520440556251696695,,397,,1520440556,246157312,'',0,0,0.0,0.0,0.0,,0.0,0.0,0.0,,0.0,0.0,0.0,-0.0,-0.0
1520440556377667335,,398,,1520440556,343208960,'',0,0,0.0,0.0,0.0,,0.0,0.0,0.0,,0.0,0.0,0.0,-0.0,-0.0
1520440556452401053,,399,,1520440556,453718777,'',0,0,0.0,0.0,0.0,,0.0,0.0,0.0,,0.0,0.0,0.0,-0.0,-0.0
1520440556547684516,,400,,1520440556,552990720,'',0,0,0.0,0.0,0.0,,0.0,0.0,0.0,,0.0,0.0,0.0,-0.0,-0.0
1520440556651630067,,401,,1520440556,634824997,'',0,0,0.0,0.0,0.0,,0.0,0.0,0.0,,0.0,0.0,0.0,-0.0,-0.0
1520440556779728338,,402,,1520440556,754057382,'',0,0,0.0,0.0,0.0,,0.0,0.0,0.0,,0.0,0.0,0.0,-0.0,-0.0
1520440556848985111,,403,,1520440556,852844928,'',0,0,0.0,0.0,0.0,,0.0,0.0,0.0,,0.0,0.0,0.0,-0.0,-0.0
1520440556976345699,,404,,1520440556,955532288,'',0,0,0.0,0.0,0.0,,0.0,0.0,0.0,,0.0,0.0,0.0,-0.0,-0.0
1520440557078631832,,405,,1520440557,58411840,'',0,0,0.0,0.0,0.0,,0.0,0.0,0.0,,0.0,0.0,0.0,-0.0,-0.0
1520440557176675722,,406,,1520440557,157604544,'',0,0,0.0,0.0,0.0,,0.0,0.0,0.0,,0.0,0.0,0.0,-0.0,-0.0
1520440557262570801,,407,,1520440557,258700800,'',0,0,0.0,0.0,0.0,,0.0,0.0,0.0,,0.0,0.0,0.0,-0.0,-0.0
1520440557377051970,,408,,1520440557,356623552,'',0,0,0.0,0.0,0.0,,0.0,0.0,0.0,,0.0,0.0,0.0,-0.0,-0.0
1520440557450856457,,409,,1520440557,453533120,'',0,0,0.0,0.0,0.0,,0.0,0.0,0.0,,0.0,0.0,0.0,-0.0,-0.0
1520440557562852602,,410,,1520440557,550629696,'',0,0,0.0,0.0,0.0,,0.0,0.0,0.0,,0.0,0.0,0.0,-0.0,-0.0
1520440557689189961,,411,,1520440557,663416719,'',0,0,0.0,0.0,0.0,,0.0,0.0,0.0,,0.0,0.0,0.0,-0.0,-0.0
1520440557760692862,,412,,1520440557,752504106,'',0,0,0.0,0.0,0.0,,0.0,0.0,0.0,,0.0,0.0,0.0,-0.0,-0.0
1520440557891900610,,413,,1520440557,859983680,'',0,0,0.0,0.0,0.0,,0.0,0.0,0.0,,0.0,0.0,0.0,-0.0,-0.0
1520440557977653998,,414,,1520440557,942914231,'',0,0,0.0,0.0,0.0,,0.0,0.0,0.0,,0.0,0.0,0.0,-0.0,-0.0
1520440558064689526,,415,,1520440558,58867616,'',0,0,0.0,0.0,0.0,,0.0,0.0,0.0,,0.0,0.0,0.0,-0.0,-0.0
1520440558172651153,,416,,1520440558,154710471,'',0,0,0.0,0.0,0.0,,0.0,0.0,0.0,,0.0,0.0,0.0,-0.0,-0.0
1520440558282383179,,417,,1520440558,252250432,'',0,0,0.0,0.0,0.0,,0.0,0.0,0.0,,0.0,0.0,0.0,-0.0,-0.0
1520440558370191258,,418,,1520440558,351825792,'',0,0,0.0,0.0,0.0,,0.0,0.0,0.0,,0.0,0.0,0.0,-0.0,-0.0
1520440558463382349,,419,,1520440558,457629807,'',0,0,0.0,0.0,0.0,,0.0,0.0,0.0,,0.0,0.0,0.0,-0.0,-0.0
1520440558571956943,,420,,1520440558,555533296,'',0,0,0.0,0.0,0.0,,0.0,0.0,0.0,,0.0,0.0,0.0,-0.0,-0.0
1520440558655107207,,421,,1520440558,649446400,'',0,0,0.0,0.0,0.0,,0.0,0.0,0.0,,0.0,0.0,0.0,-0.0,-0.0
1520440558765874274,,422,,1520440558,748707904,'',0,0,0.0,0.0,0.0,,0.0,0.0,0.0,,0.0,0.0,0.0,-0.0,-0.0
1520440558863078568,,423,,1520440558,849084288,'',0,0,0.0,0.0,0.0,,0.0,0.0,0.0,,0.0,0.0,0.0,-0.0,-0.0
1520440558977501590,,424,,1520440558,943651136,'',0,0,0.0,0.0,0.0,,0.0,0.0,0.0,,0.0,0.0,0.0,-0.0,-0.0
1520440559077085827,,425,,1520440559,60266171,'',0,0,0.0,0.0,0.0,,0.0,0.0,0.0,,0.0,0.0,0.0,-0.0,-0.0
1520440559191879688,,426,,1520440559,160282048,'',0,0,0.0,0.0,0.0,,0.0,0.0,0.0,,0.0,0.0,0.0,-0.0,-0.0
1520440559269567851,,427,,1520440559,262013056,'',0,0,0.0,0.0,0.0,,0.0,0.0,0.0,,0.0,0.0,0.0,-0.0,-0.0
1520440559357300564,,428,,1520440559,357333376,'',0,0,0.0,0.0,0.0,,0.0,0.0,0.0,,0.0,0.0,0.0,-0.0,-0.0
1520440559465290563,,429,,1520440559,453712960,'',0,0,0.0,0.0,0.0,,0.0,0.0,0.0,,0.0,0.0,0.0,-0.0,-0.0
1520440559570755415,,430,,1520440559,556046784,'',0,0,0.0,0.0,0.0,,0.0,0.0,0.0,,0.0,0.0,0.0,-0.0,-0.0
1520440559679290086,,431,,1520440559,653184576,'',0,0,0.0,0.0,0.0,,0.0,0.0,0.0,,0.0,0.0,0.0,-0.0,-0.0
1520440559773965428,,432,,1520440559,757490048,'',0,0,0.0,0.0,0.0,,0.0,0.0,0.0,,0.0,0.0,0.0,-0.0,-0.0
1520440559876948911,,433,,1520440559,857725056,'',0,0,0.0,0.0,0.0,,0.0,0.0,0.0,,0.0,0.0,0.0,-0.0,-0.0
1520440559951643227,,434,,1520440559,959589248,'',0,0,0.0,0.0,0.0,,0.0,0.0,0.0,,0.0,0.0,0.0,-0.0,-0.0
1520440560062136143,,435,,1520440560,55797184,'',0,0,0.0,0.0,0.0,,0.0,0.0,0.0,,0.0,0.0,0.0,-0.0,-0.0
1520440560181009859,,436,,1520440560,153638592,'',0,0,0.0,0.0,0.0,,0.0,0.0,0.0,,0.0,0.0,0.0,-0.0,-0.0
1520440560269835010,,437,,1520440560,251933888,'',0,0,0.0,0.0,0.0,,0.0,0.0,0.0,,0.0,0.0,0.0,-0.0,-0.0
1520440560383072759,,438,,1520440560,356789888,'',0,0,0.0,0.0,0.0,,0.0,0.0,0.0,,0.0,0.0,0.0,-0.0,-0.0
1520440560453581268,,439,,1520440560,452422784,'',0,0,0.0,0.0,0.0,,0.0,0.0,0.0,,0.0,0.0,0.0,-0.0,-0.0
1520440560566566021,,440,,1520440560,549867904,'',0,0,0.0,0.0,0.0,,0.0,0.0,0.0,,0.0,0.0,0.0,-0.0,-0.0
1520440560676507697,,441,,1520440560,652672256,'',0,0,0.0,0.0,0.0,,0.0,0.0,0.0,,0.0,0.0,0.0,-0.0,-0.0
1520440560776551050,,442,,1520440560,758191360,'',0,0,0.0,0.0,0.0,,0.0,0.0,0.0,,0.0,0.0,0.0,-0.0,-0.0
1520440560897837796,,443,,1520440560,852798656,'',0,0,0.0,0.0,0.0,,0.0,0.0,0.0,,0.0,0.0,0.0,-0.0,-0.0
1520440560961822800,,444,,1520440560,945039680,'',0,0,0.0,0.0,0.0,,0.0,0.0,0.0,,0.0,0.0,0.0,-0.0,-0.0
1520440561094955989,,445,,1520440561,48379328,'',0,0,0.0,0.0,0.0,,0.0,0.0,0.0,,0.0,0.0,0.0,-0.0,-0.0
1520440561174498863,,446,,1520440561,150497728,'',0,0,0.0,0.0,0.0,,0.0,0.0,0.0,,0.0,0.0,0.0,-0.0,-0.0
1520440561291744726,,447,,1520440561,259552192,'',0,0,0.0,0.0,0.0,,0.0,0.0,0.0,,0.0,0.0,0.0,-0.0,-0.0
1520440561377261193,,448,,1520440561,349495332,'',0,0,0.0,0.0,0.0,,0.0,0.0,0.0,,0.0,0.0,0.0,-0.0,-0.0
1520440561477750893,,449,,1520440561,463018212,'',0,0,0.0,0.0,0.0,,0.0,0.0,0.0,,0.0,0.0,0.0,-0.0,-0.0
1520440561593827310,,450,,1520440561,564987072,'',0,0,0.0,0.0,0.0,,0.0,0.0,0.0,,0.0,0.0,0.0,-0.0,-0.0
1520440561679491996,,451,,1520440561,642006375,'',0,0,0.0,0.0,0.0,,0.0,0.0,0.0,,0.0,0.0,0.0,-0.0,-0.0
1520440561777735164,,452,,1520440561,767326305,'',0,0,0.0,0.0,0.0,,0.0,0.0,0.0,,0.0,0.0,0.0,-0.0,-0.0
1520440561876244589,,453,,1520440561,861291072,'',0,0,0.0,0.0,0.0,,0.0,0.0,0.0,,0.0,0.0,0.0,-0.0,-0.0
1520440561971521981,,454,,1520440561,966731584,'',0,0,0.0,0.0,0.0,,0.0,0.0,0.0,,0.0,0.0,0.0,-0.0,-0.0
1520440562084519500,,455,,1520440562,55860669,'',0,0,0.0,0.0,0.0,,0.0,0.0,0.0,,0.0,0.0,0.0,-0.0,-0.0
1520440562173040995,,456,,1520440562,154786112,'',0,0,0.0,0.0,0.0,,0.0,0.0,0.0,,0.0,0.0,0.0,-0.0,-0.0
1520440562266878019,,457,,1520440562,257017408,'',0,0,0.0,0.0,0.0,,0.0,0.0,0.0,,0.0,0.0,0.0,-0.0,-0.0
1520440562367666274,,458,,1520440562,362639232,'',0,0,0.0,0.0,0.0,,0.0,0.0,0.0,,0.0,0.0,0.0,-0.0,-0.0
1520440562471406601,,459,,1520440562,444060690,'',0,0,0.0,0.0,0.0,,0.0,0.0,0.0,,0.0,0.0,0.0,-0.0,-0.0
1520440562572731550,,460,,1520440562,562453636,'',0,0,0.0,0.0,0.0,,0.0,0.0,0.0,,0.0,0.0,0.0,-0.0,-0.0
1520440562673612821,,461,,1520440562,661264000,'',0,0,0.0,0.0,0.0,,0.0,0.0,0.0,,0.0,0.0,0.0,-0.0,-0.0
1520440562776852593,,462,,1520440562,765822592,'',0,0,0.0,0.0,0.0,,0.0,0.0,0.0,,0.0,0.0,0.0,-0.0,-0.0
1520440562878112431,,463,,1520440562,863645056,'',0,0,0.0,0.0,0.0,,0.0,0.0,0.0,,0.0,0.0,0.0,-0.0,-0.0
1520440563092689743,,464,,1520440563,64462464,'',0,0,0.0,0.0,0.0,,0.0,0.0,0.0,,0.0,0.0,0.0,-0.0,-0.0
1520440563193823808,,465,,1520440563,151643781,'',0,0,0.0,0.0,0.0,,0.0,0.0,0.0,,0.0,0.0,0.0,-0.0,-0.0
1520440563281646651,,466,,1520440563,251025280,'',0,0,0.0,0.0,0.0,,0.0,0.0,0.0,,0.0,0.0,0.0,-0.0,-0.0
1520440563391274133,,467,,1520440563,364791672,'',0,0,0.0,0.0,0.0,,0.0,0.0,0.0,,0.0,0.0,0.0,-0.0,-0.0
1520440563475410002,,468,,1520440563,453255771,'',0,0,0.0,0.0,0.0,,0.0,0.0,0.0,,0.0,0.0,0.0,-0.0,-0.0
1520440563572278170,,469,,1520440563,557920896,'',0,0,0.0,0.0,0.0,,0.0,0.0,0.0,,0.0,0.0,0.0,-0.0,-0.0
1520440563671724650,,470,,1520440563,653646528,'',0,0,0.0,0.0,0.0,,0.0,0.0,0.0,,0.0,0.0,0.0,-0.0,-0.0
1520440563776371068,,471,,1520440563,756847808,'',0,0,0.0,0.0,0.0,,0.0,0.0,0.0,,0.0,0.0,0.0,-0.0,-0.0
1520440563864583028,,472,,1520440563,859480960,'',0,0,0.0,0.0,0.0,,0.0,0.0,0.0,,0.0,0.0,0.0,-0.0,-0.0
1520440563971679072,,473,,1520440563,961931840,'',0,0,0.0,0.0,0.0,,0.0,0.0,0.0,,0.0,0.0,0.0,-0.0,-0.0
1520440564066454732,,474,,1520440564,64069760,'',0,0,0.0,0.0,0.0,,0.0,0.0,0.0,,0.0,0.0,0.0,-0.0,-0.0
1520440564173795623,,475,,1520440564,160580032,'',0,0,0.0,0.0,0.0,,0.0,0.0,0.0,,0.0,0.0,0.0,-0.0,-0.0
1520440564276656748,,476,,1520440564,264602112,'',0,0,0.0,0.0,0.0,,0.0,0.0,0.0,,0.0,0.0,0.0,-0.0,-0.0
1520440564372027301,,477,,1520440564,361437632,'',0,0,0.0,0.0,0.0,,0.0,0.0,0.0,,0.0,0.0,0.0,-0.0,-0.0
1520440564477205335,,478,,1520440564,464046976,'',0,0,0.0,0.0,0.0,,0.0,0.0,0.0,,0.0,0.0,0.0,-0.0,-0.0
1520440564588609911,,479,,1520440564,565027776,'',0,0,0.0,0.0,0.0,,0.0,0.0,0.0,,0.0,0.0,0.0,-0.0,-0.0
1520440564683944782,,480,,1520440564,660802048,'',0,0,0.0,0.0,0.0,,0.0,0.0,0.0,,0.0,0.0,0.0,-0.0,-0.0
1520440564816845236,,481,,1520440564,772414464,'',0,0,0.0,0.0,0.0,,0.0,0.0,0.0,,0.0,0.0,0.0,-0.0,-0.0
1520440564897973411,,482,,1520440564,857496578,'',0,0,0.0,0.0,0.0,,0.0,0.0,0.0,,0.0,0.0,0.0,-0.0,-0.0
1520440564973077202,,483,,1520440564,958303424,'',0,0,0.0,0.0,0.0,,0.0,0.0,0.0,,0.0,0.0,0.0,-0.0,-0.0
1520440565071932489,,484,,1520440565,65839680,'',0,0,0.0,0.0,0.0,,0.0,0.0,0.0,,0.0,0.0,0.0,-0.0,-0.0
1520440565194014802,,485,,1520440565,161627776,'',0,0,0.0,0.0,0.0,,0.0,0.0,0.0,,0.0,0.0,0.0,-0.0,-0.0
1520440565277600214,,486,,1520440565,259126784,'',0,0,0.0,0.0,0.0,,0.0,0.0,0.0,,0.0,0.0,0.0,-0.0,-0.0
1520440565371797201,,487,,1520440565,371971223,'',0,0,0.0,0.0,0.0,,0.0,0.0,0.0,,0.0,0.0,0.0,-0.0,-0.0
1520440565476915784,,488,,1520440565,465904576,'',0,0,0.0,0.0,0.0,,0.0,0.0,0.0,,0.0,0.0,0.0,-0.0,-0.0
1520440565572612893,,489,,1520440565,567268608,'',0,0,0.0,0.0,0.0,,0.0,0.0,0.0,,0.0,0.0,0.0,-0.0,-0.0
1520440565676322919,,490,,1520440565,668381696,'',0,0,0.0,0.0,0.0,,0.0,0.0,0.0,,0.0,0.0,0.0,-0.0,-0.0
1520440565772786531,,491,,1520440565,763813952,'',0,0,0.0,0.0,0.0,,0.0,0.0,0.0,,0.0,0.0,0.0,-0.0,-0.0
1520440565872184517,,492,,1520440565,863301184,'',0,0,0.0,0.0,0.0,,0.0,0.0,0.0,,0.0,0.0,0.0,-0.0,-0.0
1520440565978272170,,493,,1520440565,967682880,'',0,0,0.0,0.0,0.0,,0.0,0.0,0.0,,0.0,0.0,0.0,-0.0,-0.0
1520440566074996471,,494,,1520440566,67945280,'',0,0,0.0,0.0,0.0,,0.0,0.0,0.0,,0.0,0.0,0.0,-0.0,-0.0
1520440566190808337,,495,,1520440566,168830592,'',0,0,0.0,0.0,0.0,,0.0,0.0,0.0,,0.0,0.0,0.0,-0.0,-0.0
1520440566271232265,,496,,1520440566,270559296,'',0,0,0.0,0.0,0.0,,0.0,0.0,0.0,,0.0,0.0,0.0,-0.0,-0.0
1520440566374243354,,497,,1520440566,365550912,'',0,0,0.0,0.0,0.0,,0.0,0.0,0.0,,0.0,0.0,0.0,-0.0,-0.0
1520440566477533182,,498,,1520440566,465896320,'',0,0,0.0,0.0,0.0,,0.0,0.0,0.0,,0.0,0.0,0.0,-0.0,-0.0
1520440566577659835,,499,,1520440566,575563658,'',0,0,0.0,0.0,0.0,,0.0,0.0,0.0,,0.0,0.0,0.0,-0.0,-0.0
1520440566676130503,,500,,1520440566,676631232,'',0,0,0.0,0.0,0.0,,0.0,0.0,0.0,,0.0,0.0,0.0,-0.0,-0.0
1520440566772323060,,501,,1520440566,776034944,'',0,0,0.0,0.0,0.0,,0.0,0.0,0.0,,0.0,0.0,0.0,-0.0,-0.0
1520440566873165947,,502,,1520440566,870720128,'',0,0,0.0,0.0,0.0,,0.0,0.0,0.0,,0.0,0.0,0.0,-0.0,-0.0
1520440566977219383,,503,,1520440566,969323392,'',0,0,0.0,0.0,0.0,,0.0,0.0,0.0,,0.0,0.0,0.0,-0.0,-0.0
1520440567076133409,,504,,1520440567,70882688,'',0,0,0.0,0.0,0.0,,0.0,0.0,0.0,,0.0,0.0,0.0,-0.0,-0.0
1520440567172204420,,505,,1520440567,164530496,'',0,0,0.0,0.0,0.0,,0.0,0.0,0.0,,0.0,0.0,0.0,-0.0,-0.0
1520440567280155821,,506,,1520440567,265248640,'',0,0,0.0,0.0,0.0,,0.0,0.0,0.0,,0.0,0.0,0.0,-0.0,-0.0
1520440567395283753,,507,,1520440567,368405440,'',0,0,0.0,0.0,0.0,,0.0,0.0,0.0,,0.0,0.0,0.0,-0.0,-0.0
1520440567493667073,,508,,1520440567,469780992,'',0,0,0.0,0.0,0.0,,0.0,0.0,0.0,,0.0,0.0,0.0,-0.0,-0.0
1520440567577311021,,509,,1520440567,568545472,'',0,0,0.0,0.0,0.0,,0.0,0.0,0.0,,0.0,0.0,0.0,-0.0,-0.0
1520440567682278487,,510,,1520440567,673527552,'',0,0,0.0,0.0,0.0,,0.0,0.0,0.0,,0.0,0.0,0.0,-0.0,-0.0
1520440567776832649,,511,,1520440567,770373440,'',0,0,0.0,0.0,0.0,,0.0,0.0,0.0,,0.0,0.0,0.0,-0.0,-0.0
1520440567894354206,,512,,1520440567,874650048,'',0,0,0.0,0.0,0.0,,0.0,0.0,0.0,,0.0,0.0,0.0,-0.0,-0.0
1520440567992107464,,513,,1520440567,976669568,'',0,0,0.0,0.0,0.0,,0.0,0.0,0.0,,0.0,0.0,0.0,-0.0,-0.0
1520440568077512369,,514,,1520440568,72633984,'',0,0,0.0,0.0,0.0,,0.0,0.0,0.0,,0.0,0.0,0.0,-0.0,-0.0
1520440568176355327,,515,,1520440568,179006208,'',0,0,0.0,0.0,0.0,,0.0,0.0,0.0,,0.0,0.0,0.0,-0.0,-0.0
1520440568294835063,,516,,1520440568,277762816,'',0,0,0.0,0.0,0.0,,0.0,0.0,0.0,,0.0,0.0,0.0,-0.0,-0.0
1520440568411268293,,517,,1520440568,382733568,'',0,0,0.0,0.0,0.0,,0.0,0.0,0.0,,0.0,0.0,0.0,-0.0,-0.0
1520440568485492078,,518,,1520440568,456360583,'',0,0,0.0,0.0,0.0,,0.0,0.0,0.0,,0.0,0.0,0.0,-0.0,-0.0
1520440568589440718,,519,,1520440568,570787206,'',0,0,0.0,0.0,0.0,,0.0,0.0,0.0,,0.0,0.0,0.0,-0.0,-0.0
1520440568673988879,,520,,1520440568,668503296,'',0,0,0.0,0.0,0.0,,0.0,0.0,0.0,,0.0,0.0,0.0,-0.0,-0.0
1520440568777526793,,521,,1520440568,766377152,'',0,0,0.0,0.0,0.0,,0.0,0.0,0.0,,0.0,0.0,0.0,-0.0,-0.0
1520440568872772414,,522,,1520440568,868357760,'',0,0,0.0,0.0,0.0,,0.0,0.0,0.0,,0.0,0.0,0.0,-0.0,-0.0
1520440568979313156,,523,,1520440568,969874944,'',0,0,0.0,0.0,0.0,,0.0,0.0,0.0,,0.0,0.0,0.0,-0.0,-0.0
1520440569077834354,,524,,1520440569,70585664,'',0,0,0.0,0.0,0.0,,0.0,0.0,0.0,,0.0,0.0,0.0,-0.0,-0.0
1520440569198671370,,525,,1520440569,175068352,'',0,0,0.0,0.0,0.0,,0.0,0.0,0.0,,0.0,0.0,0.0,-0.0,-0.0
1520440569276887176,,526,,1520440569,275678208,'',0,0,0.0,0.0,0.0,,0.0,0.0,0.0,,0.0,0.0,0.0,-0.0,-0.0
1520440569400155117,,527,,1520440569,380405568,'',0,0,0.0,0.0,0.0,,0.0,0.0,0.0,,0.0,0.0,0.0,-0.0,-0.0
1520440569492185177,,528,,1520440569,478107200,'',0,0,0.0,0.0,0.0,,0.0,0.0,0.0,,0.0,0.0,0.0,-0.0,-0.0
1520440569582376394,,529,,1520440569,560256468,'',0,0,0.0,0.0,0.0,,0.0,0.0,0.0,,0.0,0.0,0.0,-0.0,-0.0
1520440569693606974,,530,,1520440569,671704695,'',0,0,0.0,0.0,0.0,,0.0,0.0,0.0,,0.0,0.0,0.0,-0.0,-0.0
1520440569807591706,,531,,1520440569,759294468,'',0,0,0.0,0.0,0.0,,0.0,0.0,0.0,,0.0,0.0,0.0,-0.0,-0.0
1520440569877084611,,532,,1520440569,873955395,'',0,0,0.0,0.0,0.0,,0.0,0.0,0.0,,0.0,0.0,0.0,-0.0,-0.0
1520440570003774247,,533,,1520440569,975129664,'',0,0,0.0,0.0,0.0,,0.0,0.0,0.0,,0.0,0.0,0.0,-0.0,-0.0
1520440570100757821,,534,,1520440570,72808576,'',0,0,0.0,0.0,0.0,,0.0,0.0,0.0,,0.0,0.0,0.0,-0.0,-0.0
1520440570191840535,,535,,1520440570,174071168,'',0,0,0.0,0.0,0.0,,0.0,0.0,0.0,,0.0,0.0,0.0,-0.0,-0.0
1520440570293465989,,536,,1520440570,259963398,'',0,0,0.0,0.0,0.0,,0.0,0.0,0.0,,0.0,0.0,0.0,-0.0,-0.0
1520440570397184767,,537,,1520440570,362402880,'',0,0,0.0,0.0,0.0,,0.0,0.0,0.0,,0.0,0.0,0.0,-0.0,-0.0
1520440570473594350,,538,,1520440570,478689399,'',0,0,0.0,0.0,0.0,,0.0,0.0,0.0,,0.0,0.0,0.0,-0.0,-0.0
1520440570578110592,,539,,1520440570,571813952,'',0,0,0.0,0.0,0.0,,0.0,0.0,0.0,,0.0,0.0,0.0,-0.0,-0.0
1520440570704993330,,540,,1520440570,673020032,'',0,0,0.0,0.0,0.0,,0.0,0.0,0.0,,0.0,0.0,0.0,-0.0,-0.0
1520440570772624279,,541,,1520440570,757060533,'',0,0,0.0,0.0,0.0,,0.0,0.0,0.0,,0.0,0.0,0.0,-0.0,-0.0
1520440570876881081,,542,,1520440570,868302643,'',0,0,0.0,0.0,0.0,,0.0,0.0,0.0,,0.0,0.0,0.0,-0.0,-0.0
1520440570973577612,,543,,1520440570,968179072,'',0,0,0.0,0.0,0.0,,0.0,0.0,0.0,,0.0,0.0,0.0,-0.0,-0.0
1520440571081520449,,544,,1520440571,66532096,'',0,0,0.0,0.0,0.0,,0.0,0.0,0.0,,0.0,0.0,0.0,-0.0,-0.0
1520440571185079674,,545,,1520440571,168365952,'',0,0,0.0,0.0,0.0,,0.0,0.0,0.0,,0.0,0.0,0.0,-0.0,-0.0
1520440571275852454,,546,,1520440571,269911808,'',0,0,0.0,0.0,0.0,,0.0,0.0,0.0,,0.0,0.0,0.0,-0.0,-0.0
1520440571378132933,,547,,1520440571,367899584,'',0,0,0.0,0.0,0.0,,0.0,0.0,0.0,,0.0,0.0,0.0,-0.0,-0.0
1520440571477830853,,548,,1520440571,468560128,'',0,0,0.0,0.0,0.0,,0.0,0.0,0.0,,0.0,0.0,0.0,-0.0,-0.0
1520440571592690438,,549,,1520440571,570768000,'',0,0,0.0,0.0,0.0,,0.0,0.0,0.0,,0.0,0.0,0.0,-0.0,-0.0
1520440571675901529,,550,,1520440571,671604992,'',0,0,0.0,0.0,0.0,,0.0,0.0,0.0,,0.0,0.0,0.0,-0.0,-0.0
1520440571776296092,,551,,1520440571,770719808,'',0,0,0.0,0.0,0.0,,0.0,0.0,0.0,,0.0,0.0,0.0,-0.0,-0.0
1520440571872149796,,552,,1520440571,865287232,'',0,0,0.0,0.0,0.0,,0.0,0.0,0.0,,0.0,0.0,0.0,-0.0,-0.0
1520440571983014832,,553,,1520440571,970734592,'',0,0,0.0,0.0,0.0,,0.0,0.0,0.0,,0.0,0.0,0.0,-0.0,-0.0
1520440572101187262,,554,,1520440572,71549824,'',0,0,0.0,0.0,0.0,,0.0,0.0,0.0,,0.0,0.0,0.0,-0.0,-0.0
1520440572205810000,,555,,1520440572,170870848,'',0,0,0.0,0.0,0.0,,0.0,0.0,0.0,,0.0,0.0,0.0,-0.0,-0.0
1520440572284467005,,556,,1520440572,274748544,'',0,0,0.0,0.0,0.0,,0.0,0.0,0.0,,0.0,0.0,0.0,-0.0,-0.0
1520440572372186325,,557,,1520440572,366410560,'',0,0,0.0,0.0,0.0,,0.0,0.0,0.0,,0.0,0.0,0.0,-0.0,-0.0
1520440572575965832,,558,,1520440572,569981248,'',0,0,0.0,0.0,0.0,,0.0,0.0,0.0,,0.0,0.0,0.0,-0.0,-0.0
1520440572693735197,,559,,1520440572,671867712,'',0,0,0.0,0.0,0.0,,0.0,0.0,0.0,,0.0,0.0,0.0,-0.0,-0.0
1520440572787541037,,560,,1520440572,775947264,'',0,0,0.0,0.0,0.0,,0.0,0.0,0.0,,0.0,0.0,0.0,-0.0,-0.0
1520440572911405142,,561,,1520440572,874742592,'',0,0,0.0,0.0,0.0,,0.0,0.0,0.0,,0.0,0.0,0.0,-0.0,-0.0
1520440572976940062,,562,,1520440572,978161152,'',0,0,0.0,0.0,0.0,,0.0,0.0,0.0,,0.0,0.0,0.0,-0.0,-0.0
1520440573077568816,,563,,1520440573,77957440,'',0,0,0.0,0.0,0.0,,0.0,0.0,0.0,,0.0,0.0,0.0,-0.0,-0.0
1520440573178311953,,564,,1520440573,172144640,'',0,0,0.0,0.0,0.0,,0.0,0.0,0.0,,0.0,0.0,0.0,-0.0,-0.0
1520440573276314838,,565,,1520440573,268787392,'',0,0,0.0,0.0,0.0,,0.0,0.0,0.0,,0.0,0.0,0.0,-0.0,-0.0
1520440573394325997,,566,,1520440573,367895424,'',0,0,0.0,0.0,0.0,,0.0,0.0,0.0,,0.0,0.0,0.0,-0.0,-0.0
1520440573480711152,,567,,1520440573,463809920,'',0,0,0.0,0.0,0.0,,0.0,0.0,0.0,,0.0,0.0,0.0,-0.0,-0.0
1520440573581170811,,568,,1520440573,565272064,'',0,0,0.0,0.0,0.0,,0.0,0.0,0.0,,0.0,0.0,0.0,-0.0,-0.0
1520440573676894418,,569,,1520440573,669277056,'',0,0,0.0,0.0,0.0,,0.0,0.0,0.0,,0.0,0.0,0.0,-0.0,-0.0
1520440573771773259,,570,,1520440573,764548992,'',0,0,0.0,0.0,0.0,,0.0,0.0,0.0,,0.0,0.0,0.0,-0.0,-0.0
1520440573875615131,,571,,1520440573,869558592,'',0,0,0.0,0.0,0.0,,0.0,0.0,0.0,,0.0,0.0,0.0,-0.0,-0.0
1520440573974851256,,572,,1520440573,968391040,'',0,0,0.0,0.0,0.0,,0.0,0.0,0.0,,0.0,0.0,0.0,-0.0,-0.0
1520440574075877686,,573,,1520440574,74680256,'',0,0,0.0,0.0,0.0,,0.0,0.0,0.0,,0.0,0.0,0.0,-0.0,-0.0
1520440574174868595,,574,,1520440574,172535872,'',0,0,0.0,0.0,0.0,,0.0,0.0,0.0,,0.0,0.0,0.0,-0.0,-0.0
1520440574276875432,,575,,1520440574,272986496,'',0,0,0.0,0.0,0.0,,0.0,0.0,0.0,,0.0,0.0,0.0,-0.0,-0.0
1520440574377221495,,576,,1520440574,377842752,'',0,0,0.0,0.0,0.0,,0.0,0.0,0.0,,0.0,0.0,0.0,-0.0,-0.0
1520440574481993579,,577,,1520440574,473168768,'',0,0,0.0,0.0,0.0,,0.0,0.0,0.0,,0.0,0.0,0.0,-0.0,-0.0
1520440574573488233,,578,,1520440574,566846400,'',0,0,0.0,0.0,0.0,,0.0,0.0,0.0,,0.0,0.0,0.0,-0.0,-0.0
1520440574721297811,,579,,1520440574,672618880,'',0,0,0.0,0.0,0.0,,0.0,0.0,0.0,,0.0,0.0,0.0,-0.0,-0.0
1520440574778369679,,580,,1520440574,788174262,'',0,0,0.0,0.0,0.0,,0.0,0.0,0.0,,0.0,0.0,0.0,-0.0,-0.0
1520440574877102112,,581,,1520440574,881669504,'',0,0,0.0,0.0,0.0,,0.0,0.0,0.0,,0.0,0.0,0.0,-0.0,-0.0
1520440575016527408,,582,,1520440574,980331200,'',0,0,0.0,0.0,0.0,,0.0,0.0,0.0,,0.0,0.0,0.0,-0.0,-0.0
1520440575101128446,,583,,1520440575,82960256,'',0,0,0.0,0.0,0.0,,0.0,0.0,0.0,,0.0,0.0,0.0,-0.0,-0.0
1520440575194787870,,584,,1520440575,183090944,'',0,0,0.0,0.0,0.0,,0.0,0.0,0.0,,0.0,0.0,0.0,-0.0,-0.0
1520440575283097046,,585,,1520440575,279980736,'',0,0,0.0,0.0,0.0,,0.0,0.0,0.0,,0.0,0.0,0.0,-0.0,-0.0
1520440575387462949,,586,,1520440575,379151808,'',0,0,0.0,0.0,0.0,,0.0,0.0,0.0,,0.0,0.0,0.0,-0.0,-0.0
1520440575483342301,,587,,1520440575,474340864,'',0,0,0.0,0.0,0.0,,0.0,0.0,0.0,,0.0,0.0,0.0,-0.0,-0.0
1520440575582896755,,588,,1520440575,573191488,'',0,0,0.0,0.0,0.0,,0.0,0.0,0.0,,0.0,0.0,0.0,-0.0,-0.0
1520440575681523498,,589,,1520440575,677722752,'',0,0,0.0,0.0,0.0,,0.0,0.0,0.0,,0.0,0.0,0.0,-0.0,-0.0
1520440575804247176,,590,,1520440575,774077696,'',0,0,0.0,0.0,0.0,,0.0,0.0,0.0,,0.0,0.0,0.0,-0.0,-0.0
1520440575906587587,,591,,1520440575,885139840,'',0,0,0.0,0.0,0.0,,0.0,0.0,0.0,,0.0,0.0,0.0,-0.0,-0.0
1520440575993262494,,592,,1520440575,980995328,'',0,0,0.0,0.0,0.0,,0.0,0.0,0.0,,0.0,0.0,0.0,-0.0,-0.0
1520440576082378232,,593,,1520440576,82575296,'',0,0,0.0,0.0,0.0,,0.0,0.0,0.0,,0.0,0.0,0.0,-0.0,-0.0
1520440576192399697,,594,,1520440576,175271232,'',0,0,0.0,0.0,0.0,,0.0,0.0,0.0,,0.0,0.0,0.0,-0.0,-0.0
1520440576293629308,,595,,1520440576,277534336,'',0,0,0.0,0.0,0.0,,0.0,0.0,0.0,,0.0,0.0,0.0,-0.0,-0.0
1520440576397441496,,596,,1520440576,375819840,'',0,0,0.0,0.0,0.0,,0.0,0.0,0.0,,0.0,0.0,0.0,-0.0,-0.0
1520440576510683117,,597,,1520440576,482738496,'',0,0,0.0,0.0,0.0,,0.0,0.0,0.0,,0.0,0.0,0.0,-0.0,-0.0
1520440576592459121,,598,,1520440576,586131200,'',0,0,0.0,0.0,0.0,,0.0,0.0,0.0,,0.0,0.0,0.0,-0.0,-0.0
1520440576692470936,,599,,1520440576,681131200,'',0,0,0.0,0.0,0.0,,0.0,0.0,0.0,,0.0,0.0,0.0,-0.0,-0.0
1520440576792148513,,600,,1520440576,778636608,'',0,0,0.0,0.0,0.0,,0.0,0.0,0.0,,0.0,0.0,0.0,-0.0,-0.0
1520440576893022357,,601,,1520440576,877344832,'',0,0,0.0,0.0,0.0,,0.0,0.0,0.0,,0.0,0.0,0.0,-0.0,-0.0
1520440577001020717,,602,,1520440576,979229184,'',0,0,0.0,0.0,0.0,,0.0,0.0,0.0,,0.0,0.0,0.0,-0.0,-0.0
1520440577107988402,,603,,1520440577,88908288,'',0,0,0.0,0.0,0.0,,0.0,0.0,0.0,,0.0,0.0,0.0,-0.0,-0.0
1520440577202282072,,604,,1520440577,184908288,'',0,0,0.0,0.0,0.0,,0.0,0.0,0.0,,0.0,0.0,0.0,-0.0,-0.0
1520440577293783943,,605,,1520440577,283209856,'',0,0,0.0,0.0,0.0,,0.0,0.0,0.0,,0.0,0.0,0.0,-0.0,-0.0
1520440577387477813,,606,,1520440577,384793728,'',0,0,0.0,0.0,0.0,,0.0,0.0,0.0,,0.0,0.0,0.0,-0.0,-0.0
1520440577493113851,,607,,1520440577,482505984,'',0,0,0.0,0.0,0.0,,0.0,0.0,0.0,,0.0,0.0,0.0,-0.0,-0.0
1520440577606544222,,608,,1520440577,578841216,'',0,0,0.0,0.0,0.0,,0.0,0.0,0.0,,0.0,0.0,0.0,-0.0,-0.0
1520440577709389376,,609,,1520440577,693257536,'',0,0,0.0,0.0,0.0,,0.0,0.0,0.0,,0.0,0.0,0.0,-0.0,-0.0
1520440577801409526,,610,,1520440577,790110400,'',0,0,0.0,0.0,0.0,,0.0,0.0,0.0,,0.0,0.0,0.0,-0.0,-0.0
1520440577901311774,,611,,1520440577,890110400,'',0,0,0.0,0.0,0.0,,0.0,0.0,0.0,,0.0,0.0,0.0,-0.0,-0.0
1520440577993768390,,612,,1520440577,986604160,'',0,0,0.0,0.0,0.0,,0.0,0.0,0.0,,0.0,0.0,0.0,-0.0,-0.0
1520440578086061561,,613,,1520440578,81376192,'',0,0,0.0,0.0,0.0,,0.0,0.0,0.0,,0.0,0.0,0.0,-0.0,-0.0
1520440578198652638,,614,,1520440578,186087744,'',0,0,0.0,0.0,0.0,,0.0,0.0,0.0,,0.0,0.0,0.0,-0.0,-0.0
1520440578311062382,,615,,1520440578,290018816,'',0,0,0.0,0.0,0.0,,0.0,0.0,0.0,,0.0,0.0,0.0,-0.0,-0.0
1520440578392888808,,616,,1520440578,386081024,'',0,0,0.0,0.0,0.0,,0.0,0.0,0.0,,0.0,0.0,0.0,-0.0,-0.0
1520440578493489218,,617,,1520440578,488636736,'',0,0,0.0,0.0,0.0,,0.0,0.0,0.0,,0.0,0.0,0.0,-0.0,-0.0
1520440578593158035,,618,,1520440578,586636736,'',0,0,0.0,0.0,0.0,,0.0,0.0,0.0,,0.0,0.0,0.0,-0.0,-0.0
1520440578691673561,,619,,1520440578,686315776,'',0,0,0.0,0.0,0.0,,0.0,0.0,0.0,,0.0,0.0,0.0,-0.0,-0.0
1520440578799998735,,620,,1520440578,786354368,'',0,0,0.0,0.0,0.0,,0.0,0.0,0.0,,0.0,0.0,0.0,-0.0,-0.0
1520440578892986507,,621,,1520440578,887412480,'',0,0,0.0,0.0,0.0,,0.0,0.0,0.0,,0.0,0.0,0.0,-0.0,-0.0
1520440578991972946,,622,,1520440578,983687808,'',0,0,0.0,0.0,0.0,,0.0,0.0,0.0,,0.0,0.0,0.0,-0.0,-0.0
1520440579094687365,,623,,1520440579,87517696,'',0,0,0.0,0.0,0.0,,0.0,0.0,0.0,,0.0,0.0,0.0,-0.0,-0.0
1520440579193595952,,624,,1520440579,185883136,'',0,0,0.0,0.0,0.0,,0.0,0.0,0.0,,0.0,0.0,0.0,-0.0,-0.0
1520440579293292610,,625,,1520440579,287926720,'',0,0,0.0,0.0,0.0,,0.0,0.0,0.0,,0.0,0.0,0.0,-0.0,-0.0
1520440579392918395,,626,,1520440579,385028352,'',0,0,0.0,0.0,0.0,,0.0,0.0,0.0,,0.0,0.0,0.0,-0.0,-0.0
1520440579492703479,,627,,1520440579,482551488,'',0,0,0.0,0.0,0.0,,0.0,0.0,0.0,,0.0,0.0,0.0,-0.0,-0.0
1520440579592190090,,628,,1520440579,584518208,'',0,0,0.0,0.0,0.0,,0.0,0.0,0.0,,0.0,0.0,0.0,-0.0,-0.0
1520440579692881793,,629,,1520440579,684197632,'',0,0,0.0,0.0,0.0,,0.0,0.0,0.0,,0.0,0.0,0.0,-0.0,-0.0
1520440579793143531,,630,,1520440579,786055232,'',0,0,0.0,0.0,0.0,,0.0,0.0,0.0,,0.0,0.0,0.0,-0.0,-0.0
1520440579902337836,,631,,1520440579,886655104,'',0,0,0.0,0.0,0.0,,0.0,0.0,0.0,,0.0,0.0,0.0,-0.0,-0.0
1520440580030842803,,632,,1520440580,7974637,'',0,0,0.0,0.0,0.0,,0.0,0.0,0.0,,0.0,0.0,0.0,-0.0,-0.0
1520440580103341443,,633,,1520440580,93536014,'',0,0,0.0,0.0,0.0,,0.0,0.0,0.0,,0.0,0.0,0.0,-0.0,-0.0
1520440580223427027,,634,,1520440580,200499840,'',0,0,0.0,0.0,0.0,,0.0,0.0,0.0,,0.0,0.0,0.0,-0.0,-0.0
1520440580293391652,,635,,1520440580,285483038,'',0,0,0.0,0.0,0.0,,0.0,0.0,0.0,,0.0,0.0,0.0,-0.0,-0.0
1520440580402774999,,636,,1520440580,392518464,'',0,0,0.0,0.0,0.0,,0.0,0.0,0.0,,0.0,0.0,0.0,-0.0,-0.0
1520440580491057070,,637,,1520440580,486058304,'',0,0,0.0,0.0,0.0,,0.0,0.0,0.0,,0.0,0.0,0.0,-0.0,-0.0
1520440580591913120,,638,,1520440580,583733248,'',0,0,0.0,0.0,0.0,,0.0,0.0,0.0,,0.0,0.0,0.0,-0.0,-0.0
1520440580720349077,,639,,1520440580,703285734,'',0,0,0.0,0.0,0.0,,0.0,0.0,0.0,,0.0,0.0,0.0,-0.0,-0.0
1520440580793128136,,640,,1520440580,784481541,'',0,0,0.0,0.0,0.0,,0.0,0.0,0.0,,0.0,0.0,0.0,-0.0,-0.0
1520440580892234897,,641,,1520440580,885806912,'',0,0,0.0,0.0,0.0,,0.0,0.0,0.0,,0.0,0.0,0.0,-0.0,-0.0
1520440580993994653,,642,,1520440580,985498624,'',0,0,0.0,0.0,0.0,,0.0,0.0,0.0,,0.0,0.0,0.0,-0.0,-0.0
1520440581092053449,,643,,1520440581,83098816,'',0,0,0.0,0.0,0.0,,0.0,0.0,0.0,,0.0,0.0,0.0,-0.0,-0.0
1520440581219549319,,644,,1520440581,200083378,'',0,0,0.0,0.0,0.0,,0.0,0.0,0.0,,0.0,0.0,0.0,-0.0,-0.0
1520440581303027062,,645,,1520440581,296362752,'',0,0,0.0,0.0,0.0,,0.0,0.0,0.0,,0.0,0.0,0.0,-0.0,-0.0
1520440581401921769,,646,,1520440581,389742528,'',0,0,0.0,0.0,0.0,,0.0,0.0,0.0,,0.0,0.0,0.0,-0.0,-0.0
1520440581520564547,,647,,1520440581,494632384,'',0,0,0.0,0.0,0.0,,0.0,0.0,0.0,,0.0,0.0,0.0,-0.0,-0.0
1520440581627891204,,648,,1520440581,582302487,'',0,0,0.0,0.0,0.0,,0.0,0.0,0.0,,0.0,0.0,0.0,-0.0,-0.0
1520440581720328214,,649,,1520440581,700554091,'',0,0,0.0,0.0,0.0,,0.0,0.0,0.0,,0.0,0.0,0.0,-0.0,-0.0
1520440581792481362,,650,,1520440581,784362629,'',0,0,0.0,0.0,0.0,,0.0,0.0,0.0,,0.0,0.0,0.0,-0.0,-0.0
1520440581892140062,,651,,1520440581,886397312,'',0,0,0.0,0.0,0.0,,0.0,0.0,0.0,,0.0,0.0,0.0,-0.0,-0.0
1520440581992758767,,652,,1520440581,987406976,'',0,0,0.0,0.0,0.0,,0.0,0.0,0.0,,0.0,0.0,0.0,-0.0,-0.0
1520440582092157081,,653,,1520440582,86714624,'',0,0,0.0,0.0,0.0,,0.0,0.0,0.0,,0.0,0.0,0.0,-0.0,-0.0
1520440582220131102,,654,,1520440582,203220027,'',0,0,0.0,0.0,0.0,,0.0,0.0,0.0,,0.0,0.0,0.0,-0.0,-0.0
1520440582293124701,,655,,1520440582,285744492,'',0,0,0.0,0.0,0.0,,0.0,0.0,0.0,,0.0,0.0,0.0,-0.0,-0.0
1520440582395629469,,656,,1520440582,387085312,'',0,0,0.0,0.0,0.0,,0.0,0.0,0.0,,0.0,0.0,0.0,-0.0,-0.0
1520440582495997261,,657,,1520440582,490698688,'',0,0,0.0,0.0,0.0,,0.0,0.0,0.0,,0.0,0.0,0.0,-0.0,-0.0
1520440582624900007,,658,,1520440582,603683295,'',0,0,0.0,0.0,0.0,,0.0,0.0,0.0,,0.0,0.0,0.0,-0.0,-0.0
1520440582721238742,,659,,1520440582,702274560,'',0,0,0.0,0.0,0.0,,0.0,0.0,0.0,,0.0,0.0,0.0,-0.0,-0.0
1520440582820806529,,660,,1520440582,801149440,'',0,0,0.0,0.0,0.0,,0.0,0.0,0.0,,0.0,0.0,0.0,-0.0,-0.0
1520440582894782623,,661,,1520440582,889356991,'',0,0,0.0,0.0,0.0,,0.0,0.0,0.0,,0.0,0.0,0.0,-0.0,-0.0
1520440583020117726,,662,,1520440583,1028051,'',0,0,0.0,0.0,0.0,,0.0,0.0,0.0,,0.0,0.0,0.0,-0.0,-0.0
1520440583120699258,,663,,1520440583,104749504,'',0,0,0.0,0.0,0.0,,0.0,0.0,0.0,,0.0,0.0,0.0,-0.0,-0.0
1520440583194997679,,664,,1520440583,189556717,'',0,0,0.0,0.0,0.0,,0.0,0.0,0.0,,0.0,0.0,0.0,-0.0,-0.0
1520440583325934733,,665,,1520440583,288017280,'',0,0,0.0,0.0,0.0,,0.0,0.0,0.0,,0.0,0.0,0.0,-0.0,-0.0
1520440583435376610,,666,,1520440583,387591424,'',0,0,0.0,0.0,0.0,,0.0,0.0,0.0,,0.0,0.0,0.0,-0.0,-0.0
1520440583511812120,,667,,1520440583,496914447,'',0,0,0.0,0.0,0.0,,0.0,0.0,0.0,,0.0,0.0,0.0,-0.0,-0.0
1520440583594360555,,668,,1520440583,593091712,'',0,0,0.0,0.0,0.0,,0.0,0.0,0.0,,0.0,0.0,0.0,-0.0,-0.0
1520440583720693557,,669,,1520440583,702622754,'',0,0,0.0,0.0,0.0,,0.0,0.0,0.0,,0.0,0.0,0.0,-0.0,-0.0
1520440583829139573,,670,,1520440583,807050496,'',0,0,0.0,0.0,0.0,,0.0,0.0,0.0,,0.0,0.0,0.0,-0.0,-0.0
1520440583918432759,,671,,1520440583,902648128,'',0,0,0.0,0.0,0.0,,0.0,0.0,0.0,,0.0,0.0,0.0,-0.0,-0.0
1520440583992631581,,672,,1520440583,984898977,'',0,0,0.0,0.0,0.0,,0.0,0.0,0.0,,0.0,0.0,0.0,-0.0,-0.0
1520440584113026034,,673,,1520440584,104160941,'',0,0,0.0,0.0,0.0,,0.0,0.0,0.0,,0.0,0.0,0.0,-0.0,-0.0
1520440584219541290,,674,,1520440584,205353216,'',0,0,0.0,0.0,0.0,,0.0,0.0,0.0,,0.0,0.0,0.0,-0.0,-0.0
1520440584303450417,,675,,1520440584,297870464,'',0,0,0.0,0.0,0.0,,0.0,0.0,0.0,,0.0,0.0,0.0,-0.0,-0.0
1520440584420361828,,676,,1520440584,401919104,'',0,0,0.0,0.0,0.0,,0.0,0.0,0.0,,0.0,0.0,0.0,-0.0,-0.0
1520440584520012256,,677,,1520440584,498196608,'',0,0,0.0,0.0,0.0,,0.0,0.0,0.0,,0.0,0.0,0.0,-0.0,-0.0
1520440584612399418,,678,,1520440584,591405095,'',0,0,0.0,0.0,0.0,,0.0,0.0,0.0,,0.0,0.0,0.0,-0.0,-0.0
1520440584721220855,,679,,1520440584,703827555,'',0,0,0.0,0.0,0.0,,0.0,0.0,0.0,,0.0,0.0,0.0,-0.0,-0.0
1520440584834596695,,680,,1520440584,785039614,'',0,0,0.0,0.0,0.0,,0.0,0.0,0.0,,0.0,0.0,0.0,-0.0,-0.0
1520440584913182103,,681,,1520440584,897864420,'',0,0,0.0,0.0,0.0,,0.0,0.0,0.0,,0.0,0.0,0.0,-0.0,-0.0
1520440585016080690,,682,,1520440584,995864420,'',0,0,0.0,0.0,0.0,,0.0,0.0,0.0,,0.0,0.0,0.0,-0.0,-0.0
1520440585092784356,,683,,1520440585,88407217,'',0,0,0.0,0.0,0.0,,0.0,0.0,0.0,,0.0,0.0,0.0,-0.0,-0.0
1520440585222463561,,684,,1520440585,198095376,'',0,0,0.0,0.0,0.0,,0.0,0.0,0.0,,0.0,0.0,0.0,-0.0,-0.0
1520440585323534314,,685,,1520440585,300041408,'',0,0,0.0,0.0,0.0,,0.0,0.0,0.0,,0.0,0.0,0.0,-0.0,-0.0
1520440585391971944,,686,,1520440585,383567534,'',0,0,0.0,0.0,0.0,,0.0,0.0,0.0,,0.0,0.0,0.0,-0.0,-0.0
1520440585492590321,,687,,1520440585,483322048,'',0,0,0.0,0.0,0.0,,0.0,0.0,0.0,,0.0,0.0,0.0,-0.0,-0.0
1520440585595529239,,688,,1520440585,585601984,'',0,0,0.0,0.0,0.0,,0.0,0.0,0.0,,0.0,0.0,0.0,-0.0,-0.0
1520440585723792639,,689,,1520440585,703902996,'',0,0,0.0,0.0,0.0,,0.0,0.0,0.0,,0.0,0.0,0.0,-0.0,-0.0
1520440585828502129,,690,,1520440585,804390528,'',0,0,0.0,0.0,0.0,,0.0,0.0,0.0,,0.0,0.0,0.0,-0.0,-0.0
1520440585895267123,,691,,1520440585,886588290,'',0,0,0.0,0.0,0.0,,0.0,0.0,0.0,,0.0,0.0,0.0,-0.0,-0.0
1520440585993275196,,692,,1520440585,989793472,'',0,0,0.0,0.0,0.0,,0.0,0.0,0.0,,0.0,0.0,0.0,-0.0,-0.0
1520440586092311438,,693,,1520440586,83574976,'',0,0,0.0,0.0,0.0,,0.0,0.0,0.0,,0.0,0.0,0.0,-0.0,-0.0
1520440586192492347,,694,,1520440586,187872512,'',0,0,0.0,0.0,0.0,,0.0,0.0,0.0,,0.0,0.0,0.0,-0.0,-0.0
1520440586293437301,,695,,1520440586,284545728,'',0,0,0.0,0.0,0.0,,0.0,0.0,0.0,,0.0,0.0,0.0,-0.0,-0.0
1520440586392565363,,696,,1520440586,388686080,'',0,0,0.0,0.0,0.0,,0.0,0.0,0.0,,0.0,0.0,0.0,-0.0,-0.0
1520440586527357934,,697,,1520440586,504931929,'',0,0,0.0,0.0,0.0,,0.0,0.0,0.0,,0.0,0.0,0.0,-0.0,-0.0
1520440586618605875,,698,,1520440586,604971200,'',0,0,0.0,0.0,0.0,,0.0,0.0,0.0,,0.0,0.0,0.0,-0.0,-0.0
1520440586720960907,,699,,1520440586,700637376,'',0,0,0.0,0.0,0.0,,0.0,0.0,0.0,,0.0,0.0,0.0,-0.0,-0.0
1520440586829457635,,700,,1520440586,803608320,'',0,0,0.0,0.0,0.0,,0.0,0.0,0.0,,0.0,0.0,0.0,-0.0,-0.0
1520440586887467624,,701,,1520440586,882423354,'',0,0,0.0,0.0,0.0,,0.0,0.0,0.0,,0.0,0.0,0.0,-0.0,-0.0
1520440587016825279,,702,,1520440587,1376971,'',0,0,0.0,0.0,0.0,,0.0,0.0,0.0,,0.0,0.0,0.0,-0.0,-0.0
1520440587093163568,,703,,1520440587,85278212,'',0,0,0.0,0.0,0.0,,0.0,0.0,0.0,,0.0,0.0,0.0,-0.0,-0.0
1520440587192588375,,704,,1520440587,185616128,'',0,0,0.0,0.0,0.0,,0.0,0.0,0.0,,0.0,0.0,0.0,-0.0,-0.0
1520440587309980891,,705,,1520440587,285616128,'',0,0,0.0,0.0,0.0,,0.0,0.0,0.0,,0.0,0.0,0.0,-0.0,-0.0
1520440587419585844,,706,,1520440587,387123008,'',0,0,0.0,0.0,0.0,,0.0,0.0,0.0,,0.0,0.0,0.0,-0.0,-0.0
