rosbagTimestamp,header,seq,stamp,secs,nsecs,frame_id,channels
1520440529276090180,,129,,1520440529,260979652,'',"[1190, 1190, 1190, 1190, 0, 0, 0, 0]"
1520440529392064397,,130,,1520440529,382198510,'',"[1190, 1190, 1190, 1190, 0, 0, 0, 0]"
1520440529480030924,,131,,1520440529,459922830,'',"[1190, 1190, 1190, 1190, 0, 0, 0, 0]"
1520440529574294065,,132,,1520440529,571281879,'',"[1190, 1190, 1190, 1190, 0, 0, 0, 0]"
1520440529684736815,,133,,1520440529,672439536,'',"[1190, 1190, 1190, 1190, 0, 0, 0, 0]"
1520440529778949641,,134,,1520440529,764411592,'',"[1190, 1190, 1190, 1190, 0, 0, 0, 0]"
1520440529901012534,,135,,1520440529,873843464,'',"[1190, 1190, 1190, 1190, 0, 0, 0, 0]"
1520440529976920037,,136,,1520440529,975904872,'',"[1190, 1190, 1190, 1190, 0, 0, 0, 0]"
1520440530081442326,,137,,1520440530,69475930,'',"[1190, 1190, 1190, 1190, 0, 0, 0, 0]"
1520440530177648895,,138,,1520440530,167510208,'',"[1190, 1190, 1190, 1190, 0, 0, 0, 0]"
1520440530277976583,,139,,1520440530,268184424,'',"[1190, 1190, 1190, 1190, 0, 0, 0, 0]"
1520440530376507725,,140,,1520440530,373580448,'',"[1190, 1190, 1190, 1190, 0, 0, 0, 0]"
1520440530501964414,,141,,1520440530,476375216,'',"[1190, 1190, 1190, 1190, 0, 0, 0, 0]"
1520440530591817786,,142,,1520440530,575130016,'',"[1190, 1190, 1190, 1190, 0, 0, 0, 0]"
1520440530701404672,,143,,1520440530,660250098,'',"[1190, 1190, 1190, 1190, 0, 0, 0, 0]"
1520440530803617627,,144,,1520440530,774887575,'',"[1190, 1190, 1190, 1190, 0, 0, 0, 0]"
1520440530878456683,,145,,1520440530,873190624,'',"[1190, 1190, 1190, 1190, 0, 0, 0, 0]"
1520440530983240258,,146,,1520440530,979081112,'',"[1190, 1190, 1190, 1190, 0, 0, 0, 0]"
1520440531091142271,,147,,1520440531,75584392,'',"[1190, 1190, 1190, 1190, 0, 0, 0, 0]"
1520440531184192653,,148,,1520440531,171669048,'',"[1190, 1190, 1190, 1190, 0, 0, 0, 0]"
1520440531285598031,,149,,1520440531,274275952,'',"[1190, 1190, 1190, 1190, 0, 0, 0, 0]"
1520440531400968385,,150,,1520440531,368927736,'',"[1190, 1190, 1190, 1190, 0, 0, 0, 0]"
1520440531476430624,,151,,1520440531,468896496,'',"[1190, 1190, 1190, 1190, 0, 0, 0, 0]"
1520440531576640825,,152,,1520440531,571187536,'',"[1190, 1190, 1190, 1190, 0, 0, 0, 0]"
1520440531700893731,,153,,1520440531,669644120,'',"[1190, 1190, 1190, 1190, 0, 0, 0, 0]"
1520440531776340061,,154,,1520440531,754085245,'',"[1190, 1190, 1190, 1190, 0, 0, 0, 0]"
1520440531875134253,,155,,1520440531,865093477,'',"[1190, 1190, 1190, 1190, 0, 0, 0, 0]"
1520440531972966560,,156,,1520440531,964361712,'',"[1190, 1190, 1190, 1190, 0, 0, 0, 0]"
1520440532072520300,,157,,1520440532,64001472,'',"[1190, 1190, 1190, 1190, 0, 0, 0, 0]"
1520440532176483458,,158,,1520440532,168870616,'',"[1190, 1190, 1190, 1190, 0, 0, 0, 0]"
1520440532282179483,,159,,1520440532,267776656,'',"[1190, 1190, 1190, 1190, 0, 0, 0, 0]"
1520440532378719081,,160,,1520440532,365864344,'',"[1190, 1190, 1190, 1190, 0, 0, 0, 0]"
1520440532502284508,,161,,1520440532,473965088,'',"[1190, 1190, 1190, 1190, 0, 0, 0, 0]"
1520440532577982403,,162,,1520440532,576874984,'',"[1190, 1190, 1190, 1190, 0, 0, 0, 0]"
1520440532694505406,,163,,1520440532,676177304,'',"[1190, 1190, 1190, 1190, 0, 0, 0, 0]"
1520440532801198130,,164,,1520440532,758861355,'',"[1190, 1190, 1190, 1190, 0, 0, 0, 0]"
1520440532900648778,,165,,1520440532,874538421,'',"[1190, 1190, 1190, 1190, 0, 0, 0, 0]"
1520440532981698019,,166,,1520440532,974858216,'',"[1190, 1190, 1190, 1190, 0, 0, 0, 0]"
1520440533091303380,,167,,1520440533,70193296,'',"[1190, 1190, 1190, 1190, 0, 0, 0, 0]"
1520440533177514965,,168,,1520440533,158677020,'',"[1190, 1190, 1190, 1190, 0, 0, 0, 0]"
1520440533301011148,,169,,1520440533,277000545,'',"[1190, 1190, 1190, 1190, 0, 0, 0, 0]"
1520440533376209735,,170,,1520440533,374593944,'',"[1190, 1190, 1190, 1190, 0, 0, 0, 0]"
1520440533501252584,,171,,1520440533,476515320,'',"[1190, 1190, 1190, 1190, 0, 0, 0, 0]"
1520440533577833157,,172,,1520440533,576458136,'',"[1190, 1190, 1190, 1190, 0, 0, 0, 0]"
1520440533700178508,,173,,1520440533,674540544,'',"[1190, 1190, 1190, 1190, 0, 0, 0, 0]"
1520440533783043025,,174,,1520440533,775474608,'',"[1190, 1190, 1190, 1190, 0, 0, 0, 0]"
1520440533877230699,,175,,1520440533,872618432,'',"[1190, 1190, 1190, 1190, 0, 0, 0, 0]"
1520440533978714024,,176,,1520440533,975251152,'',"[1190, 1190, 1190, 1190, 0, 0, 0, 0]"
1520440534077432034,,177,,1520440534,69253960,'',"[1190, 1190, 1190, 1190, 0, 0, 0, 0]"
1520440534174296192,,178,,1520440534,171971200,'',"[1190, 1190, 1190, 1190, 0, 0, 0, 0]"
1520440534300953713,,179,,1520440534,275125608,'',"[1190, 1190, 1190, 1190, 0, 0, 0, 0]"
1520440534394479083,,180,,1520440534,374503112,'',"[1190, 1190, 1190, 1190, 0, 0, 0, 0]"
1520440534478919306,,181,,1520440534,474793600,'',"[1190, 1190, 1190, 1190, 0, 0, 0, 0]"
1520440534574386698,,182,,1520440534,571618104,'',"[1190, 1190, 1190, 1190, 0, 0, 0, 0]"
1520440534676261615,,183,,1520440534,668977552,'',"[1190, 1190, 1190, 1190, 0, 0, 0, 0]"
1520440534772561004,,184,,1520440534,764542720,'',"[1190, 1190, 1190, 1190, 0, 0, 0, 0]"
1520440534877709174,,185,,1520440534,862275792,'',"[1190, 1190, 1190, 1190, 0, 0, 0, 0]"
1520440534977736693,,186,,1520440534,966369440,'',"[1190, 1190, 1190, 1190, 0, 0, 0, 0]"
1520440535093994085,,187,,1520440535,76599285,'',"[1190, 1190, 1190, 1190, 0, 0, 0, 0]"
1520440535201301134,,188,,1520440535,175674512,'',"[1190, 1190, 1190, 1190, 0, 0, 0, 0]"
1520440535277239471,,189,,1520440535,276581472,'',"[1190, 1190, 1190, 1190, 0, 0, 0, 0]"
1520440535376831768,,190,,1520440535,371926184,'',"[1190, 1190, 1190, 1190, 0, 0, 0, 0]"
1520440535496740925,,191,,1520440535,476988928,'',"[1190, 1190, 1190, 1190, 0, 0, 0, 0]"
1520440535576686295,,192,,1520440535,561496848,'',"[1190, 1190, 1190, 1190, 0, 0, 0, 0]"
1520440535676889732,,193,,1520440535,666136304,'',"[1190, 1190, 1190, 1190, 0, 0, 0, 0]"
1520440535793065841,,194,,1520440535,771739576,'',"[1190, 1190, 1190, 1190, 0, 0, 0, 0]"
1520440535877082364,,195,,1520440535,873587040,'',"[1190, 1190, 1190, 1190, 0, 0, 0, 0]"
1520440535977029777,,196,,1520440535,977076112,'',"[1190, 1190, 1190, 1190, 0, 0, 0, 0]"
1520440536082125470,,197,,1520440536,71500736,'',"[1190, 1190, 1190, 1190, 0, 0, 0, 0]"
1520440536181700360,,198,,1520440536,173290056,'',"[1190, 1190, 1190, 1190, 0, 0, 0, 0]"
1520440536281260845,,199,,1520440536,271506840,'',"[1190, 1190, 1190, 1190, 0, 0, 0, 0]"
1520440536382337318,,200,,1520440536,375342968,'',"[1190, 1190, 1190, 1190, 0, 0, 0, 0]"
1520440536482283860,,201,,1520440536,470168304,'',"[1190, 1190, 1190, 1190, 0, 0, 0, 0]"
1520440536578164201,,202,,1520440536,572553896,'',"[1190, 1190, 1190, 1190, 0, 0, 0, 0]"
1520440536692796160,,203,,1520440536,674939544,'',"[1190, 1190, 1190, 1190, 0, 0, 0, 0]"
1520440536782552106,,204,,1520440536,772872480,'',"[1190, 1190, 1190, 1190, 0, 0, 0, 0]"
1520440536882063760,,205,,1520440536,873473960,'',"[1190, 1190, 1190, 1190, 0, 0, 0, 0]"
1520440536981915208,,206,,1520440536,971190936,'',"[1190, 1190, 1190, 1190, 0, 0, 0, 0]"
1520440537104215562,,207,,1520440537,73189856,'',"[1190, 1190, 1190, 1190, 0, 0, 0, 0]"
1520440537201325372,,208,,1520440537,182842440,'',"[1190, 1190, 1190, 1190, 0, 0, 0, 0]"
1520440537302105441,,209,,1520440537,278729808,'',"[1190, 1190, 1190, 1190, 0, 0, 0, 0]"
1520440537383094962,,210,,1520440537,379210880,'',"[1190, 1190, 1190, 1190, 0, 0, 0, 0]"
1520440537492170526,,211,,1520440537,480681032,'',"[1190, 1190, 1190, 1190, 0, 0, 0, 0]"
1520440537592849923,,212,,1520440537,576338144,'',"[1190, 1190, 1190, 1190, 0, 0, 0, 0]"
1520440537701290722,,213,,1520440537,679270144,'',"[1190, 1190, 1190, 1190, 0, 0, 0, 0]"
1520440537778323019,,214,,1520440537,778330680,'',"[1190, 1190, 1190, 1190, 0, 0, 0, 0]"
1520440537882267772,,215,,1520440537,879081432,'',"[1190, 1190, 1190, 1190, 0, 0, 0, 0]"
1520440537981595078,,216,,1520440537,979111656,'',"[1190, 1190, 1190, 1190, 0, 0, 0, 0]"
1520440538082858939,,217,,1520440538,72299320,'',"[1190, 1190, 1190, 1190, 0, 0, 0, 0]"
1520440538182414581,,218,,1520440538,175118528,'',"[1190, 1190, 1190, 1190, 0, 0, 0, 0]"
1520440538292006724,,219,,1520440538,272622600,'',"[1190, 1190, 1190, 1190, 0, 0, 0, 0]"
1520440538383065729,,220,,1520440538,373459632,'',"[1190, 1190, 1190, 1190, 0, 0, 0, 0]"
1520440538483044127,,221,,1520440538,468350152,'',"[1190, 1190, 1190, 1190, 0, 0, 0, 0]"
1520440538582068321,,222,,1520440538,572020816,'',"[1190, 1190, 1190, 1190, 0, 0, 0, 0]"
1520440538693165829,,223,,1520440538,675786680,'',"[1190, 1190, 1190, 1190, 0, 0, 0, 0]"
1520440538778067991,,224,,1520440538,773810864,'',"[1190, 1190, 1190, 1190, 0, 0, 0, 0]"
1520440538882855729,,225,,1520440538,874406912,'',"[1190, 1190, 1190, 1190, 0, 0, 0, 0]"
1520440538994230098,,226,,1520440538,974059856,'',"[1190, 1190, 1190, 1190, 0, 0, 0, 0]"
1520440539103126373,,227,,1520440539,73808568,'',"[1190, 1190, 1190, 1190, 0, 0, 0, 0]"
1520440539177566724,,228,,1520440539,171521880,'',"[1190, 1190, 1190, 1190, 0, 0, 0, 0]"
1520440539300729030,,229,,1520440539,274323008,'',"[1190, 1190, 1190, 1190, 0, 0, 0, 0]"
1520440539381477132,,230,,1520440539,377798952,'',"[1190, 1190, 1190, 1190, 0, 0, 0, 0]"
1520440539517090575,,231,,1520440539,473179328,'',"[1190, 1190, 1190, 1190, 0, 0, 0, 0]"
1520440539582041370,,232,,1520440539,569106640,'',"[1190, 1190, 1190, 1190, 0, 0, 0, 0]"
1520440539681849988,,233,,1520440539,669337504,'',"[1190, 1190, 1190, 1190, 0, 0, 0, 0]"
1520440539782603100,,234,,1520440539,771984128,'',"[1190, 1190, 1190, 1190, 0, 0, 0, 0]"
1520440539875641545,,235,,1520440539,870391256,'',"[1190, 1190, 1190, 1190, 0, 0, 0, 0]"
1520440539992467791,,236,,1520440539,972826256,'',"[1190, 1190, 1190, 1190, 0, 0, 0, 0]"
1520440540083369548,,237,,1520440540,74426320,'',"[1190, 1190, 1190, 1190, 0, 0, 0, 0]"
1520440540179598804,,238,,1520440540,171506088,'',"[1190, 1190, 1190, 1190, 0, 0, 0, 0]"
1520440540319639241,,239,,1520440540,279281968,'',"[1190, 1190, 1190, 1190, 0, 0, 0, 0]"
1520440540382229574,,240,,1520440540,387955385,'',"[1190, 1190, 1190, 1190, 0, 0, 0, 0]"
1520440540484178462,,241,,1520440540,470153360,'',"[1190, 1190, 1190, 1190, 0, 0, 0, 0]"
1520440540606600634,,242,,1520440540,571216832,'',"[1190, 1190, 1190, 1190, 0, 0, 0, 0]"
1520440540678344541,,243,,1520440540,676212432,'',"[1190, 1190, 1190, 1190, 0, 0, 0, 0]"
1520440540801272794,,244,,1520440540,777109096,'',"[1190, 1190, 1190, 1190, 0, 0, 0, 0]"
1520440540891656859,,245,,1520440540,878053432,'',"[1190, 1190, 1190, 1190, 0, 0, 0, 0]"
1520440540982291887,,246,,1520440540,975612776,'',"[1190, 1190, 1190, 1190, 0, 0, 0, 0]"
1520440541092306911,,247,,1520440541,74082152,'',"[1190, 1190, 1190, 1190, 0, 0, 0, 0]"
1520440541181940497,,248,,1520440541,175722248,'',"[1190, 1190, 1190, 1190, 0, 0, 0, 0]"
1520440541278394446,,249,,1520440541,272599720,'',"[1190, 1190, 1190, 1190, 0, 0, 0, 0]"
1520440541378292869,,250,,1520440541,372239688,'',"[1190, 1190, 1190, 1190, 0, 0, 0, 0]"
1520440541492152059,,251,,1520440541,481374104,'',"[1190, 1190, 1190, 1190, 0, 0, 0, 0]"
1520440541592269427,,252,,1520440541,581608320,'',"[1190, 1190, 1190, 1190, 0, 0, 0, 0]"
1520440541695904589,,253,,1520440541,685752320,'',"[1190, 1190, 1190, 1190, 0, 0, 0, 0]"
1520440541806310079,,254,,1520440541,785192080,'',"[1190, 1190, 1190, 1190, 0, 0, 0, 0]"
1520440541900954850,,255,,1520440541,885069624,'',"[1190, 1190, 1190, 1190, 0, 0, 0, 0]"
1520440541986385172,,256,,1520440541,985147624,'',"[1190, 1190, 1190, 1190, 0, 0, 0, 0]"
1520440542105911568,,257,,1520440542,80350176,'',"[1190, 1190, 1190, 1190, 0, 0, 0, 0]"
1520440542201912869,,258,,1520440542,186457264,'',"[1190, 1190, 1190, 1190, 0, 0, 0, 0]"
1520440542296270229,,259,,1520440542,286469264,'',"[1190, 1190, 1190, 1190, 0, 0, 0, 0]"
1520440542400701248,,260,,1520440542,389307572,'',"[1190, 1190, 1190, 1190, 0, 0, 0, 0]"
1520440542504398140,,261,,1520440542,484555572,'',"[1190, 1190, 1190, 1190, 0, 0, 0, 0]"
1520440542592573031,,262,,1520440542,586272848,'',"[1190, 1190, 1190, 1190, 0, 0, 0, 0]"
1520440542706945181,,263,,1520440542,681683848,'',"[1190, 1190, 1190, 1190, 0, 0, 0, 0]"
1520440542801037944,,264,,1520440542,781050856,'',"[1543, 1554, 1405, 1418, 0, 0, 0, 0]"
1520440542892806467,,265,,1520440542,884719024,'',"[1561, 1565, 1414, 1432, 0, 0, 0, 0]"
1520440542993000135,,266,,1520440542,970057004,'',"[1573, 1586, 1428, 1442, 0, 0, 0, 0]"
1520440543100831210,,267,,1520440543,68598120,'',"[1593, 1602, 1438, 1451, 0, 0, 0, 0]"
1520440543223578053,,268,,1520440543,180850426,'',"[1610, 1619, 1452, 1466, 0, 0, 0, 0]"
1520440543306327554,,269,,1520440543,265753259,'',"[1627, 1637, 1463, 1477, 0, 0, 0, 0]"
1520440543392556022,,270,,1520440543,385365553,'',"[1644, 1653, 1474, 1487, 0, 0, 0, 0]"
1520440543501204822,,271,,1520440543,476251264,'',"[1662, 1671, 1486, 1500, 0, 0, 0, 0]"
1520440543609687389,,272,,1520440543,580186192,'',"[1679, 1688, 1498, 1513, 0, 0, 0, 0]"
1520440543692410007,,273,,1520440543,683924048,'',"[1691, 1701, 1506, 1520, 0, 0, 0, 0]"
1520440543801372116,,274,,1520440543,778283336,'',"[1693, 1703, 1501, 1516, 0, 0, 0, 0]"
1520440543892944096,,275,,1520440543,878947448,'',"[1696, 1704, 1497, 1510, 0, 0, 0, 0]"
1520440543999623885,,276,,1520440543,978218672,'',"[1697, 1704, 1492, 1508, 0, 0, 0, 0]"
1520440544100860863,,277,,1520440544,80196464,'',"[1698, 1708, 1487, 1506, 0, 0, 0, 0]"
1520440544208306155,,278,,1520440544,176400008,'',"[1695, 1700, 1484, 1505, 0, 0, 0, 0]"
1520440544301514467,,279,,1520440544,282284888,'',"[1585, 1676, 1462, 1518, 0, 0, 0, 0]"
1520440544402940353,,280,,1520440544,382372656,'',"[1561, 1624, 1461, 1520, 0, 0, 0, 0]"
1520440544493933746,,281,,1520440544,482725144,'',"[1544, 1596, 1490, 1527, 0, 0, 0, 0]"
1520440544620278326,,282,,1520440544,578796200,'',"[1512, 1579, 1501, 1527, 0, 0, 0, 0]"
1520440544762845864,,283,,1520440544,691063842,'',"[1501, 1558, 1502, 1536, 0, 0, 0, 0]"
1520440544814641652,,284,,1520440544,816856101,'',"[1516, 1539, 1518, 1555, 0, 0, 0, 0]"
1520440544910539255,,285,,1520440544,885695097,'',"[1502, 1546, 1528, 1557, 0, 0, 0, 0]"
1520440545003157541,,286,,1520440544,968809578,'',"[1494, 1565, 1519, 1589, 0, 0, 0, 0]"
1520440545092094968,,287,,1520440545,86752032,'',"[1515, 1569, 1541, 1595, 0, 0, 0, 0]"
1520440545202159437,,288,,1520440545,180487696,'',"[1556, 1582, 1572, 1611, 0, 0, 0, 0]"
1520440545301552974,,289,,1520440545,285307512,'',"[1511, 1594, 1543, 1598, 0, 0, 0, 0]"
1520440545400897875,,290,,1520440545,381859104,'',"[1524, 1568, 1543, 1570, 0, 0, 0, 0]"
1520440545497445630,,291,,1520440545,483412456,'',"[1514, 1576, 1523, 1574, 0, 0, 0, 0]"
1520440545609792187,,292,,1520440545,596719947,'',"[1535, 1577, 1535, 1569, 0, 0, 0, 0]"
1520440545700720738,,293,,1520440545,694642947,'',"[1522, 1579, 1508, 1576, 0, 0, 0, 0]"
1520440545791913550,,294,,1520440545,783304512,'',"[1542, 1579, 1530, 1564, 0, 0, 0, 0]"
1520440545901583995,,295,,1520440545,884075512,'',"[1544, 1581, 1515, 1571, 0, 0, 0, 0]"
1520440545989191370,,296,,1520440545,985092912,'',"[1542, 1586, 1522, 1558, 0, 0, 0, 0]"
1520440546094735475,,297,,1520440546,81670648,'',"[1532, 1597, 1516, 1559, 0, 0, 0, 0]"
1520440546208003925,,298,,1520440546,192498851,'',"[1548, 1586, 1516, 1559, 0, 0, 0, 0]"
1520440546301087897,,299,,1520440546,290968152,'',"[1543, 1599, 1507, 1572, 0, 0, 0, 0]"
1520440546392393765,,300,,1520440546,385726488,'',"[1541, 1602, 1512, 1570, 0, 0, 0, 0]"
1520440546492913322,,301,,1520440546,483390576,'',"[1550, 1595, 1512, 1572, 0, 0, 0, 0]"
1520440546591655110,,302,,1520440546,579194576,'',"[1567, 1587, 1526, 1569, 0, 0, 0, 0]"
1520440546698229059,,303,,1520440546,683353544,'',"[1541, 1602, 1515, 1571, 0, 0, 0, 0]"
1520440546804788388,,304,,1520440546,780823056,'',"[1538, 1595, 1523, 1556, 0, 0, 0, 0]"
1520440546900666206,,305,,1520440546,881262256,'',"[1537, 1588, 1522, 1552, 0, 0, 0, 0]"
1520440546993520855,,306,,1520440546,983074144,'',"[1564, 1610, 1548, 1572, 0, 0, 0, 0]"
1520440547092232926,,307,,1520440547,82250744,'',"[1577, 1614, 1536, 1603, 0, 0, 0, 0]"
1520440547201280854,,308,,1520440547,187016240,'',"[1539, 1623, 1513, 1594, 0, 0, 0, 0]"
1520440547301347791,,309,,1520440547,281050224,'',"[1550, 1581, 1525, 1550, 0, 0, 0, 0]"
1520440547406066471,,310,,1520440547,381445192,'',"[1536, 1599, 1510, 1570, 0, 0, 0, 0]"
1520440547502210598,,311,,1520440547,481378192,'',"[1540, 1596, 1526, 1556, 0, 0, 0, 0]"
1520440547602851012,,312,,1520440547,585956944,'',"[1543, 1591, 1524, 1556, 0, 0, 0, 0]"
1520440547697083889,,313,,1520440547,680891944,'',"[1550, 1597, 1533, 1560, 0, 0, 0, 0]"
1520440547801642942,,314,,1520440547,785215360,'',"[1538, 1600, 1520, 1565, 0, 0, 0, 0]"
1520440547899558155,,315,,1520440547,890998440,'',"[1539, 1606, 1516, 1571, 0, 0, 0, 0]"
1520440548007752770,,316,,1520440547,995305896,'',"[1557, 1599, 1537, 1565, 0, 0, 0, 0]"
1520440548100819037,,317,,1520440548,95459280,'',"[1562, 1607, 1536, 1576, 0, 0, 0, 0]"
1520440548212388686,,318,,1520440548,199300056,'',"[1573, 1596, 1533, 1574, 0, 0, 0, 0]"
1520440548303635796,,319,,1520440548,299214056,'',"[1578, 1594, 1526, 1586, 0, 0, 0, 0]"
1520440548407129701,,320,,1520440548,397481624,'',"[1561, 1607, 1515, 1585, 0, 0, 0, 0]"
1520440548502045010,,321,,1520440548,493613336,'',"[1551, 1602, 1531, 1555, 0, 0, 0, 0]"
1520440548620331256,,322,,1520440548,593310752,'',"[1562, 1598, 1542, 1555, 0, 0, 0, 0]"
1520440548734715251,,323,,1520440548,700880912,'',"[1552, 1609, 1518, 1573, 0, 0, 0, 0]"
1520440548845970831,,324,,1520440548,805567320,'',"[1563, 1599, 1533, 1558, 0, 0, 0, 0]"
1520440548923617313,,325,,1520440548,905275784,'',"[1571, 1585, 1524, 1559, 0, 0, 0, 0]"
1520440549012616720,,326,,1520440549,10992488,'',"[1584, 1606, 1555, 1562, 0, 0, 0, 0]"
1520440549115256410,,327,,1520440549,98253712,'',"[1571, 1640, 1550, 1585, 0, 0, 0, 0]"
1520440549209234638,,328,,1520440549,198015208,'',"[1565, 1628, 1538, 1582, 0, 0, 0, 0]"
1520440549333121926,,329,,1520440549,303597488,'',"[1558, 1604, 1527, 1563, 0, 0, 0, 0]"
1520440549450665978,,330,,1520440549,406417576,'',"[1555, 1605, 1538, 1549, 0, 0, 0, 0]"
1520440549511815608,,331,,1520440549,506209576,'',"[1563, 1607, 1529, 1567, 0, 0, 0, 0]"
1520440549611823460,,332,,1520440549,603022176,'',"[1575, 1598, 1527, 1572, 0, 0, 0, 0]"
1520440549744472500,,333,,1520440549,697273344,'',"[1573, 1608, 1555, 1546, 0, 0, 0, 0]"
1520440549818789922,,334,,1520440549,816214920,'',"[1558, 1611, 1533, 1560, 0, 0, 0, 0]"
1520440549947584147,,335,,1520440549,899760916,'',"[1558, 1598, 1535, 1552, 0, 0, 0, 0]"
1520440550050308696,,336,,1520440550,3761640,'',"[1587, 1599, 1528, 1582, 0, 0, 0, 0]"
1520440550112118569,,337,,1520440550,104590192,'',"[1567, 1609, 1523, 1575, 0, 0, 0, 0]"
1520440550212631588,,338,,1520440550,200873312,'',"[1555, 1618, 1530, 1561, 0, 0, 0, 0]"
1520440550312179053,,339,,1520440550,301186184,'',"[1573, 1602, 1527, 1569, 0, 0, 0, 0]"
1520440550413945137,,340,,1520440550,410728295,'',"[1576, 1603, 1528, 1570, 0, 0, 0, 0]"
1520440550521740698,,341,,1520440550,505950088,'',"[1550, 1630, 1527, 1571, 0, 0, 0, 0]"
1520440550649587389,,342,,1520440550,602281056,'',"[1575, 1619, 1527, 1586, 0, 0, 0, 0]"
1520440550723190108,,343,,1520440550,704518256,'',"[1579, 1605, 1520, 1579, 0, 0, 0, 0]"
1520440550832512428,,344,,1520440550,804896880,'',"[1546, 1624, 1521, 1563, 0, 0, 0, 0]"
1520440550950334340,,345,,1520440550,900198272,'',"[1572, 1608, 1534, 1563, 0, 0, 0, 0]"
1520440551034693117,,346,,1520440551,11568691,'',"[1580, 1598, 1534, 1559, 0, 0, 0, 0]"
1520440551126601355,,347,,1520440551,106403368,'',"[1550, 1624, 1532, 1557, 0, 0, 0, 0]"
1520440551245975827,,348,,1520440551,214648992,'',"[1557, 1614, 1523, 1570, 0, 0, 0, 0]"
1520440551322712549,,349,,1520440551,311954592,'',"[1567, 1592, 1526, 1553, 0, 0, 0, 0]"
1520440551412529683,,350,,1520440551,409714000,'',"[1549, 1610, 1520, 1564, 0, 0, 0, 0]"
1520440551548417017,,351,,1520440551,505166928,'',"[1558, 1598, 1524, 1563, 0, 0, 0, 0]"
1520440551650292308,,352,,1520440551,610834808,'',"[1549, 1598, 1523, 1554, 0, 0, 0, 0]"
1520440551745314716,,353,,1520440551,710871440,'',"[1567, 1588, 1536, 1554, 0, 0, 0, 0]"
1520440551821878939,,354,,1520440551,807757984,'',"[1549, 1603, 1531, 1561, 0, 0, 0, 0]"
1520440551972238583,,355,,1520440551,911263344,'',"[1545, 1604, 1511, 1577, 0, 0, 0, 0]"
1520440552016267648,,356,,1520440552,10552760,'',"[1547, 1601, 1532, 1556, 0, 0, 0, 0]"
1520440552121962943,,357,,1520440552,112532976,'',"[1542, 1596, 1513, 1570, 0, 0, 0, 0]"
1520440552251662123,,358,,1520440552,214023608,'',"[1549, 1584, 1530, 1549, 0, 0, 0, 0]"
1520440552326465002,,359,,1520440552,311042216,'',"[1543, 1595, 1517, 1570, 0, 0, 0, 0]"
1520440552453197118,,360,,1520440552,406586816,'',"[1528, 1607, 1523, 1560, 0, 0, 0, 0]"
1520440552544087167,,361,,1520440552,505124912,'',"[1539, 1578, 1506, 1570, 0, 0, 0, 0]"
1520440552628746511,,362,,1520440552,607608248,'',"[1546, 1589, 1532, 1561, 0, 0, 0, 0]"
1520440552747867247,,363,,1520440552,714183224,'',"[1533, 1599, 1525, 1568, 0, 0, 0, 0]"
1520440552851266055,,364,,1520440552,819564392,'',"[1536, 1585, 1515, 1564, 0, 0, 0, 0]"
1520440552927390046,,365,,1520440552,908761563,'',"[1536, 1569, 1507, 1559, 0, 0, 0, 0]"
1520440553012443568,,366,,1520440553,1075456,'',"[1522, 1582, 1513, 1552, 0, 0, 0, 0]"
1520440553143941806,,367,,1520440553,111331869,'',"[1577, 1600, 1555, 1570, 0, 0, 0, 0]"
1520440553223628255,,368,,1520440553,215628869,'',"[1542, 1651, 1529, 1614, 0, 0, 0, 0]"
1520440553320184982,,369,,1520440553,306878130,'',"[1554, 1633, 1560, 1581, 0, 0, 0, 0]"
1520440553448780471,,370,,1520440553,414401544,'',"[1559, 1610, 1530, 1594, 0, 0, 0, 0]"
1520440553537046527,,371,,1520440553,500063661,'',"[1546, 1605, 1535, 1574, 0, 0, 0, 0]"
1520440553622699519,,372,,1520440553,603983200,'',"[1538, 1598, 1523, 1573, 0, 0, 0, 0]"
1520440553716969468,,373,,1520440553,713015656,'',"[1544, 1586, 1519, 1565, 0, 0, 0, 0]"
1520440553825023622,,374,,1520440553,806422600,'',"[1541, 1582, 1528, 1552, 0, 0, 0, 0]"
1520440553926015289,,375,,1520440553,905488240,'',"[1546, 1583, 1523, 1555, 0, 0, 0, 0]"
1520440554021744857,,376,,1520440554,14335792,'',"[1554, 1593, 1525, 1567, 0, 0, 0, 0]"
1520440554139083123,,377,,1520440554,115519064,'',"[1572, 1594, 1549, 1563, 0, 0, 0, 0]"
1520440554223096830,,378,,1520440554,217635592,'',"[1555, 1613, 1530, 1577, 0, 0, 0, 0]"
1520440554332305915,,379,,1520440554,315574544,'',"[1565, 1596, 1531, 1566, 0, 0, 0, 0]"
1520440554444212245,,380,,1520440554,418075832,'',"[1560, 1604, 1541, 1556, 0, 0, 0, 0]"
1520440554552314527,,381,,1520440554,529729087,'',"[1557, 1618, 1548, 1559, 0, 0, 0, 0]"
1520440554635430216,,382,,1520440554,632769008,'',"[1566, 1613, 1527, 1580, 0, 0, 0, 0]"
1520440554748670183,,383,,1520440554,725776780,'',"[1582, 1591, 1541, 1559, 0, 0, 0, 0]"
1520440554853080099,,384,,1520440554,826650480,'',"[1555, 1609, 1526, 1563, 0, 0, 0, 0]"
1520440554972098836,,385,,1520440554,932084256,'',"[1557, 1608, 1520, 1570, 0, 0, 0, 0]"
1520440555043449706,,386,,1520440555,25231808,'',"[1570, 1606, 1524, 1579, 0, 0, 0, 0]"
1520440555145419635,,387,,1520440555,126167520,'',"[1565, 1612, 1530, 1571, 0, 0, 0, 0]"
1520440555242662984,,388,,1520440555,231492056,'',"[1557, 1612, 1540, 1556, 0, 0, 0, 0]"
1520440555343693288,,389,,1520440555,326379104,'',"[1567, 1607, 1524, 1579, 0, 0, 0, 0]"
1520440555451841247,,390,,1520440555,429613288,'',"[1565, 1610, 1538, 1566, 0, 0, 0, 0]"
1520440555546085759,,391,,1520440555,535932944,'',"[1553, 1623, 1540, 1565, 0, 0, 0, 0]"
1520440555645703010,,392,,1520440555,637572928,'',"[1555, 1614, 1524, 1573, 0, 0, 0, 0]"
1520440555750519763,,393,,1520440555,742772152,'',"[1564, 1601, 1512, 1574, 0, 0, 0, 0]"
1520440555851880199,,394,,1520440555,838578824,'',"[1557, 1618, 1539, 1554, 0, 0, 0, 0]"
1520440555951879094,,395,,1520440555,937861680,'',"[1565, 1612, 1535, 1561, 0, 0, 0, 0]"
1520440556055115635,,396,,1520440556,37436968,'',"[1581, 1606, 1524, 1587, 0, 0, 0, 0]"
1520440556168706750,,397,,1520440556,137671584,'',"[1574, 1614, 1548, 1560, 0, 0, 0, 0]"
1520440556251437496,,398,,1520440556,239188312,'',"[1558, 1622, 1538, 1561, 0, 0, 0, 0]"
1520440556377667331,,399,,1520440556,340225960,'',"[1576, 1608, 1529, 1574, 0, 0, 0, 0]"
1520440556452389870,,400,,1520440556,452719777,'',"[1559, 1616, 1525, 1572, 0, 0, 0, 0]"
1520440556547663096,,401,,1520440556,550005720,'',"[1571, 1623, 1554, 1566, 0, 0, 0, 0]"
1520440556651628178,,402,,1520440556,633565997,'',"[1583, 1611, 1541, 1589, 0, 0, 0, 0]"
1520440556778829186,,403,,1520440556,748872382,'',"[1551, 1632, 1542, 1579, 0, 0, 0, 0]"
1520440556847842896,,404,,1520440556,848645928,'',"[1574, 1601, 1521, 1591, 0, 0, 0, 0]"
1520440556976337458,,405,,1520440556,953266288,'',"[1564, 1613, 1545, 1570, 0, 0, 0, 0]"
1520440557077171885,,406,,1520440557,55208840,'',"[1556, 1616, 1544, 1568, 0, 0, 0, 0]"
1520440557153951953,,407,,1520440557,157143544,'',"[1570, 1603, 1534, 1581, 0, 0, 0, 0]"
1520440557262456873,,408,,1520440557,256508800,'',"[1564, 1620, 1544, 1587, 0, 0, 0, 0]"
1520440557377032264,,409,,1520440557,355429552,'',"[1553, 1624, 1537, 1586, 0, 0, 0, 0]"
1520440557450594395,,410,,1520440557,453184120,'',"[1575, 1604, 1533, 1595, 0, 0, 0, 0]"
1520440557562852597,,411,,1520440557,548227696,'',"[1565, 1614, 1540, 1586, 0, 0, 0, 0]"
1520440557689178399,,412,,1520440557,662682719,'',"[1566, 1610, 1544, 1579, 0, 0, 0, 0]"
1520440557760680367,,413,,1520440557,750251106,'',"[1583, 1606, 1556, 1577, 0, 0, 0, 0]"
1520440557891636950,,414,,1520440557,857508680,'',"[1569, 1617, 1552, 1580, 0, 0, 0, 0]"
1520440557977654005,,415,,1520440557,941507231,'',"[1559, 1626, 1537, 1590, 0, 0, 0, 0]"
1520440558064671655,,416,,1520440558,57294616,'',"[1567, 1609, 1539, 1585, 0, 0, 0, 0]"
1520440558172621650,,417,,1520440558,150806471,'',"[1559, 1624, 1540, 1584, 0, 0, 0, 0]"
1520440558267853449,,418,,1520440558,246576432,'',"[1577, 1611, 1546, 1581, 0, 0, 0, 0]"
1520440558370170912,,419,,1520440558,350007792,'',"[1569, 1618, 1543, 1583, 0, 0, 0, 0]"
1520440558463358293,,420,,1520440558,457025807,'',"[1568, 1618, 1542, 1582, 0, 0, 0, 0]"
1520440558561840341,,421,,1520440558,546862296,'',"[1523, 1549, 1500, 1508, 0, 0, 0, 0]"
1520440558655092142,,422,,1520440558,648771400,'',"[1532, 1572, 1508, 1529, 0, 0, 0, 0]"
1520440558765873907,,423,,1520440558,747896904,'',"[1544, 1593, 1521, 1547, 0, 0, 0, 0]"
1520440558863065400,,424,,1520440558,847222288,'',"[1545, 1609, 1523, 1564, 0, 0, 0, 0]"
1520440558977502803,,425,,1520440558,943500136,'',"[1553, 1614, 1529, 1564, 0, 0, 0, 0]"
1520440559076546793,,426,,1520440559,58478171,'',"[1547, 1630, 1525, 1582, 0, 0, 0, 0]"
1520440559191172018,,427,,1520440559,157491048,'',"[1570, 1609, 1528, 1586, 0, 0, 0, 0]"
1520440559269554631,,428,,1520440559,260225056,'',"[1557, 1628, 1543, 1576, 0, 0, 0, 0]"
1520440559357264795,,429,,1520440559,355551376,'',"[1581, 1619, 1567, 1568, 0, 0, 0, 0]"
1520440559465251203,,430,,1520440559,452852960,'',"[1565, 1619, 1553, 1564, 0, 0, 0, 0]"
1520440559570735973,,431,,1520440559,545266784,'',"[1560, 1611, 1541, 1564, 0, 0, 0, 0]"
1520440559679290095,,432,,1520440559,648322576,'',"[1574, 1607, 1536, 1582, 0, 0, 0, 0]"
1520440559773956763,,433,,1520440559,756493048,'',"[1559, 1617, 1535, 1576, 0, 0, 0, 0]"
1520440559876918893,,434,,1520440559,857034056,'',"[1578, 1609, 1555, 1566, 0, 0, 0, 0]"
1520440559951514768,,435,,1520440559,958517248,'',"[1561, 1625, 1548, 1567, 0, 0, 0, 0]"
1520440560058371811,,436,,1520440560,49910184,'',"[1553, 1626, 1546, 1569, 0, 0, 0, 0]"
1520440560180991629,,437,,1520440560,151592592,'',"[1578, 1604, 1539, 1579, 0, 0, 0, 0]"
1520440560269796799,,438,,1520440560,246716888,'',"[1556, 1622, 1531, 1590, 0, 0, 0, 0]"
1520440560383067321,,439,,1520440560,347803888,'',"[1553, 1623, 1535, 1581, 0, 0, 0, 0]"
1520440560453579864,,440,,1520440560,451437784,'',"[1584, 1596, 1540, 1578, 0, 0, 0, 0]"
1520440560565868902,,441,,1520440560,545672904,'',"[1553, 1614, 1544, 1567, 0, 0, 0, 0]"
1520440560676475365,,442,,1520440560,646399256,'',"[1550, 1614, 1530, 1575, 0, 0, 0, 0]"
1520440560757678783,,443,,1520440560,751998360,'',"[1560, 1605, 1530, 1572, 0, 0, 0, 0]"
1520440560897815123,,444,,1520440560,851600656,'',"[1566, 1608, 1554, 1560, 0, 0, 0, 0]"
1520440560961743946,,445,,1520440560,941838680,'',"[1554, 1631, 1535, 1589, 0, 0, 0, 0]"
1520440561094938297,,446,,1520440561,47103328,'',"[1560, 1629, 1546, 1575, 0, 0, 0, 0]"
1520440561174473359,,447,,1520440561,149297728,'',"[1551, 1629, 1515, 1600, 0, 0, 0, 0]"
1520440561291744721,,448,,1520440561,254365192,'',"[1566, 1616, 1530, 1582, 0, 0, 0, 0]"
1520440561377252427,,449,,1520440561,345095332,'',"[1566, 1615, 1553, 1556, 0, 0, 0, 0]"
1520440561477474362,,450,,1520440561,461653212,'',"[1560, 1622, 1539, 1569, 0, 0, 0, 0]"
1520440561593798031,,451,,1520440561,564532072,'',"[1542, 1638, 1526, 1579, 0, 0, 0, 0]"
1520440561679481480,,452,,1520440561,640554375,'',"[1568, 1614, 1536, 1571, 0, 0, 0, 0]"
1520440561777726160,,453,,1520440561,765854305,'',"[1550, 1639, 1538, 1575, 0, 0, 0, 0]"
1520440561876229610,,454,,1520440561,859320072,'',"[1568, 1621, 1537, 1579, 0, 0, 0, 0]"
1520440561962613105,,455,,1520440561,960331584,'',"[1559, 1622, 1535, 1578, 0, 0, 0, 0]"
1520440562062624066,,456,,1520440562,53855669,'',"[1574, 1613, 1527, 1586, 0, 0, 0, 0]"
1520440562173027625,,457,,1520440562,149184112,'',"[1550, 1631, 1529, 1584, 0, 0, 0, 0]"
1520440562262309659,,458,,1520440562,255537408,'',"[1578, 1605, 1541, 1574, 0, 0, 0, 0]"
1520440562367661357,,459,,1520440562,360966232,'',"[1555, 1623, 1528, 1579, 0, 0, 0, 0]"
1520440562461690182,,460,,1520440562,438645690,'',"[1573, 1611, 1536, 1579, 0, 0, 0, 0]"
1520440562572722741,,461,,1520440562,560857636,'',"[1562, 1622, 1546, 1569, 0, 0, 0, 0]"
1520440562673374663,,462,,1520440562,658821000,'',"[1557, 1623, 1539, 1575, 0, 0, 0, 0]"
1520440562776834465,,463,,1520440562,763219592,'',"[1563, 1612, 1542, 1570, 0, 0, 0, 0]"
1520440562878081242,,464,,1520440562,861847056,'',"[1518, 1589, 1490, 1554, 0, 0, 0, 0]"
1520440563092681943,,465,,1520440563,62602464,'',"[1551, 1615, 1538, 1572, 0, 0, 0, 0]"
1520440563193767805,,466,,1520440563,150859781,'',"[1568, 1602, 1539, 1574, 0, 0, 0, 0]"
1520440563281459525,,467,,1520440563,249237280,'',"[1563, 1620, 1542, 1584, 0, 0, 0, 0]"
1520440563391197621,,468,,1520440563,362942672,'',"[1561, 1621, 1534, 1586, 0, 0, 0, 0]"
1520440563461561355,,469,,1520440563,451835771,'',"[1564, 1612, 1530, 1583, 0, 0, 0, 0]"
1520440563572278174,,470,,1520440563,556851896,'',"[1553, 1627, 1531, 1586, 0, 0, 0, 0]"
1520440563671713468,,471,,1520440563,652034528,'',"[1562, 1620, 1539, 1576, 0, 0, 0, 0]"
1520440563775507834,,472,,1520440563,754849808,'',"[1552, 1606, 1517, 1575, 0, 0, 0, 0]"
1520440563864570698,,473,,1520440563,858497960,'',"[1552, 1606, 1530, 1560, 0, 0, 0, 0]"
1520440563971619984,,474,,1520440563,957948840,'',"[1564, 1619, 1526, 1581, 0, 0, 0, 0]"
1520440564066360004,,475,,1520440564,63185760,'',"[1565, 1628, 1534, 1583, 0, 0, 0, 0]"
1520440564173385669,,476,,1520440564,158519032,'',"[1571, 1633, 1536, 1588, 0, 0, 0, 0]"
1520440564276606426,,477,,1520440564,261616112,'',"[1581, 1613, 1529, 1582, 0, 0, 0, 0]"
1520440564371690260,,478,,1520440564,359828632,'',"[1561, 1627, 1537, 1566, 0, 0, 0, 0]"
1520440564477181687,,479,,1520440564,459846976,'',"[1579, 1597, 1528, 1565, 0, 0, 0, 0]"
1520440564588608166,,480,,1520440564,564140776,'',"[1559, 1603, 1521, 1562, 0, 0, 0, 0]"
1520440564683928202,,481,,1520440564,658612048,'',"[1553, 1618, 1524, 1566, 0, 0, 0, 0]"
1520440564816834759,,482,,1520440564,766217464,'',"[1569, 1614, 1531, 1575, 0, 0, 0, 0]"
1520440564897959164,,483,,1520440564,855302578,'',"[1553, 1627, 1521, 1579, 0, 0, 0, 0]"
1520440564972191155,,484,,1520440564,953329424,'',"[1570, 1606, 1527, 1571, 0, 0, 0, 0]"
1520440565071919616,,485,,1520440565,64070680,'',"[1563, 1603, 1523, 1560, 0, 0, 0, 0]"
1520440565193973147,,486,,1520440565,158224776,'',"[1553, 1611, 1526, 1555, 0, 0, 0, 0]"
1520440565277591962,,487,,1520440565,257728784,'',"[1540, 1627, 1529, 1553, 0, 0, 0, 0]"
1520440565371790256,,488,,1520440565,369584223,'',"[1566, 1608, 1515, 1576, 0, 0, 0, 0]"
1520440565472001569,,489,,1520440565,465432576,'',"[1564, 1617, 1530, 1569, 0, 0, 0, 0]"
1520440565572610626,,490,,1520440565,561805608,'',"[1550, 1626, 1518, 1580, 0, 0, 0, 0]"
1520440565676323036,,491,,1520440565,663742696,'',"[1569, 1604, 1518, 1573, 0, 0, 0, 0]"
1520440565772771457,,492,,1520440565,761412952,'',"[1551, 1620, 1539, 1560, 0, 0, 0, 0]"
1520440565872169389,,493,,1520440565,860994184,'',"[1573, 1616, 1511, 1604, 0, 0, 0, 0]"
1520440565978261502,,494,,1520440565,962012880,'',"[1581, 1623, 1534, 1588, 0, 0, 0, 0]"
1520440566074977406,,495,,1520440566,66344280,'',"[1577, 1624, 1541, 1572, 0, 0, 0, 0]"
1520440566190808339,,496,,1520440566,166426592,'',"[1554, 1629, 1533, 1558, 0, 0, 0, 0]"
1520440566271233687,,497,,1520440566,268956296,'',"[1564, 1619, 1525, 1565, 0, 0, 0, 0]"
1520440566374223275,,498,,1520440566,363885912,'',"[1560, 1611, 1528, 1556, 0, 0, 0, 0]"
1520440566477514931,,499,,1520440566,463307320,'',"[1545, 1626, 1520, 1564, 0, 0, 0, 0]"
1520440566577642582,,500,,1520440566,573963658,'',"[1574, 1599, 1531, 1557, 0, 0, 0, 0]"
1520440566676097434,,501,,1520440566,673862232,'',"[1551, 1615, 1509, 1567, 0, 0, 0, 0]"
1520440566771873417,,502,,1520440566,774307944,'',"[1575, 1609, 1531, 1562, 0, 0, 0, 0]"
1520440566873136221,,503,,1520440566,868936128,'',"[1563, 1621, 1525, 1560, 0, 0, 0, 0]"
1520440566976509219,,504,,1520440566,967541392,'',"[1555, 1620, 1514, 1561, 0, 0, 0, 0]"
1520440567073115829,,505,,1520440567,65398688,'',"[1571, 1610, 1527, 1557, 0, 0, 0, 0]"
1520440567172188917,,506,,1520440567,163741496,'',"[1545, 1614, 1490, 1574, 0, 0, 0, 0]"
1520440567280076000,,507,,1520440567,264098640,'',"[1584, 1608, 1549, 1544, 0, 0, 0, 0]"
1520440567395267945,,508,,1520440567,365630440,'',"[1553, 1635, 1511, 1570, 0, 0, 0, 0]"
1520440567493649511,,509,,1520440567,467422992,'',"[1587, 1625, 1535, 1576, 0, 0, 0, 0]"
1520440567577293795,,510,,1520440567,566472472,'',"[1579, 1638, 1535, 1573, 0, 0, 0, 0]"
1520440567682264165,,511,,1520440567,670465552,'',"[1580, 1627, 1517, 1583, 0, 0, 0, 0]"
1520440567776816965,,512,,1520440567,770303440,'',"[1584, 1625, 1530, 1570, 0, 0, 0, 0]"
1520440567894041191,,513,,1520440567,868814048,'',"[1564, 1638, 1523, 1562, 0, 0, 0, 0]"
1520440567992055512,,514,,1520440567,975686568,'',"[1572, 1623, 1518, 1563, 0, 0, 0, 0]"
1520440568077515319,,515,,1520440568,71650984,'',"[1590, 1617, 1530, 1564, 0, 0, 0, 0]"
1520440568171451971,,516,,1520440568,172036208,'',"[1566, 1632, 1520, 1561, 0, 0, 0, 0]"
1520440568294819901,,517,,1520440568,271486816,'',"[1574, 1621, 1532, 1555, 0, 0, 0, 0]"
1520440568411234896,,518,,1520440568,380851568,'',"[1570, 1634, 1532, 1566, 0, 0, 0, 0]"
1520440568485489125,,519,,1520440568,452160583,'',"[1574, 1617, 1525, 1563, 0, 0, 0, 0]"
1520440568588787390,,520,,1520440568,566239206,'',"[1567, 1620, 1513, 1576, 0, 0, 0, 0]"
1520440568673934028,,521,,1520440568,666301296,'',"[1566, 1614, 1528, 1556, 0, 0, 0, 0]"
1520440568777474099,,522,,1520440568,761176152,'',"[1563, 1627, 1520, 1575, 0, 0, 0, 0]"
1520440568872556168,,523,,1520440568,864167760,'',"[1572, 1611, 1519, 1566, 0, 0, 0, 0]"
1520440568979304678,,524,,1520440568,968483944,'',"[1573, 1619, 1538, 1549, 0, 0, 0, 0]"
1520440569077820232,,525,,1520440569,68184664,'',"[1562, 1628, 1519, 1565, 0, 0, 0, 0]"
1520440569198620981,,526,,1520440569,170665352,'',"[1569, 1622, 1522, 1558, 0, 0, 0, 0]"
1520440569276820872,,527,,1520440569,274285208,'',"[1569, 1627, 1524, 1554, 0, 0, 0, 0]"
1520440569400142869,,528,,1520440569,378015568,'',"[1581, 1614, 1520, 1559, 0, 0, 0, 0]"
1520440569492163655,,529,,1520440569,476430200,'',"[1559, 1635, 1518, 1558, 0, 0, 0, 0]"
1520440569582360712,,530,,1520440569,557849468,'',"[1581, 1603, 1521, 1543, 0, 0, 0, 0]"
1520440569693587776,,531,,1520440569,669862695,'',"[1550, 1620, 1499, 1551, 0, 0, 0, 0]"
1520440569806588814,,532,,1520440569,756895468,'',"[1559, 1628, 1521, 1545, 0, 0, 0, 0]"
1520440569877037329,,533,,1520440569,872372395,'',"[1581, 1608, 1517, 1563, 0, 0, 0, 0]"
1520440570003447047,,534,,1520440569,974314664,'',"[1574, 1623, 1523, 1564, 0, 0, 0, 0]"
1520440570077338357,,535,,1520440570,70215576,'',"[1586, 1611, 1520, 1571, 0, 0, 0, 0]"
1520440570191815725,,536,,1520440570,171475168,'',"[1567, 1632, 1521, 1572, 0, 0, 0, 0]"
1520440570293447654,,537,,1520440570,257360398,'',"[1563, 1629, 1516, 1572, 0, 0, 0, 0]"
1520440570396840919,,538,,1520440570,360743880,'',"[1576, 1615, 1531, 1559, 0, 0, 0, 0]"
1520440570473281417,,539,,1520440570,476837399,'',"[1570, 1617, 1526, 1562, 0, 0, 0, 0]"
1520440570578097769,,540,,1520440570,563029952,'',"[1565, 1631, 1531, 1568, 0, 0, 0, 0]"
1520440570704975431,,541,,1520440570,671153032,'',"[1561, 1630, 1537, 1557, 0, 0, 0, 0]"
1520440570772299462,,542,,1520440570,755277533,'',"[1573, 1612, 1536, 1547, 0, 0, 0, 0]"
1520440570876853199,,543,,1520440570,866550643,'',"[1584, 1605, 1537, 1559, 0, 0, 0, 0]"
1520440570973546785,,544,,1520440570,966324072,'',"[1570, 1616, 1535, 1555, 0, 0, 0, 0]"
1520440571081508873,,545,,1520440571,63598096,'',"[1576, 1605, 1521, 1571, 0, 0, 0, 0]"
1520440571185053424,,546,,1520440571,167381952,'',"[1560, 1608, 1521, 1561, 0, 0, 0, 0]"
1520440571272806868,,547,,1520440571,267303808,'',"[1555, 1611, 1530, 1555, 0, 0, 0, 0]"
1520440571378108223,,548,,1520440571,365922584,'',"[1561, 1607, 1500, 1591, 0, 0, 0, 0]"
1520440571477812143,,549,,1520440571,466185128,'',"[1580, 1605, 1531, 1592, 0, 0, 0, 0]"
1520440571592679334,,550,,1520440571,569783000,'',"[1571, 1625, 1544, 1590, 0, 0, 0, 0]"
1520440571673668730,,551,,1520440571,668636992,'',"[1558, 1625, 1544, 1580, 0, 0, 0, 0]"
1520440571776280864,,552,,1520440571,767520808,'',"[1575, 1592, 1537, 1577, 0, 0, 0, 0]"
1520440571872141456,,553,,1520440571,862866232,'',"[1546, 1612, 1539, 1565, 0, 0, 0, 0]"
1520440571982929934,,554,,1520440571,968542592,'',"[1541, 1608, 1529, 1571, 0, 0, 0, 0]"
1520440572101153190,,555,,1520440572,67347824,'',"[1549, 1598, 1520, 1580, 0, 0, 0, 0]"
1520440572205792358,,556,,1520440572,167858848,'',"[1549, 1608, 1515, 1591, 0, 0, 0, 0]"
1520440572284368822,,557,,1520440572,270476544,'',"[1566, 1616, 1543, 1576, 0, 0, 0, 0]"
1520440572372186375,,558,,1520440572,363216560,'',"[1552, 1621, 1533, 1572, 0, 0, 0, 0]"
1520440572482546088,,559,,1520440572,463854264,'',"[1568, 1611, 1543, 1559, 0, 0, 0, 0]"
1520440572575934921,,560,,1520440572,566790248,'',"[1577, 1596, 1518, 1573, 0, 0, 0, 0]"
1520440572693726493,,561,,1520440572,669467712,'',"[1559, 1623, 1530, 1560, 0, 0, 0, 0]"
1520440572787512611,,562,,1520440572,770842264,'',"[1573, 1608, 1531, 1558, 0, 0, 0, 0]"
1520440572911061304,,563,,1520440572,872358592,'',"[1581, 1595, 1507, 1578, 0, 0, 0, 0]"
1520440572975210005,,564,,1520440572,976764152,'',"[1568, 1605, 1517, 1558, 0, 0, 0, 0]"
1520440573077561256,,565,,1520440573,75485440,'',"[1560, 1617, 1517, 1560, 0, 0, 0, 0]"
1520440573178141422,,566,,1520440573,166749640,'',"[1573, 1606, 1519, 1565, 0, 0, 0, 0]"
1520440573276303121,,567,,1520440573,264387392,'',"[1567, 1611, 1502, 1578, 0, 0, 0, 0]"
1520440573394135061,,568,,1520440573,365308424,'',"[1554, 1621, 1511, 1560, 0, 0, 0, 0]"
1520440573480702368,,569,,1520440573,461226920,'',"[1570, 1599, 1496, 1570, 0, 0, 0, 0]"
1520440573581162571,,570,,1520440573,560696064,'',"[1585, 1602, 1524, 1552, 0, 0, 0, 0]"
1520440573672682972,,571,,1520440573,662696056,'',"[1570, 1627, 1510, 1574, 0, 0, 0, 0]"
1520440573771672903,,572,,1520440573,761874992,'',"[1586, 1629, 1536, 1561, 0, 0, 0, 0]"
1520440573875111648,,573,,1520440573,865561592,'',"[1583, 1626, 1526, 1561, 0, 0, 0, 0]"
1520440573974844790,,574,,1520440573,965713040,'',"[1588, 1629, 1531, 1561, 0, 0, 0, 0]"
1520440574075873517,,575,,1520440574,71812256,'',"[1583, 1614, 1523, 1550, 0, 0, 0, 0]"
1520440574174673638,,576,,1520440574,167742872,'',"[1573, 1626, 1498, 1570, 0, 0, 0, 0]"
1520440574276869604,,577,,1520440574,271199496,'',"[1576, 1624, 1510, 1554, 0, 0, 0, 0]"
1520440574377195396,,578,,1520440574,377676752,'',"[1583, 1613, 1495, 1568, 0, 0, 0, 0]"
1520440574478237675,,579,,1520440574,471385768,'',"[1574, 1623, 1509, 1549, 0, 0, 0, 0]"
1520440574573440006,,580,,1520440574,564053400,'',"[1584, 1627, 1528, 1540, 0, 0, 0, 0]"
1520440574721278719,,581,,1520440574,670832880,'',"[1569, 1638, 1527, 1531, 0, 0, 0, 0]"
1520440574775500178,,582,,1520440574,782218262,'',"[1574, 1626, 1505, 1547, 0, 0, 0, 0]"
1520440574877085505,,583,,1520440574,876616504,'',"[1579, 1623, 1506, 1548, 0, 0, 0, 0]"
1520440574972928270,,584,,1520440574,976094200,'',"[1580, 1632, 1507, 1551, 0, 0, 0, 0]"
1520440575077359559,,585,,1520440575,81986256,'',"[1571, 1628, 1509, 1538, 0, 0, 0, 0]"
1520440575194769837,,586,,1520440575,180117944,'',"[1587, 1622, 1495, 1563, 0, 0, 0, 0]"
1520440575277080252,,587,,1520440575,278003736,'',"[1578, 1644, 1508, 1559, 0, 0, 0, 0]"
1520440575387452980,,588,,1520440575,377154808,'',"[1586, 1635, 1494, 1573, 0, 0, 0, 0]"
1520440575483316852,,589,,1520440575,472795864,'',"[1593, 1642, 1497, 1586, 0, 0, 0, 0]"
1520440575582876602,,590,,1520440575,569994488,'',"[1592, 1625, 1504, 1565, 0, 0, 0, 0]"
1520440575681444692,,591,,1520440575,673521752,'',"[1581, 1627, 1507, 1550, 0, 0, 0, 0]"
1520440575804238977,,592,,1520440575,771878696,'',"[1581, 1629, 1531, 1530, 0, 0, 0, 0]"
1520440575876603173,,593,,1520440575,876949840,'',"[1587, 1627, 1504, 1562, 0, 0, 0, 0]"
1520440575993234527,,594,,1520440575,978794328,'',"[1564, 1647, 1511, 1553, 0, 0, 0, 0]"
1520440576082367539,,595,,1520440576,77374296,'',"[1586, 1626, 1519, 1552, 0, 0, 0, 0]"
1520440576192369102,,596,,1520440576,172081232,'',"[1585, 1632, 1506, 1573, 0, 0, 0, 0]"
1520440576293612626,,597,,1520440576,274161336,'',"[1577, 1640, 1509, 1570, 0, 0, 0, 0]"
1520440576397431586,,598,,1520440576,374082840,'',"[1568, 1645, 1509, 1567, 0, 0, 0, 0]"
1520440576510664943,,599,,1520440576,480336496,'',"[1574, 1638, 1514, 1558, 0, 0, 0, 0]"
1520440576592302343,,600,,1520440576,582133512,'',"[1567, 1642, 1524, 1548, 0, 0, 0, 0]"
1520440576692467359,,601,,1520440576,680674200,'',"[1572, 1633, 1524, 1545, 0, 0, 0, 0]"
1520440576792101841,,602,,1520440576,776242608,'',"[1560, 1634, 1517, 1540, 0, 0, 0, 0]"
1520440576893010615,,603,,1520440576,874953832,'',"[1576, 1626, 1502, 1564, 0, 0, 0, 0]"
1520440577000991247,,604,,1520440576,974630184,'',"[1568, 1644, 1511, 1569, 0, 0, 0, 0]"
1520440577107207583,,605,,1520440577,77445144,'',"[1557, 1648, 1508, 1566, 0, 0, 0, 0]"
1520440577202275698,,606,,1520440577,180241288,'',"[1566, 1648, 1530, 1553, 0, 0, 0, 0]"
1520440577282942936,,607,,1520440577,280619856,'',"[1588, 1628, 1524, 1560, 0, 0, 0, 0]"
1520440577381596848,,608,,1520440577,378402728,'',"[1576, 1633, 1494, 1580, 0, 0, 0, 0]"
1520440577493096560,,609,,1520440577,477905984,'',"[1568, 1642, 1503, 1569, 0, 0, 0, 0]"
1520440577606505393,,610,,1520440577,577099216,'',"[1565, 1638, 1518, 1553, 0, 0, 0, 0]"
1520440577709341927,,611,,1520440577,688396536,'',"[1573, 1629, 1518, 1557, 0, 0, 0, 0]"
1520440577801409522,,612,,1520440577,787316400,'',"[1551, 1634, 1503, 1568, 0, 0, 0, 0]"
1520440577901288648,,613,,1520440577,887334400,'',"[1556, 1626, 1516, 1551, 0, 0, 0, 0]"
1520440577993726148,,614,,1520440577,985740432,'',"[1563, 1619, 1523, 1555, 0, 0, 0, 0]"
1520440578086051107,,615,,1520440578,80813160,'',"[1551, 1628, 1521, 1560, 0, 0, 0, 0]"
1520440578198639934,,616,,1520440578,178999192,'',"[1571, 1613, 1525, 1567, 0, 0, 0, 0]"
1520440578311054521,,617,,1520440578,287116816,'',"[1549, 1630, 1521, 1564, 0, 0, 0, 0]"
1520440578392518951,,618,,1520440578,387037816,'',"[1568, 1610, 1523, 1564, 0, 0, 0, 0]"
1520440578493445118,,619,,1520440578,483104024,'',"[1555, 1626, 1531, 1560, 0, 0, 0, 0]"
1520440578593141096,,620,,1520440578,584600736,'',"[1567, 1614, 1524, 1568, 0, 0, 0, 0]"
1520440578691660683,,621,,1520440578,683331776,'',"[1542, 1639, 1522, 1570, 0, 0, 0, 0]"
1520440578799908837,,622,,1520440578,784354368,'',"[1558, 1614, 1519, 1564, 0, 0, 0, 0]"
1520440578892717500,,623,,1520440578,885069480,'',"[1548, 1626, 1517, 1569, 0, 0, 0, 0]"
1520440578991879161,,624,,1520440578,981212480,'',"[1505, 1591, 1488, 1511, 0, 0, 0, 0]"
1520440579094051938,,625,,1520440579,85315696,'',"[1518, 1570, 1488, 1511, 0, 0, 0, 0]"
1520440579193595943,,626,,1520440579,179605136,'',"[1535, 1583, 1495, 1536, 0, 0, 0, 0]"
1520440579293224250,,627,,1520440579,286724720,'',"[1541, 1622, 1522, 1560, 0, 0, 0, 0]"
1520440579392907375,,628,,1520440579,382833352,'',"[1574, 1624, 1539, 1584, 0, 0, 0, 0]"
1520440579492544426,,629,,1520440579,478013488,'',"[1560, 1623, 1538, 1578, 0, 0, 0, 0]"
1520440579592178248,,630,,1520440579,582119208,'',"[1543, 1626, 1521, 1586, 0, 0, 0, 0]"
1520440579692168630,,631,,1520440579,681995632,'',"[1500, 1578, 1474, 1527, 0, 0, 0, 0]"
1520440579792653236,,632,,1520440579,784494232,'',"[1508, 1571, 1495, 1522, 0, 0, 0, 0]"
1520440579892360621,,633,,1520440579,879655232,'',"[1501, 1595, 1502, 1552, 0, 0, 0, 0]"
1520440580030831088,,634,,1520440580,1604637,'',"[1510, 1588, 1503, 1561, 0, 0, 0, 0]"
1520440580102826410,,635,,1520440580,88134014,'',"[1498, 1593, 1553, 1465, 0, 0, 0, 0]"
1520440580223418273,,636,,1520440580,197109840,'',"[1466, 1553, 1448, 1541, 0, 0, 0, 0]"
1520440580293373359,,637,,1520440580,293199840,'',"[1468, 1526, 1475, 1536, 0, 0, 0, 0]"
1520440580393113024,,638,,1520440580,382852464,'',"[1498, 1483, 1467, 1563, 0, 0, 0, 0]"
1520440580491039768,,639,,1520440580,484654304,'',"[1439, 1513, 1506, 1522, 0, 0, 0, 0]"
1520440580591727744,,640,,1520440580,580538304,'',"[1445, 1471, 1506, 1547, 0, 0, 0, 0]"
1520440580720159592,,641,,1520440580,701333734,'',"[1422, 1484, 1517, 1536, 0, 0, 0, 0]"
1520440580793114581,,642,,1520440580,781803541,'',"[1429, 1468, 1503, 1560, 0, 0, 0, 0]"
1520440580892224025,,643,,1520440580,884979912,'',"[1419, 1476, 1505, 1549, 0, 0, 0, 0]"
1520440580993926416,,644,,1520440580,980906624,'',"[1425, 1461, 1497, 1556, 0, 0, 0, 0]"
1520440581091993091,,645,,1520440581,81470816,'',"[1435, 1457, 1518, 1534, 0, 0, 0, 0]"
1520440581219515214,,646,,1520440581,198215378,'',"[1429, 1453, 1501, 1550, 0, 0, 0, 0]"
1520440581302574857,,647,,1520440581,292570752,'',"[1423, 1457, 1501, 1556, 0, 0, 0, 0]"
1520440581401909144,,648,,1520440581,386897528,'',"[1419, 1442, 1510, 1539, 0, 0, 0, 0]"
1520440581520543617,,649,,1520440581,491787384,'',"[1417, 1439, 1512, 1537, 0, 0, 0, 0]"
1520440581627858821,,650,,1520440581,579525487,'',"[1405, 1437, 1494, 1554, 0, 0, 0, 0]"
1520440581720327822,,651,,1520440581,698684091,'',"[1404, 1441, 1506, 1548, 0, 0, 0, 0]"
1520440581792470801,,652,,1520440581,781385629,'',"[1414, 1431, 1514, 1551, 0, 0, 0, 0]"
1520440581892128995,,653,,1520440581,881399312,'',"[1409, 1435, 1512, 1557, 0, 0, 0, 0]"
1520440581992678107,,654,,1520440581,986342976,'',"[1404, 1430, 1514, 1555, 0, 0, 0, 0]"
1520440582092150142,,655,,1520440582,83732624,'',"[1469, 1467, 1471, 1516, 0, 0, 0, 0]"
1520440582220126610,,656,,1520440582,201948027,'',"[1474, 1480, 1483, 1543, 0, 0, 0, 0]"
1520440582293090188,,657,,1520440582,280829492,'',"[1457, 1488, 1479, 1558, 0, 0, 0, 0]"
1520440582395605016,,658,,1520440582,385453312,'',"[1223, 1254, 1270, 1275, 0, 0, 0, 0]"
1520440582495990243,,659,,1520440582,485508688,'',"[1231, 1247, 1267, 1277, 0, 0, 0, 0]"
1520440582624884300,,660,,1520440582,601496295,'',"[1226, 1246, 1263, 1287, 0, 0, 0, 0]"
1520440582721224529,,661,,1520440582,700072560,'',"[1224, 1249, 1260, 1289, 0, 0, 0, 0]"
1520440582819621893,,662,,1520440582,798959440,'',"[1222, 1251, 1256, 1293, 0, 0, 0, 0]"
1520440582894764706,,663,,1520440582,883358991,'',"[1222, 1252, 1255, 1293, 0, 0, 0, 0]"
1520440583020092094,,664,,1520440582,998825051,'',"[1222, 1252, 1255, 1294, 0, 0, 0, 0]"
1520440583120691371,,665,,1520440583,95543504,'',"[1223, 1250, 1256, 1293, 0, 0, 0, 0]"
1520440583194975873,,666,,1520440583,187349717,'',"[1225, 1249, 1258, 1290, 0, 0, 0, 0]"
1520440583293625563,,667,,1520440583,284949717,'',"[1222, 1251, 1255, 1295, 0, 0, 0, 0]"
1520440583392804873,,668,,1520440583,380619280,'',"[1226, 1246, 1258, 1292, 0, 0, 0, 0]"
1520440583511806310,,669,,1520440583,492508447,'',"[1221, 1252, 1258, 1291, 0, 0, 0, 0]"
1520440583594197910,,670,,1520440583,589711712,'',"[1223, 1249, 1260, 1289, 0, 0, 0, 0]"
1520440583720696466,,671,,1520440583,696883754,'',"[1225, 1248, 1260, 1289, 0, 0, 0, 0]"
1520440583829111448,,672,,1520440583,801638496,'',"[1225, 1248, 1258, 1291, 0, 0, 0, 0]"
1520440583918413656,,673,,1520440583,896261128,'',"[1224, 1249, 1259, 1289, 0, 0, 0, 0]"
1520440583989844423,,674,,1520440583,979287977,'',"[1222, 1252, 1259, 1290, 0, 0, 0, 0]"
1520440584112519754,,675,,1520440584,100347941,'',"[1225, 1248, 1258, 1290, 0, 0, 0, 0]"
1520440584219435237,,676,,1520440584,202697216,'',"[1223, 1249, 1258, 1292, 0, 0, 0, 0]"
1520440584303413764,,677,,1520440584,295284464,'',"[1225, 1248, 1258, 1291, 0, 0, 0, 0]"
1520440584420355305,,678,,1520440584,395780104,'',"[1225, 1248, 1261, 1287, 0, 0, 0, 0]"
1520440584519971429,,679,,1520440584,495605608,'',"[1222, 1250, 1258, 1291, 0, 0, 0, 0]"
1520440584592331841,,680,,1520440584,584549095,'',"[1225, 1247, 1259, 1291, 0, 0, 0, 0]"
1520440584721185790,,681,,1520440584,698043555,'',"[1224, 1249, 1257, 1292, 0, 0, 0, 0]"
1520440584834574010,,682,,1520440584,783245614,'',"[1225, 1248, 1260, 1289, 0, 0, 0, 0]"
1520440584912731616,,683,,1520440584,895079420,'',"[1200, 1200, 1200, 1200, 0, 0, 0, 0]"
1520440585014916101,,684,,1520440584,995076420,'',"[1200, 1200, 1200, 1200, 0, 0, 0, 0]"
1520440585092433656,,685,,1520440585,86632217,'',"[1200, 1200, 1200, 1200, 0, 0, 0, 0]"
1520440585222433945,,686,,1520440585,197298376,'',"[1200, 1200, 1200, 1200, 0, 0, 0, 0]"
1520440585323530131,,687,,1520440585,298065408,'',"[1200, 1200, 1200, 1200, 0, 0, 0, 0]"
1520440585391918623,,688,,1520440585,381588534,'',"[1200, 1200, 1200, 1200, 0, 0, 0, 0]"
1520440585492573210,,689,,1520440585,481991048,'',"[1200, 1200, 1200, 1200, 0, 0, 0, 0]"
1520440585595520191,,690,,1520440585,583534984,'',"[1200, 1200, 1200, 1200, 0, 0, 0, 0]"
1520440585723778168,,691,,1520440585,701922996,'',"[1200, 1200, 1200, 1200, 0, 0, 0, 0]"
1520440585828488047,,692,,1520440585,803391528,'',"[1200, 1200, 1200, 1200, 0, 0, 0, 0]"
1520440585895244644,,693,,1520440585,883610290,'',"[1200, 1200, 1200, 1200, 0, 0, 0, 0]"
1520440585993080775,,694,,1520440585,984690472,'',"[1200, 1200, 1200, 1200, 0, 0, 0, 0]"
1520440586092303572,,695,,1520440586,82368976,'',"[1200, 1200, 1200, 1200, 0, 0, 0, 0]"
1520440586192479955,,696,,1520440586,181671512,'',"[1200, 1200, 1200, 1200, 0, 0, 0, 0]"
1520440586293030760,,697,,1520440586,283326728,'',"[1190, 1190, 1190, 1190, 0, 0, 0, 0]"
1520440586392465942,,698,,1520440586,378397080,'',"[1190, 1190, 1190, 1190, 0, 0, 0, 0]"
1520440586527344428,,699,,1520440586,503732929,'',"[1190, 1190, 1190, 1190, 0, 0, 0, 0]"
1520440586618348099,,700,,1520440586,600375200,'',"[1190, 1190, 1190, 1190, 0, 0, 0, 0]"
1520440586720938762,,701,,1520440586,696227376,'',"[1190, 1190, 1190, 1190, 0, 0, 0, 0]"
1520440586829449423,,702,,1520440586,800232376,'',"[1190, 1190, 1190, 1190, 0, 0, 0, 0]"
1520440586887453123,,703,,1520440586,880997354,'',"[1190, 1190, 1190, 1190, 0, 0, 0, 0]"
1520440587016817970,,704,,1520440586,999950971,'',"[1190, 1190, 1190, 1190, 0, 0, 0, 0]"
1520440587093037328,,705,,1520440587,78854212,'',"[1190, 1190, 1190, 1190, 0, 0, 0, 0]"
1520440587192581222,,706,,1520440587,184196128,'',"[1190, 1190, 1190, 1190, 0, 0, 0, 0]"
1520440587309972396,,707,,1520440587,284190128,'',"[1190, 1190, 1190, 1190, 0, 0, 0, 0]"
1520440587419576395,,708,,1520440587,381455008,'',"[1190, 1190, 1190, 1190, 0, 0, 0, 0]"
